anomaly,country,series,make,model_gen,generation,prev_year,year,prev_stock,stock,change
cohort_rise,GB,VEH0124,LANCIA,THEMA 8.32,Y9,2020,2021,2,5,1.5
cohort_rise,GB,VEH0124,PEUGEOT,306 S16,MK1,2023,2024,6,10,0.6666666666666667
cohort_rise,GB,VEH0124,PORSCHE,CARRERA GT,980,2024,2025,19,31,0.631578947368421
cohort_rise,GB,VEH0124,PEUGEOT,309 GTI,MK1,2022,2023,52,82,0.5769230769230769
cohort_rise,GB,VEH0124,NISSAN,SUNNY GTI-R,N14,2024,2025,11,16,0.4545454545454546
cohort_rise,GB,VEH0124,LANCIA,THEMA 8.32,Y9,2018,2019,3,4,0.33333333333333326
cohort_rise,GB,VEH0124,OPEL,LOTUS CARLTON,A,2024,2025,39,51,0.3076923076923077
cohort_rise,GB,VEH0124,ABARTH,500,312,2016,2017,11220,14338,0.2778966131907308
cohort_rise,GB,VEH0124,MASERATI,GHIBLI,II,2020,2021,18,23,0.2777777777777777
cohort_rise,GB,VEH0124,NISSAN,SKYLINE GT-R,R34,2014,2015,77,97,0.2597402597402598
cohort_rise,GB,VEH0124,LANCIA,THEMA 8.32,Y9,2015,2016,4,5,0.25
cohort_rise,GB,VEH0124,NISSAN,SUNNY GTI-R,N14,2020,2021,17,21,0.23529411764705888
cohort_rise,GB,VEH0124,MERCEDES-BENZ,SLR MCLAREN,C199,2018,2019,17,21,0.23529411764705888
cohort_rise,GB,VEH0124,ABARTH,500,312,2017,2018,14338,17694,0.23406332821871945
cohort_rise,GB,VEH0124,LANCIA,THEMA 8.32,Y9,2023,2024,5,6,0.19999999999999996
cohort_rise,GB,VEH0124,MITSUBISHI,ECLIPSE,1G_2G,2017,2018,20,24,0.19999999999999996
cohort_rise,GB,VEH0124,FERRARI,CALIFORNIA,F149,2015,2016,1130,1350,0.19469026548672574
cohort_rise,GB,VEH0124,NISSAN,SKYLINE GT-R,R32,2014,2015,212,251,0.1839622641509433
cohort_rise,GB,VEH0124,HONDA,CIVIC TYPE R,EK9,2024,2025,30,35,0.16666666666666674
cohort_rise,GB,VEH0124,TOYOTA,GT86,ZN6,2022,2023,6760,7873,0.16464497041420123
cohort_rise,GB,VEH0124,NISSAN,SUNNY GTI-R,N14,2016,2017,19,22,0.1578947368421053
cohort_rise,GB,VEH0124,RENAULT,SPIDER,SPIDER,2016,2017,21,24,0.1428571428571428
cohort_rise,GB,VEH0124,PEUGEOT,306 S16,MK1,2019,2020,7,8,0.1428571428571428
cohort_rise,GB,VEH0124,MERCEDES-BENZ,C43 AMG,W202,2024,2025,127,145,0.1417322834645669
cohort_rise,GB,VEH0124,TOYOTA,CELICA GT-FOUR,ST185_ST205,2020,2021,29,33,0.13793103448275867
cohort_rise,GB,VEH0124,OPEL,LOTUS CARLTON,A,2020,2021,44,50,0.13636363636363646
cohort_rise,GB,VEH0124,PEUGEOT,306 S16,MK1,2015,2016,15,17,0.1333333333333333
cohort_rise,GB,VEH0124,PORSCHE,CARRERA GT,980,2014,2015,38,43,0.13157894736842102
cohort_rise,GB,VEH0124,RENAULT,SPIDER,SPIDER,2020,2021,23,26,0.13043478260869557
cohort_rise,GB,VEH0124,AUDI,RS2,B4,2020,2021,39,44,0.1282051282051282
cohort_rise,GB,VEH0124,MASERATI,GHIBLI,II,2023,2024,16,18,0.125
cohort_rise,GB,VEH0124,TVR,SAGARIS,SAGARIS,2020,2021,80,90,0.125
cohort_rise,GB,VEH0124,FERRARI,612,612,2016,2017,180,202,0.12222222222222223
cohort_rise,GB,VEH0124,PEUGEOT,106 RALLYE,S1,2021,2022,82,92,0.12195121951219523
cohort_rise,GB,VEH0124,PORSCHE,CARRERA GT,980,2016,2017,33,37,0.1212121212121211
cohort_rise,GB,VEH0124,ABARTH,500,312,2018,2019,17694,19776,0.11766700576466604
cohort_rise,GB,VEH0124,ALFA ROMEO,8C,8C,2014,2015,35,39,0.11428571428571432
cohort_rise,GB,VEH0124,HONDA,NSX,NA1_NA2,2015,2016,229,254,0.10917030567685582
cohort_rise,GB,VEH0124,NISSAN,SKYLINE GT-R,R34,2024,2025,93,103,0.10752688172043001
cohort_rise,GB,VEH0124,RENAULT,19 16V,MK1,2023,2024,19,21,0.10526315789473695
cohort_rise,GB,VEH0124,ALFA ROMEO,147 GTA,937,2024,2025,135,149,0.10370370370370363
cohort_rise,GB,VEH0124,BMW,M5,E34,2018,2019,87,96,0.10344827586206895
cohort_rise,GB,VEH0124,MITSUBISHI,ECLIPSE,1G_2G,2014,2015,29,32,0.10344827586206895
cohort_rise,GB,VEH0124,RENAULT,CLIO V6,MK2,2024,2025,79,87,0.10126582278481022
cohort_rise,GB,VEH0124,FIAT,PUNTO GT,176,2018,2019,50,55,0.10000000000000009
cohort_rise,GB,VEH0124,RENAULT,19 16V,MK1,2024,2025,21,23,0.09523809523809534
cohort_rise,GB,VEH0124,NISSAN,SKYLINE GT-R,R34,2015,2016,97,106,0.09278350515463907
cohort_rise,GB,VEH0124,RENAULT,CLIO V6,MK2,2020,2021,98,107,0.09183673469387754
cohort_rise,GB,VEH0124,PORSCHE,CARRERA GT,980,2020,2021,33,36,0.09090909090909083
cohort_rise,GB,VEH0124,NISSAN,SUNNY GTI-R,N14,2022,2023,11,12,0.09090909090909083
cohort_rise,GB,VEH0124,BMW,Z8,E52,2019,2020,45,49,0.0888888888888888
cohort_rise,GB,VEH0124,MITSUBISHI,FTO,DE,2021,2022,47,51,0.0851063829787233
cohort_rise,GB,VEH0124,TOYOTA,CELICA GT-FOUR,ST185_ST205,2022,2023,24,26,0.08333333333333326
cohort_rise,GB,VEH0124,PEUGEOT,309 GTI,MK1,2020,2021,51,55,0.07843137254901955
cohort_rise,GB,VEH0124,NISSAN,SKYLINE GT-R,R34,2017,2018,102,110,0.07843137254901955
cohort_rise,GB,VEH0124,BMW,M5,E34,2023,2024,64,69,0.078125
cohort_rise,GB,VEH0124,ABARTH,500,312,2019,2020,19776,21295,0.0768102750809061
cohort_rise,GB,VEH0124,MASERATI,GHIBLI,II,2016,2017,27,29,0.07407407407407418
cohort_rise,GB,VEH0124,NISSAN,200SX,S13,2023,2024,183,196,0.0710382513661203
cohort_rise,GB,VEH0124,LEXUS,IS-F,XE20,2020,2021,176,188,0.06818181818181812
cohort_rise,GB,VEH0124,FORD,ESCORT RS COSWORTH,MK5,2020,2021,279,298,0.06810035842293916
cohort_rise,GB,VEH0124,AUDI,RS2,B4,2024,2025,30,32,0.06666666666666665
cohort_rise,GB,VEH0124,MITSUBISHI,ECLIPSE,1G_2G,2023,2024,15,16,0.06666666666666665
cohort_rise,GB,VEH0124,JAGUAR,F-TYPE,X152,2021,2022,13630,14530,0.0660308143800441
cohort_rise,GB,VEH0124,NISSAN,SKYLINE GT-R,R33,2014,2015,379,404,0.06596306068601576
cohort_rise,GB,VEH0124,TOYOTA,SUPRA,A70,2024,2025,199,212,0.0653266331658291
cohort_rise,GB,VEH0124,ALFA ROMEO,155,167,2022,2023,46,49,0.0652173913043479
cohort_rise,GB,VEH0124,FERRARI,575M,575M,2024,2025,93,99,0.06451612903225801
cohort_rise,GB,VEH0124,NISSAN,SKYLINE GT-R,R32,2015,2016,251,267,0.06374501992031867
cohort_rise,GB,VEH0124,PORSCHE,928,928,2024,2025,659,701,0.06373292867981784
cohort_rise,GB,VEH0124,NISSAN,SKYLINE GT-R,R33,2024,2025,173,184,0.06358381502890165
cohort_rise,GB,VEH0124,LANCIA,DELTA INTEGRALE,831,2023,2024,181,192,0.06077348066298338
cohort_rise,GB,VEH0124,FORD,SIERRA COSWORTH,MK2,2021,2022,708,751,0.06073446327683607
cohort_rise,GB,VEH0124,MERCEDES-BENZ,C55 AMG,W203,2017,2018,99,105,0.06060606060606055
cohort_rise,GB,VEH0124,NISSAN,300ZX,Z32,2024,2025,165,175,0.06060606060606055
cohort_rise,GB,VEH0124,ALFA ROMEO,8C,8C,2019,2020,17,18,0.05882352941176472
cohort_rise,GB,VEH0124,PORSCHE,CARRERA GT,980,2018,2019,35,37,0.05714285714285716
cohort_rise,GB,VEH0124,PORSCHE,CARRERA GT,980,2023,2024,18,19,0.05555555555555558
cohort_rise,GB,VEH0124,RENAULT,AVANTIME,MK1,2020,2021,146,154,0.0547945205479452
cohort_rise,GB,VEH0124,ABARTH,500,312,2020,2021,21295,22458,0.054613759098379955
cohort_rise,GB,VEH0124,PEUGEOT,205 GTI,MK1,2020,2021,1072,1127,0.051305970149253755
cohort_rise,GB,VEH0124,TOYOTA,CELICA GT-FOUR,ST185_ST205,2024,2025,20,21,0.050000000000000044
