make,model_gen,generation,segment,country,level,series,latest_year,stock,rarity_tier,cumulative_sales,survival,history_years,attrition,relative_attrition,n_peers,inflection_year,sorn_ratio,rarity,conservation,sorn_ratio_c,recent_inflection_point,weight_coverage,components_available,score,rank
PEUGEOT,306 S16,MK1,GTI,EU,europe,RDW+VEH0124,2026,22,,,0.7786561264822134,9,-0.05095320270041944,-0.11633481620690585,11,2024,0.9333333333333333,0.7136329695692669,0.9867841409691631,0.9333333333333333,1.0,1.0,rarity|conservation|sorn_ratio|recent_inflection_point,0.8831342412582008,1
NISSAN,SUNNY GTI-R,N14,GTI,EU,europe,RDW+VEH0124,2026,36,,,0.8787878787878788,9,-0.12506266254197515,-0.19044427604846154,11,2025,0.8181818181818182,0.6680078994764259,1.0,0.8181818181818182,1.0,1.0,rarity|conservation|sorn_ratio|recent_inflection_point,0.8474391284531126,2
OPEL,LOTUS CARLTON,A,SPORTIVE,EU,europe,RDW+VEH0124,2026,65,,,0.8505494505494505,9,-0.05693720184722972,-0.11398876199361285,14,2025,0.7197802197802198,0.6132673994661256,0.9823788546255507,0.7197802197802198,1.0,1.0,rarity|conservation|sorn_ratio|recent_inflection_point,0.8041943474255757,3
AUDI,RS2,B4,SPORTIVE,EU,europe,RDW+VEH0124,2026,34,,,0.5017301038062284,9,0.020107978499862286,-0.03694358164652084,14,2025,0.744,0.6733032926916479,0.8237885462555067,0.744,1.0,1.0,rarity|conservation|sorn_ratio|recent_inflection_point,0.7904032890059534,4
HONDA,CIVIC TYPE R,EK9,GTI,EU,europe,RDW+VEH0124,2026,38,,,0.38891700404858304,9,0.06067498979151179,-0.03273360221345159,19,2025,0.7988505747126436,0.6629988871990343,0.7797356828193833,0.7988505747126436,1.0,1.0,rarity|conservation|sorn_ratio|recent_inflection_point,0.7867536461670366,5
TOYOTA,CELICA GT-FOUR,ST185_ST205,SPORTIVE,EU,europe,RDW+VEH0124,2026,22,,,0.5594405594405594,9,0.04430183974733235,-0.012749720399050778,14,2025,0.8409090909090909,0.7136329695692669,0.5682819383259913,0.8409090909090909,1.0,1.0,rarity|conservation|sorn_ratio|recent_inflection_point,0.7600238421125594,6
RENAULT,19 16V,MK1,GTI,EU,europe,RDW+VEH0124,2026,116,,,0.8803507728894173,9,0.04098664521801551,-0.02439496828847089,11,2024,0.9111969111969112,0.5596076315830558,0.7048458149779736,0.9111969111969112,1.0,1.0,rarity|conservation|sorn_ratio|recent_inflection_point,0.7543135070379452,7
RENAULT,CLIO V6,MK2,SPORTIVE,EU,europe,RDW+VEH0124,2026,152,,573,0.5145356847616424,9,0.036096042531642565,-0.03651244059626161,35,2025,0.7740259740259741,0.5345668111317976,0.8193832599118943,0.7740259740259741,1.0,1.0,rarity|conservation|sorn_ratio|recent_inflection_point,0.7467493936792975,8
FORD,FOCUS RS,MK1,GTI,EU,europe,RDW+VEH0124,2026,378,,1993,0.26448123989518874,9,0.08346734949635352,-0.050678481273255326,27,2022,0.7861715749039693,0.4501667148331587,0.9118942731277534,0.7861715749039693,1.0,1.0,rarity|conservation|sorn_ratio|recent_inflection_point,0.7427662334543377,9
FORD,ESCORT RS COSWORTH,MK5,SPORTIVE,EU,europe,RDW+VEH0124,2026,306,,,0.688030436055019,9,0.018458941210038226,-0.0385926189363449,14,2025,0.8217391304347826,0.4697432682353106,0.8370044052863437,0.8217391304347826,1.0,1.0,rarity|conservation|sorn_ratio|recent_inflection_point,0.7380090712909011,10
MITSUBISHI,3000GT,Z16A,COUPE,EU,europe,RDW+VEH0124,2026,203,,,0.6459016393442623,9,0.05059616029501077,-0.03393184490031162,16,2025,0.7894736842105263,0.5077624972015756,0.7973568281938327,0.7894736842105263,1.0,1.0,rarity|conservation|sorn_ratio|recent_inflection_point,0.7349508179111148,11
MAZDA,RX-7,FD,SPORTIVE,EU,europe,RDW+VEH0124,2026,408,,138,0.7288666503945977,9,0.01475410990671607,-0.04810175245622549,30,2023,0.7663903541823662,0.4430912043962425,0.9030837004405288,0.7663903541823662,1.0,1.0,rarity|conservation|sorn_ratio|recent_inflection_point,0.7341309174852904,12
NISSAN,200SX,S13,COUPE,EU,europe,RDW+VEH0124,2026,367,,,0.7462171720099715,9,0.01727011353875013,-0.03111045914276296,7,2023,0.8520452567449956,0.45290271435482615,0.762114537444934,0.8520452567449956,1.0,1.0,rarity|conservation|sorn_ratio|recent_inflection_point,0.7194536357344217,13
ALFA ROMEO,155,167,PREMIUM,EU,europe,RDW+VEH0124,2026,423,,,0.9299990789352491,9,0.04658124397351221,-0.027850885814172822,4,2023,0.8927613941018767,0.43974628658321885,0.7400881057268723,0.8927613941018767,1.0,1.0,rarity|conservation|sorn_ratio|recent_inflection_point,0.7174855055562201,14
OPEL,ASTRA OPC,G,GTI,EU,europe,RDW+VEH0124,2026,213,,1533,0.14573590707104117,9,0.10831597599405836,-0.025829854775550484,27,2023,0.7660753880266076,0.5033075928485835,0.7180616740088106,0.7660753880266076,1.0,1.0,rarity|conservation|sorn_ratio|recent_inflection_point,0.7088881536045284,15
SAAB,9-3 VIGGEN,MK1,SPORTIVE,EU,europe,RDW+VEH0124,2026,91,,26,0.5577093713739676,9,0.038721403408831734,-0.02413445895410983,30,2022,0.6124401913875598,0.5820952118700227,0.7004405286343613,0.6124401913875598,1.0,1.0,rarity|conservation|sorn_ratio|recent_inflection_point,0.7013314945906102,16
NISSAN,SKYLINE GT-R,R32,SPORTIVE,EU,europe,RDW+VEH0124,2026,162,,,0.5915753456327738,9,0.04281063319327533,-0.014240926953107802,14,2024,0.7827380952380952,0.528663913053707,0.5903083700440529,0.7827380952380952,1.0,1.0,rarity|conservation|sorn_ratio|recent_inflection_point,0.6891570811274297,17
MITSUBISHI,FTO,DE,COUPE,EU,europe,RDW+VEH0124,2026,61,,,0.47609575416695243,9,0.09804213148905914,-0.0015665238373605422,23,2022,0.8164251207729468,0.619151545563661,0.4361233480176212,0.8164251207729468,1.0,1.0,rarity|conservation|sorn_ratio|recent_inflection_point,0.689018902106276,18
TOYOTA,SUPRA,A70,SPORTIVE,EU,europe,RDW+VEH0124,2026,399,,,0.747487530707958,9,0.024274321116290992,-0.015297174006842947,4,2025,0.829444891391794,0.44515770255576714,0.6035242290748899,0.829444891391794,1.0,1.0,rarity|conservation|sorn_ratio|recent_inflection_point,0.6725752314415998,19
PEUGEOT,106 RALLYE,S1,GTI,EU,europe,RDW+VEH0124,2026,266,,,0.8146827348745697,9,0.05940274924780739,-0.005978864258679016,11,2022,0.8955223880597015,0.48272167675031746,0.4889867841409692,0.8955223880597015,1.0,1.0,rarity|conservation|sorn_ratio|recent_inflection_point,0.6703037605097937,20
FERRARI,575M,575M,SUPERCAR,EU,europe,RDW+VEH0124,2026,140,,242,0.5821428571428572,9,0.025891801722416077,-0.01990783319450468,6,2025,0.5732758620689655,0.5421856906314324,0.6607929515418502,0.5732758620689655,1.0,1.0,rarity|conservation|sorn_ratio|recent_inflection_point,0.6696184020202569,21
LOTUS,EXIGE,S2,SPORTIVE,EU,europe,RDW+VEH0124,2026,413,,1418,0.3617173866271426,9,0.029136753973272086,-0.0354916219983665,34,2023,0.5084269662921348,0.4419627597552622,0.814977973568282,0.5084269662921348,1.0,1.0,rarity|conservation|sorn_ratio|recent_inflection_point,0.6601168525648393,22
RENAULT,CLIO RS,MK2,GTI,EU,europe,VEH0124,2025,1668,,9058,0.18414661073084565,9,0.09207990173847608,-0.042065929031132765,27,2021,0.6593137254901961,0.31263772101949366,0.8634361233480177,0.6593137254901961,1.0,1.0,rarity|conservation|sorn_ratio|recent_inflection_point,0.6571449782918664,23
NISSAN,SKYLINE GT-R,R33,SPORTIVE,EU,europe,RDW+VEH0124,2026,206,,,0.5136018456214554,9,0.056532513832322946,-0.006323348530618618,30,2025,0.7650063856960408,0.5064033898009747,0.49779735682819387,0.7650063856960408,1.0,1.0,rarity|conservation|sorn_ratio|recent_inflection_point,0.6546918027765978,24
MERCEDES-BENZ,C43 AMG,W202,SPORTIVE,EU,europe,RDW+VEH0124,2026,227,,,0.6497728738660847,9,0.04903465541339441,-0.013821206949547152,30,2025,0.6658986175115207,0.4974100646681681,0.5859030837004405,0.6658986175115207,1.0,1.0,rarity|conservation|sorn_ratio|recent_inflection_point,0.6537490170612732,25
FORD,FOCUS RS,MK2,GTI,EU,europe,RDW+VEH0124,2026,1607,,4029,0.39898430838153315,9,0.06398296380816425,-0.0634822309953529,38,2025,0.5233006826951617,0.31608929195073904,0.9515418502202644,0.5233006826951617,1.0,1.0,rarity|conservation|sorn_ratio|recent_inflection_point,0.6531768512768571,26
PORSCHE,944,944,COUPE,EU,europe,RDW+VEH0124,2026,3166,,,0.8099498565234093,9,0.0034518486027532084,-0.04492872407875988,7,2023,0.7209640892914915,0.2532672989226906,0.8766519823788547,0.7209640892914915,1.0,1.0,rarity|conservation|sorn_ratio|recent_inflection_point,0.6519993680759537,27
ASTON MARTIN,VANQUISH,I,SUPERCAR,EU,europe,RDW+VEH0124,2026,121,,275,0.45292261457550714,9,0.036949908165542854,-0.008849726751377907,6,2025,0.5919117647058824,0.5556980152057706,0.5286343612334802,0.5919117647058824,1.0,1.0,rarity|conservation|sorn_ratio|recent_inflection_point,0.6450352485715662,28
VOLKSWAGEN,CORRADO,53I,COUPE,EU,europe,RDW+VEH0124,2026,1735,,,0.7308681017984431,9,0.06166650489025435,-0.02286150030506804,16,2025,0.804059133049361,0.30898919858443147,0.682819383259912,0.804059133049361,1.0,1.0,rarity|conservation|sorn_ratio|recent_inflection_point,0.6396628919294012,29
NISSAN,200SX,S14,COUPE,EU,europe,RDW+VEH0124,2026,417,,,0.4799494394632078,9,0.09371440941176774,-0.005894245914651944,23,2025,0.8183921341816078,0.4410697970867305,0.4845814977973569,0.8183921341816078,1.0,1.0,rarity|conservation|sorn_ratio|recent_inflection_point,0.6391982302660164,30
NISSAN,300ZX,Z32,SPORTIVE,EU,europe,RDW+VEH0124,2026,515,,,0.8073872921272709,9,0.05427205860462031,-0.002779501541762819,14,2025,0.8490077653149266,0.42151440498197906,0.4493392070484582,0.8490077653149266,1.0,1.0,rarity|conservation|sorn_ratio|recent_inflection_point,0.6296663965687925,31
RENAULT,TWINGO RS,MK2,GTI,EU,europe,RDW+VEH0124,2026,708,,1179,0.6002261803788521,9,0.05343268142949149,-0.07403251337402567,38,2025,0.22478070175438597,0.39202788190857374,0.9647577092511014,0.22478070175438597,1.0,1.0,rarity|conservation|sorn_ratio|recent_inflection_point,0.6233553263316534,32
AUDI,S3,8L,GTI,EU,europe,RDW+VEH0124,2026,1074,,3408,0.3895150855474248,9,0.11415412866393944,-0.019991702105669404,27,2022,0.6440337484933708,0.35342295114881805,0.6651982378854626,0.6440337484933708,1.0,1.0,rarity|conservation|sorn_ratio|recent_inflection_point,0.6188043420721261,33
LEXUS,IS-F,XE20,SPORTIVE,EU,europe,RDW+VEH0124,2026,239,,254,0.7533522221856158,9,0.03157067318169516,-0.03305770278994343,34,2025,0.23696682464454977,0.49263763656015513,0.7841409691629957,0.23696682464454977,1.0,1.0,rarity|conservation|sorn_ratio|recent_inflection_point,0.6158517800157132,34
OPEL,VX220,VX220,ROADSTER,EU,europe,RDW+VEH0124,2026,655,,1941,0.48135807858544627,9,0.06270259959159769,-0.009860145252144417,22,2025,0.6957726957726957,0.3992364181741308,0.5374449339207049,0.6957726957726957,1.0,1.0,rarity|conservation|sorn_ratio|recent_inflection_point,0.6132485189956611,35
PEUGEOT,309 GTI,MK1,GTI,EU,europe,RDW+VEH0124,2026,148,,,0.9567402768622281,9,-0.12223433374924475,-0.16485250229760504,4,2017,0.8520710059171598,0.5370374684711733,0.9955947136563877,0.8520710059171598,0.0,1.0,rarity|conservation|sorn_ratio|recent_inflection_point,0.6072759935624396,36
HONDA,PRELUDE,BB,COUPE,EU,europe,RDW+VEH0124,2026,1039,,252,0.5760174955052974,9,0.0879728910471626,-0.011635764279257083,23,2025,0.7055150884495317,0.3564923711092003,0.5638766519823789,0.7055150884495317,1.0,1.0,rarity|conservation|sorn_ratio|recent_inflection_point,0.6068445105737212,37
BMW,8 SERIES,E31,COUPE,EU,europe,RDW+VEH0124,2026,772,,,0.7068858121690874,9,0.07728276232100362,-0.007245242874318769,16,2025,0.7244623655913979,0.3840104140589426,0.5066079295154186,0.7244623655913979,1.0,1.0,rarity|conservation|sorn_ratio|recent_inflection_point,0.605948100417764,38
BMW,Z4 M,E85_86,ROADSTER,EU,europe,RDW+VEH0124,2026,458,,1157,0.39961049695606393,9,0.05515495769103624,-0.012795151806230538,21,2024,0.5535714285714286,0.4323813533566629,0.5726872246696035,0.5535714285714286,1.0,1.0,rarity|conservation|sorn_ratio|recent_inflection_point,0.6052195655565186,39
RENAULT,CLIO RS,MK3,GTI,EU,europe,VEH0124,2025,2575,,6046,0.4259014224280517,9,0.0841763185492284,-0.04328887625428875,38,2024,0.40845393981162414,0.2724093821293651,0.8722466960352424,0.40845393981162414,1.0,1.0,rarity|conservation|sorn_ratio|recent_inflection_point,0.5950957457164132,40
VOLKSWAGEN,POLO GTI,9N,GTI,EU,europe,VEH0124,2025,636,,1424,0.44662921348314605,9,0.10401962540175476,-0.023445569401762387,38,2022,0.3896353166986564,0.4019635539408234,0.6916299559471366,0.3896353166986564,1.0,1.0,rarity|conservation|sorn_ratio|recent_inflection_point,0.5915217962058037,41
OPEL,MONARO,V2,SPORTIVE,EU,europe,VEH0124,2025,605,,1307,0.46289211935730673,9,0.05095467391875131,-0.01367370205288728,34,2025,0.48598130841121495,0.4065929923531566,0.5770925110132159,0.48598130841121495,1.0,1.0,rarity|conservation|sorn_ratio|recent_inflection_point,0.5837769367591518,42
PEUGEOT,205 GTI,MK1,GTI,EU,europe,RDW+VEH0124,2026,1989,,,0.7919091355254856,9,0.04178101289818454,-0.0008371556501757527,4,2025,0.8728606356968215,0.2963317285876685,0.41850220264317184,0.8728606356968215,1.0,1.0,rarity|conservation|sorn_ratio|recent_inflection_point,0.5829137828058413,43
MERCEDES-BENZ,SLS AMG,C197,SUPERCAR,EU,europe,RDW+VEH0124,2026,224,,496,0.4630706365207374,9,0.046885896834010704,-0.0013408555159956927,11,2025,0.49507389162561577,0.4986425993831912,0.4273127753303965,0.49507389162561577,1.0,1.0,rarity|conservation|sorn_ratio|recent_inflection_point,0.5803678819418392,44
RENAULT,MEGANE RS,MK2,GTI,EU,europe,VEH0124,2025,767,,3601,0.21299638989169675,9,0.11926716431610257,-0.008198030487414576,38,2022,0.5727019498607242,0.38461239252271867,0.5242290748898679,0.5727019498607242,1.0,1.0,rarity|conservation|sorn_ratio|recent_inflection_point,0.5802119960775634,45
NISSAN,SKYLINE GT-R,R34,SPORTIVE,EU,europe,RDW+VEH0124,2026,117,,164,0.6725557640191786,9,-0.03767258920886983,-0.1005284515718114,30,2017,0.6934523809523809,0.5588123978624021,0.9735682819383261,0.6934523809523809,0.0,1.0,rarity|conservation|sorn_ratio|recent_inflection_point,0.5776668859268985,46
SEAT,LEON CUPRA,1P,GTI,EU,europe,RDW+VEH0124,2026,1236,,2549,0.48508267091225576,9,0.09411128588488095,-0.033353908918636196,38,2024,0.28753623188405797,0.3404073395391876,0.788546255506608,0.28753623188405797,1.0,1.0,rarity|conservation|sorn_ratio|recent_inflection_point,0.5737863790921793,47
HONDA,CIVIC TYPE R,EP3,GTI,EU,europe,RDW+VEH0124,2026,4139,,20004,0.2084679464203801,9,0.11095826097521962,-0.023187569794389226,27,2023,0.5724052206339342,0.22844003052562828,0.6872246696035242,0.5724052206339342,1.0,1.0,rarity|conservation|sorn_ratio|recent_inflection_point,0.5662412222116378,48
FERRARI,F430,F430,SUPERCAR,EU,europe,RDW+VEH0124,2026,960,,2031,0.5316100443131462,9,0.03790798689735426,-0.007581608044424988,9,2023,0.5412969283276451,0.36381873671750703,0.5154185022026432,0.5412969283276451,1.0,1.0,rarity|conservation|sorn_ratio|recent_inflection_point,0.5644505690673173,49
ASTON MARTIN,DB9,DB9,COUPE,EU,europe,RDW+VEH0124,2026,3465,,5308,0.6290379301682995,9,0.0486399740429204,-0.03852937963082229,25,2025,0.3569370111156855,0.2449067498452171,0.828193832599119,0.3569370111156855,1.0,1.0,rarity|conservation|sorn_ratio|recent_inflection_point,0.5641532228187429,50
AUDI,S8,D2,PREMIUM,EU,europe,RDW+VEH0124,2026,142,,364,0.4434298096269927,9,0.07424576987371945,-0.059282405976279214,6,2021,0.6750700280112045,0.5408715670431338,0.933920704845815,0.6750700280112045,0.0,1.0,rarity|conservation|sorn_ratio|recent_inflection_point,0.5577992302787915,51
OPEL,ASTRA OPC,H,GTI,EU,europe,RDW+VEH0124,2026,2987,,8273,0.3611471054451638,9,0.1073674700343041,-0.02009772476921305,38,2022,0.4261003267345762,0.2586591354848855,0.669603524229075,0.4261003267345762,1.0,1.0,rarity|conservation|sorn_ratio|recent_inflection_point,0.5431516438238939,52
TVR,CERBERA,CERBERA,COUPE,EU,europe,RDW+VEH0124,2026,293,,139,0.6322620191761955,9,0.04021006294880366,-0.07878629608037505,27,2017,0.6738351254480287,0.47376518216016594,0.9691629955947137,0.6738351254480287,0.0,1.0,rarity|conservation|sorn_ratio|recent_inflection_point,0.5428755877443423,53
LOTUS,EVORA,122,SPORTIVE,EU,europe,RDW+VEH0124,2026,682,,1178,0.5683062897997998,9,0.03583070074175168,-0.009669755903772191,31,2025,0.33885209713024284,0.39549411087545144,0.5330396475770925,0.33885209713024284,1.0,1.0,rarity|conservation|sorn_ratio|recent_inflection_point,0.5394532701267296,54
ALFA ROMEO,4C,960,SPORTIVE,EU,europe,RDW+VEH0124,2026,480,,541,0.7347504621072088,9,0.020148468576834524,-0.006698368599159826,17,2025,0.3128834355828221,0.42803477475112545,0.5022026431718062,0.3128834355828221,1.0,1.0,rarity|conservation|sorn_ratio|recent_inflection_point,0.5379395190724099,55
ALFA ROMEO,147 GTA,937,GTI,EU,europe,RDW+VEH0124,2026,153,,373,0.41516409959873135,9,0.025759427177499083,-0.10838640359210974,27,2017,0.5146579804560261,0.533959306268929,0.9779735682819384,0.5146579804560261,0.0,1.0,rarity|conservation|sorn_ratio|recent_inflection_point,0.5343107453558149,56
JAGUAR,XK,X150,COUPE,EU,europe,RDW+VEH0124,2026,10169,,14838,0.6700609941350921,9,0.03847941206643701,-0.04868994160730568,25,2025,0.27893681787809044,0.1451631530123373,0.907488986784141,0.27893681787809044,1.0,1.0,rarity|conservation|sorn_ratio|recent_inflection_point,0.5334667138259714,57
BMW,Z8,E52,ROADSTER,EU,europe,RDW+VEH0124,2026,78,,111,0.6719796719796719,9,0.039137454156448905,-0.0334252906872932,22,2017,0.6296296296296297,0.5963763720569525,0.7929515418502203,0.6296296296296297,0.0,1.0,rarity|conservation|sorn_ratio|recent_inflection_point,0.5328955416084145,58
MERCEDES-BENZ,CL,C216,COUPE,EU,europe,RDW+VEH0124,2026,1398,,2370,0.5770932555851337,9,0.06801564821560534,-0.019153705458137354,25,2025,0.2648015614834092,0.32899707316963894,0.656387665198238,0.2648015614834092,1.0,1.0,rarity|conservation|sorn_ratio|recent_inflection_point,0.532206204205615,59
PEUGEOT,106 RALLYE,S2,GTI,EU,europe,RDW+VEH0124,2026,233,,597,0.3449381992020544,9,0.06801202657895387,-0.025396565426009505,19,2021,0.8914285714285715,0.49499312343142604,0.7136563876651983,0.8914285714285715,0.0,1.0,rarity|conservation|sorn_ratio|recent_inflection_point,0.529947404403013,60
FORD,FOCUS ST,MK2,GTI,EU,europe,RDW+VEH0124,2026,10925,,22664,0.4821162847803066,9,0.08651660287302314,-0.04094859193049401,38,2023,0.3312273814635343,0.1385196529098385,0.8590308370044054,0.3312273814635343,1.0,1.0,rarity|conservation|sorn_ratio|recent_inflection_point,0.5294850640622517,61
HONDA,CIVIC TYPE R,FN2,GTI,EU,europe,RDW+VEH0124,2026,7174,,13175,0.5443930829703932,9,0.08101973377194763,-0.04644546103156953,38,2024,0.22501081782778018,0.17748489352828722,0.8854625550660794,0.22501081782778018,1.0,1.0,rarity|conservation|sorn_ratio|recent_inflection_point,0.5284875150669764,62
TVR,SAGARIS,SAGARIS,SPORTIVE,EU,europe,RDW+VEH0124,2026,79,,203,0.3981417970942196,9,0.03331728752592689,-0.03929119560197728,35,2021,0.5337423312883436,0.5951961757194678,0.8458149779735684,0.5337423312883436,0.0,1.0,rarity|conservation|sorn_ratio|recent_inflection_point,0.5265208722528746,63
HONDA,S2000,AP1_AP2,ROADSTER,EU,europe,RDW+VEH0124,2026,3801,,7994,0.5023157331165962,9,0.061865642246754206,-0.010697102596987897,22,2025,0.5232702451132485,0.2363323885919028,0.5550660792951543,0.5232702451132485,1.0,1.0,rarity|conservation|sorn_ratio|recent_inflection_point,0.5261369048536042,64
FERRARI,458,458,SUPERCAR,EU,europe,RDW+VEH0124,2026,1144,,1861,0.5946573576879864,9,0.04507210697364827,-0.0031546453763581297,11,2025,0.4522173641474079,0.34757331582076967,0.4537444933920705,0.4522173641474079,1.0,1.0,rarity|conservation|sorn_ratio|recent_inflection_point,0.5255302567147686,65
OPEL,CORSA VXR,D,GTI,EU,europe,RDW+VEH0124,2026,3881,,9081,0.4285632973540748,9,0.1021462910126349,-0.025318903790882252,38,2025,0.3084246452308245,0.23440273466980083,0.709251101321586,0.3084246452308245,1.0,1.0,rarity|conservation|sorn_ratio|recent_inflection_point,0.5210386615109917,66
RENAULT,5 GT TURBO,MK2,GTI,EU,europe,RDW+VEH0124,2026,585,,,0.8824466159971045,9,0.008089579327748937,-0.034528589220611354,4,2020,0.8656518861681006,0.4097073750097882,0.8061674008810573,0.8656518861681006,0.0,1.0,rarity|conservation|sorn_ratio|recent_inflection_point,0.5180698087073103,67
RENAULT,AVANTIME,MK1,COUPE,EU,europe,RDW+VEH0124,2026,318,,429,0.7412587412587412,9,0.0652855626328561,-0.05371079639632259,27,2021,0.604982206405694,0.4661795919744418,0.9162995594713658,0.604982206405694,0.0,1.0,rarity|conservation|sorn_ratio|recent_inflection_point,0.5132341883400349,68
MERCEDES-BENZ,SL,R129,ROADSTER,EU,europe,RDW+VEH0124,2026,3483,,524,0.6591030505759187,9,0.05930227872429164,-0.005096176883511036,4,2025,0.5432035519125683,0.24442672721889236,0.4757709251101322,0.5432035519125683,1.0,1.0,rarity|conservation|sorn_ratio|recent_inflection_point,0.513132796186659,69
CITROEN,XSARA VTS,N0,GTI,EU,europe,VEH0124,2025,19,,883,0.021517553793884484,9,0.14098370066697577,0.006837869897366927,27,,0.8944444444444445,0.7272149252326527,0.30396475770925113,0.8944444444444445,0.0,1.0,rarity|conservation|sorn_ratio|recent_inflection_point,0.5094053021476301,70
VOLKSWAGEN,LUPO GTI,6X,GTI,EU,europe,VEH0124,2025,357,,1008,0.3541666666666667,9,0.07342207949004757,-0.06072375127956127,27,2017,0.5587144622991347,0.4554621080483808,0.9383259911894274,0.5587144622991347,0.0,1.0,rarity|conservation|sorn_ratio|recent_inflection_point,0.505736128074117,71
BMW,M3,E46,SPORTIVE,EU,europe,RDW+VEH0124,2026,4863,,14719,0.38830542921291017,9,0.06802053747461823,-0.004587945653285949,35,2025,0.5525519031141869,0.21350566982973684,0.4669603524229075,0.5525519031141869,1.0,1.0,rarity|conservation|sorn_ratio|recent_inflection_point,0.5019774531689722,72
LANCIA,DELTA INTEGRALE,831,SPORTIVE,EU,europe,RDW+VEH0124,2026,524,,,0.8986655789289668,9,0.007076379134274821,-0.03249511598885912,4,2020,0.8091370558375635,0.4199093649595079,0.7709251101321587,0.8091370558375635,0.0,1.0,rarity|conservation|sorn_ratio|recent_inflection_point,0.5015269664363802,73
NISSAN,GT-R,R35,SUPERCAR,EU,europe,RDW+VEH0124,2026,2004,,3716,0.536943336147941,9,0.04195040148552218,-0.00627635086448422,11,2025,0.35925793792365324,0.29563567603008944,0.49339207048458156,0.35925793792365324,1.0,1.0,rarity|conservation|sorn_ratio|recent_inflection_point,0.4986720918164073,74
SKODA,OCTAVIA VRS,1Z,GTI,EU,europe,RDW+VEH0124,2026,9113,,17654,0.5161967453414702,9,0.08718703592650501,-0.04027815887701214,38,2024,0.1462569099597114,0.15532083574302558,0.854625550660793,0.1462569099597114,1.0,1.0,rarity|conservation|sorn_ratio|recent_inflection_point,0.4972700621671995,75
MERCEDES-BENZ,E63 AMG,W212,SPORTIVE,EU,europe,RDW+VEH0124,2026,711,,1174,0.5872202934178653,9,0.04434236613019863,-0.0011580905153252413,31,2024,0.23890339425587467,0.39163615126313045,0.4229074889867842,0.23890339425587467,1.0,1.0,rarity|conservation|sorn_ratio|recent_inflection_point,0.49058020403996666,76
PORSCHE,928,928,COUPE,EU,europe,RDW+VEH0124,2026,1549,,,0.9242166810554353,9,-0.016581194686028426,-0.06496176736754151,7,2017,0.6677725118483412,0.31949484728197663,0.9559471365638768,0.6677725118483412,0.0,1.0,rarity|conservation|sorn_ratio|recent_inflection_point,0.4843644830593292,77
MASERATI,GRANTURISMO,M145,COUPE,EU,europe,RDW+VEH0124,2026,2542,,3114,0.7266034663889432,9,0.024838028355131426,-0.010360292478741682,16,2023,0.24644549763033174,0.27360433997692285,0.5462555066079295,0.24644549763033174,1.0,1.0,rarity|conservation|sorn_ratio|recent_inflection_point,0.48161449516997173,78
ASTON MARTIN,V8 VANTAGE,VH,SPORTIVE,EU,europe,RDW+VEH0124,2026,4160,,6563,0.6138355758975141,9,0.0381875559008961,-0.007312900744627773,31,2025,0.3637133660850415,0.2279711712644153,0.5110132158590309,0.3637133660850415,1.0,1.0,rarity|conservation|sorn_ratio|recent_inflection_point,0.48028588712431136,79
PORSCHE,CAYMAN,981,COUPE,EU,europe,RDW+VEH0124,2026,4138,,5300,0.74393317344082,9,0.013774514913851245,-0.02142380592002186,16,2023,0.1565523306948109,0.22846241645291288,0.6740088105726872,0.1565523306948109,1.0,1.0,rarity|conservation|sorn_ratio|recent_inflection_point,0.4797745145406535,80
JAGUAR,S-TYPE R,X200,PREMIUM,EU,europe,RDW+VEH0124,2026,429,,1233,0.3529871048119223,9,0.10015974278901273,-0.04664876907071984,8,2020,0.4891041162227603,0.4384414176934561,0.8898678414096917,0.4891041162227603,0.0,1.0,rarity|conservation|sorn_ratio|recent_inflection_point,0.4737422797896846,81
NISSAN,370Z,Z34,SPORTIVE,EU,europe,RDW+VEH0124,2026,2298,,2855,0.747334695974113,9,0.03507796257073815,-0.010422494074785724,31,2024,0.18272690923630547,0.28295324679521167,0.5506607929515419,0.18272690923630547,1.0,1.0,rarity|conservation|sorn_ratio|recent_inflection_point,0.47324421646347065,82
FIAT,COUPE,175,COUPE,EU,europe,RDW+VEH0124,2026,878,,,0.6138330917374198,9,0.06850469793765254,-0.03110395738876714,23,2021,0.7675276752767528,0.3720906271541033,0.7577092511013217,0.7675276752767528,0.0,1.0,rarity|conservation|sorn_ratio|recent_inflection_point,0.47316456733461715,83
PORSCHE,968,968,COUPE,EU,europe,RDW+VEH0124,2026,452,,,0.7137008916599624,9,0.052220452947766643,-0.03230755224755574,16,2017,0.6420927467300832,0.43360305228622553,0.7665198237885463,0.6420927467300832,0.0,1.0,rarity|conservation|sorn_ratio|recent_inflection_point,0.47180957359333214,84
MERCEDES-BENZ,C63 AMG,W204,SPORTIVE,EU,europe,RDW+VEH0124,2026,3523,,5283,0.6422276606464138,9,0.035371206520164795,-0.010129250125359077,31,2025,0.25580315691736305,0.24336883208578694,0.5418502202643173,0.25580315691736305,1.0,1.0,rarity|conservation|sorn_ratio|recent_inflection_point,0.4718022776795774,85
SEAT,IBIZA CUPRA,6K,GTI,EU,europe,RDW+VEH0124,2026,115,,1248,0.14214046822742477,9,0.09359890980658853,0.00019031780162515055,19,,0.8658385093167702,0.5604097505297997,0.39647577092511016,0.8658385093167702,0.0,1.0,rarity|conservation|sorn_ratio|recent_inflection_point,0.4684300572800615,86
MG,RV8,RV8,ROADSTER,EU,europe,RDW+VEH0124,2026,294,,,0.7480287569573283,9,0.0383689058882682,-0.02602954971953448,4,2017,0.6019417475728155,0.4734495288407792,0.722466960352423,0.6019417475728155,0.0,1.0,rarity|conservation|sorn_ratio|recent_inflection_point,0.4667124246969416,87
BMW,M3,E9X,SPORTIVE,EU,europe,RDW+VEH0124,2026,4174,,8111,0.5193189465027558,9,0.06258400770128583,-0.002044368270352759,34,2025,0.37741659538066724,0.22765991149607476,0.44493392070484583,0.37741659538066724,1.0,1.0,rarity|conservation|sorn_ratio|recent_inflection_point,0.46639776827597107,88
RENAULT,MEGANE RS,MK3,GTI,EU,europe,RDW+VEH0124,2026,1593,,2311,0.688365612970854,9,0.04466403139663468,-0.003946402521022033,28,2023,0.18429158110882957,0.3168999335194731,0.4581497797356829,0.18429158110882957,1.0,1.0,rarity|conservation|sorn_ratio|recent_inflection_point,0.46231073788750227,89
PORSCHE,BOXSTER,981,ROADSTER,EU,europe,RDW+VEH0124,2026,4885,,5304,0.8249055578455301,9,0.013883546044287867,-0.01760246613059612,14,2024,0.12471561530506722,0.21308749687691864,0.643171806167401,0.12471561530506722,1.0,1.0,rarity|conservation|sorn_ratio|recent_inflection_point,0.46031669850978524,90
SUZUKI,SWIFT SPORT,ZC31,GTI,EU,europe,RDW+VEH0124,2026,2193,,4934,0.4459017720642994,9,0.1273304526896758,-0.00013474211384134627,38,2023,0.26251276813074564,0.2872860946286648,0.4140969162995595,0.26251276813074564,1.0,1.0,rarity|conservation|sorn_ratio|recent_inflection_point,0.4565769158210717,91
FIAT,PUNTO GT,176,GTI,EU,europe,RDW+VEH0124,2026,57,,,0.5680939637228665,9,0.11223423235241829,0.018825640347454917,19,,0.8813559322033898,0.6254349130044841,0.22907488986784144,0.8813559322033898,0.0,1.0,rarity|conservation|sorn_ratio|recent_inflection_point,0.4524421284592077,92
ALFA ROMEO,GTV,916,COUPE,EU,europe,RDW+VEH0124,2026,973,,1690,0.5145548617679667,9,0.07071825483131679,-0.0288904004951029,23,2020,0.6865738661876964,0.36257259886618226,0.748898678414097,0.6865738661876964,0.0,1.0,rarity|conservation|sorn_ratio|recent_inflection_point,0.45143985244422735,93
VOLVO,S60 R,P2,SPORTIVE,EU,europe,RDW+VEH0124,2026,730,,845,0.6705711071404937,9,0.025418321108748573,-0.0471901620191556,35,2020,0.4463229078613694,0.3891929298193033,0.894273127753304,0.4463229078613694,0.0,1.0,rarity|conservation|sorn_ratio|recent_inflection_point,0.44905038894735605,94
PEUGEOT,208 GTI,MK1,GTI,EU,europe,VEH0124,2025,4953,,6025,0.8220746887966806,9,0.031434359490393485,-0.01717607442726323,28,2025,0.0672316384180791,0.21180676843984297,0.6387665198237886,0.0672316384180791,1.0,1.0,rarity|conservation|sorn_ratio|recent_inflection_point,0.447270326593508,95
BMW,1M,E82,SPORTIVE,EU,europe,RDW+VEH0124,2026,221,,432,0.5114798055974528,9,0.019121657380526534,-0.026378799264997338,31,2021,0.4416243654822335,0.4998917530440059,0.7312775330396476,0.4416243654822335,0.0,1.0,rarity|conservation|sorn_ratio|recent_inflection_point,0.44610636992176067,96
CITROEN,SAXO VTS,S0,GTI,EU,europe,VEH0124,2025,99,,2359,0.04196693514200932,9,0.11065014520026945,0.017241553195306056,19,,0.9140625,0.574288983146548,0.2378854625550661,0.9140625,0.0,1.0,rarity|conservation|sorn_ratio|recent_inflection_point,0.44328500974005836,97
SUZUKI,CAPPUCCINO,EA11R,ROADSTER,EU,europe,RDW+VEH0124,2026,181,,,0.6000736648250461,9,0.06439845560780268,0.0,4,,0.7976782752902156,0.5183896112687885,0.407488986784141,0.7976782752902156,0.0,1.0,rarity|conservation|sorn_ratio|recent_inflection_point,0.4428442656981543,98
MASERATI,3200 GT,338,COUPE,EU,europe,RDW+VEH0124,2026,326,,386,0.6972702336007551,9,0.08855044233871913,-0.011058212987700558,23,2019,0.7029520295202952,0.4638777553155565,0.5594713656387665,0.7029520295202952,0.0,1.0,rarity|conservation|sorn_ratio|recent_inflection_point,0.4428154616741954,99
RENAULT,CLIO WILLIAMS,MK1,GTI,EU,europe,RDW+VEH0124,2026,142,,,0.7241410244908943,9,0.07166053570809745,0.0062789222016110535,11,,0.8706896551724138,0.5408715670431338,0.30837004405286345,0.8706896551724138,0.0,1.0,rarity|conservation|sorn_ratio|recent_inflection_point,0.44053549051279545,100
MERCEDES-BENZ,190E 2.5-16,W201,SPORTIVE,EU,europe,RDW+VEH0124,2026,89,,,0.7381431105854525,9,0.059435821107398756,0.01986432598426481,4,,0.8768768768768769,0.5841540557014877,0.22026431718061676,0.8768768768768769,0.0,1.0,rarity|conservation|sorn_ratio|recent_inflection_point,0.4348953741660503,101
MASERATI,4200,M138,COUPE,EU,europe,RDW+VEH0124,2026,779,,1500,0.5687325631151048,9,0.09074017442281967,-0.028256184606359022,27,2019,0.573109243697479,0.3831741619370094,0.7444933920704847,0.573109243697479,0.0,1.0,rarity|conservation|sorn_ratio|recent_inflection_point,0.4348561534350702,102
FERRARI,612,612,COUPE,EU,europe,RDW+VEH0124,2026,214,,270,0.6850121149186571,9,0.06468753247041517,-0.02248182120332752,25,2021,0.4190871369294606,0.5028736615652629,0.6784140969162996,0.4190871369294606,0.0,1.0,rarity|conservation|sorn_ratio|recent_inflection_point,0.4294267331628091,103
ASTON MARTIN,DB7,DB7,COUPE,EU,europe,RDW+VEH0124,2026,1357,,1274,0.6356867745946941,9,0.06102388027642377,-0.03858477504999592,23,2017,0.5209155485398579,0.3317547435863928,0.8325991189427313,0.5209155485398579,0.0,1.0,rarity|conservation|sorn_ratio|recent_inflection_point,0.42844704969889186,104
TVR,GRIFFITH,GRIFFITH,ROADSTER,EU,europe,RDW+VEH0124,2026,508,,81,0.7341142038427156,9,0.03910548153341451,-0.017929950847963783,14,2017,0.5844875346260388,0.4227822822820354,0.6475770925110133,0.5844875346260388,0.0,1.0,rarity|conservation|sorn_ratio|recent_inflection_point,0.42676557885167343,105
RENAULT,SPIDER,SPIDER,ROADSTER,EU,europe,RDW+VEH0124,2026,16,,,0.5517241379310345,9,0.17509187498820403,0.11805644260682574,14,,0.8333333333333334,0.7431358478655264,0.0,0.8333333333333334,0.0,1.0,rarity|conservation|sorn_ratio|recent_inflection_point,0.4267642134196009,106
BMW,Z3 M,E36_7,ROADSTER,EU,europe,RDW+VEH0124,2026,683,,193,0.7432397779818183,9,0.03810932607716385,-0.018926106304214443,14,2020,0.6146971201588878,0.3953583684927543,0.6519823788546256,0.6146971201588878,0.0,1.0,rarity|conservation|sorn_ratio|recent_inflection_point,0.42431044771789794,107
ALFA ROMEO,8C,8C,SUPERCAR,EU,europe,RDW+VEH0124,2026,40,,53,0.7547169811320755,9,0.06919298801251024,0.023703393070730994,9,,0.7045454545454546,0.6582468630465309,0.19823788546255508,0.7045454545454546,0.0,1.0,rarity|conservation|sorn_ratio|recent_inflection_point,0.4208549643410155,108
MITSUBISHI,LANCER EVOLUTION,V_VI,SPORTIVE,EU,europe,RDW+VEH0124,2026,256,,5,0.668153725626741,9,0.06297421651065595,0.00011835414771438346,30,,0.7497168742921857,0.48627169573105294,0.40088105726872253,0.7497168742921857,0.0,1.0,rarity|conservation|sorn_ratio|recent_inflection_point,0.42035873268148627,109
PORSCHE,911,991,SPORTIVE,EU,europe,RDW+VEH0124,2026,15583,,16644,0.7645816535477019,9,0.01105289691188765,-0.0157939402641067,17,2023,0.14767964642231196,0.10561922567930887,0.6123348017621146,0.14767964642231196,1.0,1.0,rarity|conservation|sorn_ratio|recent_inflection_point,0.4195863587127492,110
PORSCHE,CARRERA GT,980,SUPERCAR,EU,europe,RDW+VEH0124,2026,48,,63,0.671957671957672,9,0.05906657313505693,0.01326693821813616,6,,0.6477272727272727,0.6413558356373578,0.2599118942731278,0.6477272727272727,0.0,1.0,rarity|conservation|sorn_ratio|recent_inflection_point,0.41899797058681165,111
MITSUBISHI,ECLIPSE,1G_2G,COUPE,EU,europe,RDW+VEH0124,2026,231,,,0.9665854978354979,9,0.08954139486189619,0.005013389666573817,16,,0.796875,0.4957917849259998,0.3259911894273128,0.796875,0.0,1.0,rarity|conservation|sorn_ratio|recent_inflection_point,0.41439992208092813,112
VOLVO,850 R,854,SPORTIVE,EU,europe,RDW+VEH0124,2026,778,,,0.8996826799485861,9,0.04854526554783925,-0.014310596815102305,30,2020,0.6542056074766355,0.3832931653697072,0.5947136563876653,0.6542056074766355,0.0,1.0,rarity|conservation|sorn_ratio|recent_inflection_point,0.41367214347164094,113
BMW,Z4,E89,ROADSTER,EU,europe,RDW+VEH0124,2026,15120,,16703,0.8280107223395854,9,0.015095655983615215,-0.016390356191268773,14,2022,0.08881378844204123,0.1084135778796896,0.6299559471365639,0.08881378844204123,1.0,1.0,rarity|conservation|sorn_ratio|recent_inflection_point,0.41319649673044057,114
PEUGEOT,306 GTI-6,MK2,GTI,EU,europe,RDW+VEH0124,2026,257,,58,0.2968944289491102,9,0.10487948916403272,0.011470897159069349,19,,0.8273328434974284,0.4859105094660969,0.27753303964757714,0.8273328434974284,0.0,1.0,rarity|conservation|sorn_ratio|recent_inflection_point,0.4049185069245139,115
LOTUS,EXIGE,S1,SPORTIVE,EU,europe,RDW+VEH0124,2026,41,,175,0.30257839721254354,9,0.12258874210656405,0.059732879743622486,30,,0.7647058823529411,0.6559592367043567,0.07929515418502203,0.7647058823529411,0.0,1.0,rarity|conservation|sorn_ratio|recent_inflection_point,0.4023506978633686,116
VOLKSWAGEN,GOLF R,MK6,SPORTIVE,EU,europe,RDW+VEH0124,2026,1176,,1512,0.7703631717237159,9,-0.005787609514948593,-0.07041598548658719,34,2017,0.18252290345313602,0.3450174527735424,0.9603524229074891,0.18252290345313602,0.0,1.0,rarity|conservation|sorn_ratio|recent_inflection_point,0.3973487948882394,117
TVR,TUSCAN,TUSCAN,SPORTIVE,EU,europe,RDW+VEH0124,2026,601,,1124,0.5324992154238783,9,0.05815297000729499,-0.014455513120609187,35,2017,0.5194468452895419,0.4072075495627069,0.5991189427312776,0.5194468452895419,0.0,1.0,rarity|conservation|sorn_ratio|recent_inflection_point,0.39619174708767513,118
MASERATI,GHIBLI,II,COUPE,EU,europe,RDW+VEH0124,2026,58,,,0.8669181034482759,9,0.17559182187513736,0.09106381667981497,16,,0.821917808219178,0.6238236696166741,0.026431718061674013,0.821917808219178,0.0,1.0,rarity|conservation|sorn_ratio|recent_inflection_point,0.38932977552509007,119
LOTUS,ELISE,S1,SPORTIVE,EU,europe,RDW+VEH0124,2026,1434,,1026,0.6494064911415226,9,0.049092244710361804,-0.013763617652579762,30,2017,0.6434131736526946,0.3266415862983681,0.5814977973568283,0.6434131736526946,0.0,1.0,rarity|conservation|sorn_ratio|recent_inflection_point,0.38838163927417485,120
FERRARI,599,599,SUPERCAR,EU,europe,RDW+VEH0124,2026,354,,499,0.6620359362793384,9,0.04089852925313253,-0.004591065688646714,9,2021,0.5393518518518519,0.4562439199421921,0.4713656387665199,0.5393518518518519,0.0,1.0,rarity|conservation|sorn_ratio|recent_inflection_point,0.3853971520417676,121
JAGUAR,XK,X100,COUPE,EU,europe,RDW+VEH0124,2026,7566,,10650,0.5778301480399719,9,0.07683097057114374,-0.04216538845803496,27,2017,0.5362478840067711,0.17255611796449735,0.86784140969163,0.5362478840067711,0.0,1.0,rarity|conservation|sorn_ratio|recent_inflection_point,0.3846045705118358,122
BMW,M5,E34,SPORTIVE,EU,europe,RDW+VEH0124,2026,166,,,0.8102409638554217,9,0.09997578255110821,0.042924222404725085,14,,0.8194842406876791,0.5264041873771905,0.12775330396475773,0.8194842406876791,0.0,1.0,rarity|conservation|sorn_ratio|recent_inflection_point,0.3800766397107419,123
OPEL,CALIBRA,A,COUPE,EU,europe,RDW+VEH0124,2026,966,,,0.7654722351231943,9,0.09048871015855124,0.005960704963228855,16,,0.8603248259860788,0.36324151267190974,0.31718061674008813,0.8603248259860788,0.0,1.0,rarity|conservation|sorn_ratio|recent_inflection_point,0.37849464881740624,124
TVR,CHIMAERA,CHIMAERA,ROADSTER,EU,europe,RDW+VEH0124,2026,1682,,133,0.6899597247168819,9,0.04117677556037182,-0.01585865682100647,14,2017,0.5748663101604278,0.3118633772669666,0.6167400881057269,0.5748663101604278,0.0,1.0,rarity|conservation|sorn_ratio|recent_inflection_point,0.3783104661019556,125
MERCEDES-BENZ,CL,C140,COUPE,EU,europe,RDW+VEH0124,2026,106,,,0.5441643012189014,9,0.11555706426054539,0.031029059065223002,16,,0.6818181818181818,0.5679596042026105,0.16740088105726875,0.6818181818181818,0.0,1.0,rarity|conservation|sorn_ratio|recent_inflection_point,0.3769997180988672,126
FORD,SIERRA COSWORTH,MK2,SPORTIVE,EU,europe,RDW+VEH0124,2026,823,,,0.7345842274644819,9,0.04811726304524275,0.008545767922108809,4,,0.848449522033108,0.37808381424497167,0.29515418502202645,0.848449522033108,0.0,1.0,rarity|conservation|sorn_ratio|recent_inflection_point,0.3758077856478683,127
VOLKSWAGEN,POLO GTI,6R,GTI,EU,europe,RDW+VEH0124,2026,1352,,1429,0.9095811197469161,9,-0.01421296150395092,-0.06282339542160764,28,2017,0.09951287404314545,0.33209673053662386,0.9427312775330398,0.09951287404314545,0.0,1.0,rarity|conservation|sorn_ratio|recent_inflection_point,0.3718192498797074,128
PORSCHE,911,964,SPORTIVE,EU,europe,RDW+VEH0124,2026,3632,,,0.8520085510283356,9,0.033245331879577136,-0.023806228266805993,14,2017,0.5656265477959386,0.24054591253369462,0.696035242290749,0.5656265477959386,0.0,1.0,rarity|conservation|sorn_ratio|recent_inflection_point,0.37132518951866805,129
HONDA,ACCORD TYPE R,CH1,GTI,EU,europe,RDW+VEH0124,2026,139,,676,0.17250181119741212,9,0.15628929501202388,0.0628807030070605,19,,0.8017366136034733,0.5428498093148992,0.06607929515418502,0.8017366136034733,0.0,1.0,rarity|conservation|sorn_ratio|recent_inflection_point,0.36686457976945563,130
MERCEDES-BENZ,SLR MCLAREN,C199,SUPERCAR,EU,europe,RDW+VEH0124,2026,48,,85,0.7705882352941176,9,0.14362511780019527,0.09813552285841601,9,,0.6829268292682927,0.6413558356373578,0.022026431718061675,0.6829268292682927,0.0,1.0,rarity|conservation|sorn_ratio|recent_inflection_point,0.36656651625624914,131
BMW,135I,E82,SPORTIVE,EU,europe,RDW+VEH0124,2026,965,,1329,0.6886279371688557,9,0.03761829267420688,-0.02701008329743171,34,2020,0.23617208077260754,0.3633374672735654,0.73568281938326,0.23617208077260754,0.0,1.0,rarity|conservation|sorn_ratio|recent_inflection_point,0.3583232345460844,132
PORSCHE,911,993,SPORTIVE,EU,europe,RDW+VEH0124,2026,3642,,,0.7918422996080213,9,0.03676657542249616,-0.026089286940445405,30,2017,0.4575493345571363,0.2402911855114746,0.7268722466960353,0.4575493345571363,0.0,1.0,rarity|conservation|sorn_ratio|recent_inflection_point,0.3573298435144522,133
LEXUS,SC430,Z40,ROADSTER,EU,europe,RDW+VEH0124,2026,1680,,2275,0.675846153846154,9,0.04235928226693054,-0.030203462576811564,22,2020,0.29677088672475654,0.31197360233602695,0.7533039647577093,0.29677088672475654,0.0,1.0,rarity|conservation|sorn_ratio|recent_inflection_point,0.35687092935198805,134
LOTUS,ELISE,S2,SPORTIVE,EU,europe,RDW+VEH0124,2026,1873,,6458,0.36309137509658285,9,0.04897717873856916,-0.01565119723306943,34,2021,0.4960102138525375,0.3018987695400416,0.6079295154185023,0.4960102138525375,0.0,1.0,rarity|conservation|sorn_ratio|recent_inflection_point,0.35684899096414757,135
SUBARU,IMPREZA WRX,GC8,SPORTIVE,EU,europe,RDW+VEH0124,2026,1565,,,0.30763107639674536,9,0.06559317463736268,0.0027373122744211165,30,,0.7970290156879078,0.3185428115733478,0.3436123348017621,0.7970290156879078,0.0,1.0,rarity|conservation|sorn_ratio|recent_inflection_point,0.35679887088869383,136
FORD,FIESTA ST,MK7,GTI,EU,europe,RDW+VEH0124,2026,21997,,30377,0.7238687222697333,9,0.044171175750059986,-0.00443925816759673,28,2025,0.07669046619067618,0.07368242106650238,0.4625550660792952,0.07669046619067618,1.0,1.0,rarity|conservation|sorn_ratio|recent_inflection_point,0.3567657071312349,137
MITSUBISHI,LANCER EVOLUTION,VII_IX,SPORTIVE,EU,europe,RDW+VEH0124,2026,651,,4398,0.2688811210793343,9,0.07550347792276674,0.0028949947948625626,35,,0.6576292559899117,0.39980391862929904,0.3392070484581498,0.6576292559899117,0.0,1.0,rarity|conservation|sorn_ratio|recent_inflection_point,0.3562589848327744,138
PEUGEOT,406 COUPE,MK1,COUPE,EU,europe,RDW+VEH0124,2026,305,,3064,0.10217009801823396,9,0.13805526291310255,0.03844660758668286,23,,0.7630553390491036,0.4700465227110471,0.14096916299559473,0.7630553390491036,0.0,1.0,rarity|conservation|sorn_ratio|recent_inflection_point,0.3523696415075859,139
HONDA,CRX,ED9_EE8,COUPE,EU,europe,RDW+VEH0124,2026,685,,,0.8842372262773722,9,0.07614252598240598,0.027761953300892886,7,,0.8323076923076923,0.3950874789441493,0.18502202643171808,0.8323076923076923,0.0,1.0,rarity|conservation|sorn_ratio|recent_inflection_point,0.3509976626999202,140
AUDI,RS4,B5,SPORTIVE,EU,europe,RDW+VEH0124,2026,136,,324,0.404305200341006,9,0.10666677412765786,0.0438109117647163,30,,0.6467391304347826,0.5448712166244112,0.12334801762114539,0.6467391304347826,0.0,1.0,rarity|conservation|sorn_ratio|recent_inflection_point,0.3508897563107868,141
PORSCHE,CAYMAN,987,COUPE,EU,europe,RDW+VEH0124,2026,5393,,7888,0.6543673594235484,9,0.031163236786143085,-0.056006116887599613,25,2019,0.23570979899497488,0.20392197569661497,0.9251101321585904,0.23570979899497488,0.0,1.0,rarity|conservation|sorn_ratio|recent_inflection_point,0.3497921843324578,142
SEAT,IBIZA CUPRA,6L,GTI,EU,europe,VEH0124,2025,155,,1001,0.15484515484515485,9,0.16975578744850686,0.042290592644989716,38,,0.6509009009009009,0.5327561184535706,0.13215859030837004,0.6509009009009009,0.0,1.0,rarity|conservation|sorn_ratio|recent_inflection_point,0.3496844692160224,143
VOLKSWAGEN,POLO GTI,6N,GTI,EU,europe,VEH0124,2025,254,,1362,0.13347346295323173,9,0.14632468433473936,0.05291609232977598,19,,0.7601510859301227,0.4869983203156538,0.09691629955947137,0.7601510859301227,0.0,1.0,rarity|conservation|sorn_ratio|recent_inflection_point,0.34670870418637123,144
VOLKSWAGEN,GOLF GTI,MK2,GTI,EU,europe,RDW+VEH0124,2026,3641,,,0.7034089637563958,9,0.043455324198536045,0.0008371556501757527,4,,0.8245239658568615,0.2403166267198225,0.37885462555066085,0.8245239658568615,0.0,1.0,rarity|conservation|sorn_ratio|recent_inflection_point,0.3437292689109754,145
AUDI,RS6,C5,SPORTIVE,EU,europe,RDW+VEH0124,2026,297,,1038,0.31466235897835126,9,0.09344396320887695,0.020835480080972774,35,,0.6106442577030813,0.47250897091837923,0.2114537444933921,0.6106442577030813,0.0,1.0,rarity|conservation|sorn_ratio|recent_inflection_point,0.34037042748539703,146
BMW,M3,E36,SPORTIVE,EU,europe,RDW+VEH0124,2026,911,,,0.6214784742924577,9,0.07867457736935114,0.021623017222968013,14,,0.7971503562054744,0.36867240011181956,0.20704845814977976,0.7971503562054744,0.0,1.0,rarity|conservation|sorn_ratio|recent_inflection_point,0.3402275258176767,147
MASERATI,QUATTROPORTE,M139,PREMIUM,EU,europe,RDW+VEH0124,2026,1072,,1140,0.7438637405079864,9,0.10249482965612197,-0.005156875161388796,8,2021,0.47732426303854875,0.35359563369576874,0.48017621145374456,0.47732426303854875,0.0,1.0,rarity|conservation|sorn_ratio|recent_inflection_point,0.33926737726466494,148
VOLKSWAGEN,GOLF R,MK4,SPORTIVE,EU,europe,RDW+VEH0124,2026,735,,2298,0.3253074249717293,9,0.07397951236341488,0.001371029235510704,35,,0.5577275503970678,0.38856054402178364,0.3656387665198238,0.5577275503970678,0.0,1.0,rarity|conservation|sorn_ratio|recent_inflection_point,0.33895139211699377,149
RENAULT,CLIO 16V,MK1,GTI,EU,europe,RDW+VEH0124,2026,264,,,0.5445720441938294,9,0.1308980055620294,0.06551639205554301,11,,0.772005772005772,0.48342088127386146,0.052863436123348026,0.772005772005772,0.0,1.0,rarity|conservation|sorn_ratio|recent_inflection_point,0.33681432187784294,150
TOYOTA,SUPRA,A80,SPORTIVE,EU,europe,RDW+VEH0124,2026,889,,650,0.5663764572781004,9,0.07607034921266326,0.013214486849721693,30,,0.7025423728813559,0.3709371479005553,0.2643171806167401,0.7025423728813559,0.0,1.0,rarity|conservation|sorn_ratio|recent_inflection_point,0.33641577149565055,151
TOYOTA,CELICA,T200,COUPE,EU,europe,RDW+VEH0124,2026,1672,,,0.4237790648870981,9,0.10366792558954852,0.004059270263128828,23,,0.7158722813512263,0.3124158187346828,0.3348017621145375,0.7158722813512263,0.0,1.0,rarity|conservation|sorn_ratio|recent_inflection_point,0.3362204333560186,152
VOLKSWAGEN,GOLF GTI,MK6,GTI,EU,europe,RDW+VEH0124,2026,5664,,6912,0.8096077330917164,9,0.011107179760832525,-0.11635801504268461,38,2017,0.09261067708333333,0.1993797678077186,0.9911894273127754,0.09261067708333333,0.0,1.0,rarity|conservation|sorn_ratio|recent_inflection_point,0.336102410977562,153
BMW,M5,E60,SPORTIVE,EU,europe,RDW+VEH0124,2026,883,,2032,0.5234710097109888,9,0.06535399848139466,0.0007256225097560659,34,,0.5492424242424242,0.37156453738368167,0.38325991189427316,0.5492424242424242,0.0,1.0,rarity|conservation|sorn_ratio|recent_inflection_point,0.33571105090634173,154
SAAB,900 TURBO,CLASSIC,COUPE,EU,europe,RDW+VEH0124,2026,1066,,,0.7378057171241865,9,0.06394575010838492,0.015565177426871829,7,,0.7168949771689498,0.35411562098947785,0.24669603524229078,0.7168949771689498,0.0,1.0,rarity|conservation|sorn_ratio|recent_inflection_point,0.3289934715906799,155
MAZDA,MX-3,EC,COUPE,EU,europe,RDW+VEH0124,2026,336,,,0.6880213546880214,9,0.16288648753059698,0.07835848233527459,16,,0.7901234567901234,0.4610786251886409,0.03524229074889868,0.7901234567901234,0.0,1.0,rarity|conservation|sorn_ratio|recent_inflection_point,0.32821278286127364,156
PORSCHE,911,996,SPORTIVE,EU,europe,RDW+VEH0124,2026,10424,,12295,0.7264344770740528,9,0.03826309786256712,-0.03434538526533706,35,2017,0.3797216699801193,0.14286863853769113,0.8017621145374451,0.3797216699801193,0.0,1.0,rarity|conservation|sorn_ratio|recent_inflection_point,0.326388886118577,157
AUDI,S4,B5,SPORTIVE,EU,europe,RDW+VEH0124,2026,305,,77,0.38299106350239687,9,0.10695691384086851,0.04410105147792695,30,,0.6517533252720678,0.4700465227110471,0.11894273127753305,0.6517533252720678,0.0,1.0,rarity|conservation|sorn_ratio|recent_inflection_point,0.3246026308226633,158
AUDI,RS6,C6,SPORTIVE,EU,europe,RDW+VEH0124,2026,368,,705,0.521222633364169,9,0.06553689635568609,0.0009085203840474981,34,,0.35892857142857143,0.4526506212479401,0.37004405286343617,0.35892857142857143,0.0,1.0,rarity|conservation|sorn_ratio|recent_inflection_point,0.32272444493835234,159
VOLKSWAGEN,GOLF GTI,MK3,GTI,EU,europe,RDW+VEH0124,2026,1213,,,0.5054239745951628,9,0.10596088843394484,0.04057927492745844,11,,0.8408218559494243,0.34214754233367656,0.13656387665198239,0.8408218559494243,0.0,1.0,rarity|conservation|sorn_ratio|recent_inflection_point,0.3220569801696672,160
VOLKSWAGEN,SCIROCCO,MK3,COUPE,EU,europe,RDW+VEH0124,2026,48727,,54589,0.8181433838116591,9,0.03326661055460329,-0.0019317102792698188,16,2022,0.05939136833903294,0.0,0.4405286343612335,0.05939136833903294,1.0,1.0,rarity|conservation|sorn_ratio|recent_inflection_point,0.322010432258115,161
MERCEDES-BENZ,E55 AMG,W210,SPORTIVE,EU,europe,RDW+VEH0124,2026,189,,77,0.6813725490196079,9,0.17027568519784228,0.10741982283490072,30,,0.6949152542372882,0.514382752866777,0.00881057268722467,0.6949152542372882,0.0,1.0,rarity|conservation|sorn_ratio|recent_inflection_point,0.3212196575226357,162
JAGUAR,XJ,X300_X308,PREMIUM,EU,europe,RDW+VEH0124,2026,3698,,7391,0.37113176131662096,9,0.13436581275279405,0.0008376369027953966,6,,0.718141214482562,0.23887751422951595,0.3744493392070485,0.718141214482562,0.0,1.0,rarity|conservation|sorn_ratio|recent_inflection_point,0.32084770767860515,163
VOLVO,480,480,COUPE,EU,europe,RDW+VEH0124,2026,876,,,0.8985498939645784,9,0.10140784334529827,0.05302727066378518,7,,0.8420348058902276,0.37230190241013017,0.0881057268722467,0.8420348058902276,0.0,1.0,rarity|conservation|sorn_ratio|recent_inflection_point,0.3207390587396528,164
VOLKSWAGEN,GOLF GTI,MK5,GTI,EU,europe,RDW+VEH0124,2026,10613,,20812,0.509860961282131,9,0.08174485922035196,-0.045720335583165184,38,2021,0.24299333381119634,0.14120393185023836,0.881057268722467,0.24299333381119634,0.0,1.0,rarity|conservation|sorn_ratio|recent_inflection_point,0.3182843600904395,165
PORSCHE,BOXSTER,987,ROADSTER,EU,europe,RDW+VEH0124,2026,9918,,14045,0.6739314066337202,9,0.028962177869329923,-0.03898793162793686,21,2021,0.2576332728172966,0.14747857039298956,0.841409691629956,0.2576332728172966,0.0,1.0,rarity|conservation|sorn_ratio|recent_inflection_point,0.3134965771084947,166
PEUGEOT,206 GTI,MK1,GTI,EU,europe,RDW+VEH0124,2026,650,,12203,0.056015229546328454,9,0.19431926400999258,0.06017343324038373,27,,0.7723120168657766,0.39994633857989326,0.0748898678414097,0.7723120168657766,0.0,1.0,rarity|conservation|sorn_ratio|recent_inflection_point,0.31316608883647035,167
TOYOTA,MR2,SW20,SPORTIVE,EU,europe,RDW+VEH0124,2026,2784,,,0.505371008727366,9,0.07102725900304258,0.013975698856659446,14,,0.7799958839267339,0.2651795052540319,0.2511013215859031,0.7799958839267339,0.0,1.0,rarity|conservation|sorn_ratio|recent_inflection_point,0.31158733402073374,168
MERCEDES-BENZ,S-CLASS,W140,PREMIUM,EU,europe,RDW+VEH0124,2026,714,,,0.6328560640723753,9,0.13511651896274998,0.060684389175064954,4,,0.7795172863666014,0.3912460700147624,0.07048458149779736,0.7795172863666014,0.0,1.0,rarity|conservation|sorn_ratio|recent_inflection_point,0.3104607271529365,169
MERCEDES-BENZ,CL,C215,COUPE,EU,europe,RDW+VEH0124,2026,1262,,3052,0.5020814596648063,9,0.127849323070053,0.008852964040874309,27,,0.5883720930232558,0.3384787285398256,0.29074889867841414,0.5883720930232558,0.0,1.0,rarity|conservation|sorn_ratio|recent_inflection_point,0.30882919826319366,170
VOLKSWAGEN,GOLF R,MK5,SPORTIVE,EU,europe,RDW+VEH0124,2026,3058,,5477,0.5579224040887795,9,0.048735639545383,-0.015892736426255584,34,2017,0.31758118701007837,0.2564827788841661,0.6211453744493393,0.31758118701007837,0.0,1.0,rarity|conservation|sorn_ratio|recent_inflection_point,0.3085715536238086,171
BMW,M5,E39,SPORTIVE,EU,europe,RDW+VEH0124,2026,721,,1029,0.6002206053326198,9,0.08593562171721397,0.02307975935427241,30,,0.594238683127572,0.39034221738587616,0.20264317180616742,0.594238683127572,0.0,1.0,rarity|conservation|sorn_ratio|recent_inflection_point,0.3061283056621129,172
CITROEN,DS3 RACING,A55,GTI,EU,europe,RDW+VEH0124,2026,171,,173,0.7551972416590609,9,0.05966313012080624,0.011052696203149526,28,,0.25,0.5236549007763154,0.28193832599118945,0.25,0.0,1.0,rarity|conservation|sorn_ratio|recent_inflection_point,0.3037637967695077,173
TOYOTA,GT86,ZN6,COUPE,EU,europe,RDW+VEH0124,2026,8180,,7276,0.9816593308751987,9,-0.04430169791648997,-0.05591965960508259,11,2021,0.06582768635043562,0.16532731427472291,0.920704845814978,0.06582768635043562,0.0,1.0,rarity|conservation|sorn_ratio|recent_inflection_point,0.30120630871998466,174
FIAT,BARCHETTA,183,ROADSTER,EU,europe,RDW+VEH0124,2026,1543,,507,0.9193763014491864,9,0.09125821380828898,0.03422278142691069,14,,0.7322738386308069,0.31985439815869465,0.15859030837004406,0.7322738386308069,0.0,1.0,rarity|conservation|sorn_ratio|recent_inflection_point,0.2980513841742155,175
MERCEDES-BENZ,C55 AMG,W203,SPORTIVE,EU,europe,RDW+VEH0124,2026,152,,146,0.7602739726027398,9,0.12219610685368017,0.04958762372577599,35,,0.4214876033057851,0.5345668111317976,0.10132158590308371,0.4214876033057851,0.0,1.0,rarity|conservation|sorn_ratio|recent_inflection_point,0.2967263010330571,176
FERRARI,360,360,SUPERCAR,EU,europe,RDW+VEH0124,2026,707,,1227,0.598466378248024,9,0.07045812204498302,0.024658487128062255,6,,0.5517587939698493,0.39215882773901917,0.19383259911894274,0.5517587939698493,0.0,1.0,rarity|conservation|sorn_ratio|recent_inflection_point,0.2960654982823622,177
ALFA ROMEO,SPIDER,916,ROADSTER,EU,europe,RDW+VEH0124,2026,1464,,1245,0.6922799689900873,9,0.08530000072225959,0.028264568340881292,14,,0.6850758853288365,0.3247234192346372,0.18061674008810574,0.6850758853288365,0.0,1.0,rarity|conservation|sorn_ratio|recent_inflection_point,0.2958225588199167,178
MITSUBISHI,LANCER EVOLUTION,X,SPORTIVE,EU,europe,RDW+VEH0124,2026,604,,2050,0.3383427556129866,9,0.05833798941801899,0.012837532772495115,31,,0.42311770943796395,0.40674624988954033,0.26872246696035246,0.42311770943796395,0.0,1.0,rarity|conservation|sorn_ratio|recent_inflection_point,0.29416534608902,179
MERCEDES-BENZ,E55 AMG,W211,SPORTIVE,EU,europe,RDW+VEH0124,2026,466,,629,0.6767469312281229,9,0.09145690579083765,0.018848422662933476,35,,0.42660550458715596,0.4307770853978076,0.2246696035242291,0.42660550458715596,0.0,1.0,rarity|conservation|sorn_ratio|recent_inflection_point,0.2922604816877211,180
LEXUS,LS400,XF10_XF20,PREMIUM,EU,europe,RDW+VEH0124,2026,829,,,0.38646874035220613,9,0.11988313195652177,0.045451002168836754,4,,0.6508905852417303,0.37741085128869584,0.11013215859030838,0.6508905852417303,0.0,1.0,rarity|conservation|sorn_ratio|recent_inflection_point,0.28980495464696665,181
PORSCHE,911,997,SPORTIVE,EU,europe,RDW+VEH0124,2026,16101,,21174,0.6777698856632475,9,0.03208419548761122,-0.03254418048402737,34,2017,0.2956678910850679,0.10258968704430124,0.775330396475771,0.2956678910850679,0.0,1.0,rarity|conservation|sorn_ratio|recent_inflection_point,0.28887256780146175,182
ALFA ROMEO,156,932,PREMIUM,EU,europe,RDW+VEH0124,2026,2323,,26558,0.7070157156015585,9,0.19156887323766658,0.044760361377934016,8,,0.803486083778465,0.28195081157014973,0.11453744493392072,0.803486083778465,0.0,1.0,rarity|conservation|sorn_ratio|recent_inflection_point,0.2880143620387256,183
MINI,COOPER S,R56,GTI,EU,europe,RDW+VEH0124,2026,32898,,52227,0.6033102991971582,9,0.0642842641165039,-0.06318093068701325,38,2017,0.17672094744633604,0.03639261085336934,0.947136563876652,0.17672094744633604,0.0,1.0,rarity|conservation|sorn_ratio|recent_inflection_point,0.2848657442571095,184
SUBARU,IMPREZA WRX,GR,SPORTIVE,EU,europe,RDW+VEH0124,2026,1139,,3665,0.31957833814635994,9,0.04761277999305873,0.0021123233475348613,31,,0.36254295532646047,0.34797911655550867,0.3612334801762115,0.36254295532646047,0.0,1.0,rarity|conservation|sorn_ratio|recent_inflection_point,0.284609651903773,185
FORD,PUMA,MK1,COUPE,EU,europe,RDW+VEH0124,2026,1506,,19007,0.18731270761545266,9,0.17636002835349462,0.07675137302707494,23,,0.8014627456955661,0.32210300569106465,0.039647577092511016,0.8014627456955661,0.0,1.0,rarity|conservation|sorn_ratio|recent_inflection_point,0.2829404954041136,186
SKODA,OCTAVIA VRS,1U,GTI,EU,europe,VEH0124,2025,797,,5548,0.14365537130497477,9,0.1706410639868097,0.036495233217200856,27,,0.5613648871766649,0.3810578327625945,0.14537444933920707,0.5613648871766649,0.0,1.0,rarity|conservation|sorn_ratio|recent_inflection_point,0.2819868312370428,187
AUDI,RS4,B7,SPORTIVE,EU,europe,RDW+VEH0124,2026,1535,,3270,0.4698373327755033,9,0.06689022779399638,0.0022618518223577883,34,,0.404296875,0.3203359803197322,0.3524229074889868,0.404296875,0.0,1.0,rarity|conservation|sorn_ratio|recent_inflection_point,0.28108269498415295,188
MAZDA,MX-5,NA,ROADSTER,EU,europe,RDW+VEH0124,2026,8822,,,0.6163063631267195,9,0.07252111916916625,0.008122663561363569,4,,0.6949771191980824,0.1583274503619039,0.2995594713656388,0.6949771191980824,0.0,1.0,rarity|conservation|sorn_ratio|recent_inflection_point,0.2692998993076925,189
SEAT,LEON CUPRA,1M,GTI,EU,europe,RDW+VEH0124,2026,1440,,13264,0.11019598788701246,9,0.18091635151193738,0.04677052074232855,27,,0.6371212121212121,0.32625476252295676,0.10572687224669605,0.6371212121212121,0.0,1.0,rarity|conservation|sorn_ratio|recent_inflection_point,0.26804512736895125,190
JAGUAR,F-TYPE,X152,SPORTIVE,EU,europe,RDW+VEH0124,2026,16055,,14298,0.9891640828467656,9,-0.012550771374613218,-0.03939760855060757,17,2021,0.09015256588072122,0.10285474701751782,0.8502202643171807,0.09015256588072122,0.0,1.0,rarity|conservation|sorn_ratio|recent_inflection_point,0.2665847407115706,191
MAZDA,RX-8,SE3P,COUPE,EU,europe,RDW+VEH0124,2026,2433,,25413,0.26942592708771684,9,0.1506224037373832,0.0634530500636405,25,,0.7517428350116189,0.27766457301133374,0.061674008810572695,0.7517428350116189,0.0,1.0,rarity|conservation|sorn_ratio|recent_inflection_point,0.26294966975893375,192
FORD,FIESTA ST,MK6,GTI,EU,europe,RDW+VEH0124,2026,4896,,16654,0.2944045194936387,9,0.12960251597178477,0.0021373211682676196,38,,0.47622617262797173,0.212879116100837,0.35682819383259917,0.47622617262797173,0.0,1.0,rarity|conservation|sorn_ratio|recent_inflection_point,0.2589599736190371,193
ABARTH,500,312,GTI,EU,europe,RDW+VEH0124,2026,23561,,9033,0.9892523541136455,9,0.0008492852403403623,-0.04776114867731635,28,2017,0.05171084141738036,0.06731899740397855,0.8986784140969164,0.05171084141738036,0.0,1.0,rarity|conservation|sorn_ratio|recent_inflection_point,0.2585734208990977,194
AUDI,R8,42,SUPERCAR,EU,europe,RDW+VEH0124,2026,1919,,3685,0.5200038464176346,9,0.05116151376467267,0.005671918822893425,9,,0.35300391041592605,0.29965096342038877,0.3215859030837005,0.35300391041592605,0.0,1.0,rarity|conservation|sorn_ratio|recent_inflection_point,0.2558750950512464,195
MINI,COOPER S,R53,GTI,EU,europe,RDW+VEH0124,2026,16661,,39817,0.46929339957301835,9,0.12647222500466845,-0.007673605764940389,27,2019,0.44662018287336647,0.09942225020094152,0.5198237885462555,0.44662018287336647,0.0,1.0,rarity|conservation|sorn_ratio|recent_inflection_point,0.2540777712815667,196
VOLKSWAGEN,PHAETON,3D,PREMIUM,EU,europe,RDW+VEH0124,2026,959,,2386,0.5092396819472645,9,0.1417658529644745,0.034114148146963716,8,,0.4276841171251109,0.36391529134804634,0.1629955947136564,0.4276841171251109,0.0,1.0,rarity|conservation|sorn_ratio|recent_inflection_point,0.2536560740752525,197
CITROEN,C2 VTS,A6,GTI,EU,europe,VEH0124,2025,626,,4504,0.13898756660746003,9,0.22857681342797917,0.10111161862446202,38,,0.5310861423220974,0.4034317963923434,0.01762114537444934,0.5310861423220974,0.0,1.0,rarity|conservation|sorn_ratio|recent_inflection_point,0.251823643545352,198
FERRARI,CALIFORNIA,F149,ROADSTER,EU,europe,RDW+VEH0124,2026,1403,,1007,0.8421389006168665,9,0.033934429485640426,0.002448417310756436,14,,0.2478519497686715,0.32866631894607473,0.3480176211453745,0.2478519497686715,0.0,1.0,rarity|conservation|sorn_ratio|recent_inflection_point,0.2516080068712041,199
SMART,ROADSTER,452,ROADSTER,EU,europe,RDW+VEH0124,2026,3011,,5785,0.576686462515576,9,0.09333504833833767,0.020772303494595565,22,,0.5339233038348082,0.25791773111767136,0.21585903083700442,0.5339233038348082,0.0,1.0,rarity|conservation|sorn_ratio|recent_inflection_point,0.2510206243673977,200
AUDI,TT,8J,COUPE,EU,europe,RDW+VEH0124,2026,46475,,59587,0.7477630026651173,9,0.030164713980417673,-0.05700463969332502,25,2017,0.08395565559458948,0.00438380653513648,0.9295154185022028,0.08395565559458948,0.0,1.0,rarity|conservation|sorn_ratio|recent_inflection_point,0.25070431803176635,201
SUBARU,IMPREZA WRX,GD,SPORTIVE,EU,europe,RDW+VEH0124,2026,6192,,27056,0.23360527862968106,9,0.08206533237307109,0.009456849245166918,35,,0.5471781630394689,0.19112259954075617,0.28634361233480177,0.5471781630394689,0.0,1.0,rarity|conservation|sorn_ratio|recent_inflection_point,0.2479144455308589,202
TOYOTA,MR2,ZZW30,ROADSTER,EU,europe,RDW+VEH0124,2026,5257,,16805,0.3848929102450045,9,0.0844817310578471,0.011918986214105004,22,,0.5299053356282272,0.20628822746273554,0.27312775330396477,0.5299053356282272,0.0,1.0,rarity|conservation|sorn_ratio|recent_inflection_point,0.24646388506359407,203
PORSCHE,BOXSTER,986,ROADSTER,EU,europe,RDW+VEH0124,2026,10480,,13549,0.6351687622804099,9,0.05549331316997707,-0.0015421192114012244,14,2017,0.44114411441144114,0.14237226603965727,0.43171806167400884,0.44114411441144114,0.0,1.0,rarity|conservation|sorn_ratio|recent_inflection_point,0.24598863141467048,204
ALFA ROMEO,BRERA,939,COUPE,EU,europe,RDW+VEH0124,2026,1849,,3034,0.5971240667780656,9,0.10578641516820096,0.01861706149445827,25,,0.38018867924528305,0.3030935522631343,0.23348017621145375,0.38018867924528305,0.0,1.0,rarity|conservation|sorn_ratio|recent_inflection_point,0.24049052319401704,205
MAZDA,MX-5,NC,ROADSTER,EU,europe,RDW+VEH0124,2026,41222,,56006,0.6959327463672205,9,0.03249013611429758,-0.0354599733829692,21,2020,0.1617557269170756,0.01549577301593035,0.8105726872246697,0.1617557269170756,0.0,1.0,rarity|conservation|sorn_ratio|recent_inflection_point,0.24041783774515818,206
MG,MGF,MGF,ROADSTER,EU,europe,RDW+VEH0124,2026,4539,,8319,0.4850740013581116,9,0.13218217993094922,0.07514674754957093,14,,0.756451997141269,0.21989337419858535,0.048458149779735685,0.756451997141269,0.0,1.0,rarity|conservation|sorn_ratio|recent_inflection_point,0.24036761784269262,207
SUBARU,BRZ,ZC6,COUPE,EU,europe,RDW+VEH0124,2026,954,,948,0.9129227149289246,9,0.01224533457447529,0.0006273728858826651,11,,0.06956521739130435,0.36439957974627313,0.3876651982378855,0.06956521739130435,0.0,1.0,rarity|conservation|sorn_ratio|recent_inflection_point,0.23836919594892783,208
MERCEDES-BENZ,S-CLASS,W220,PREMIUM,EU,europe,RDW+VEH0124,2026,3066,,12759,0.5526647933103972,9,0.21087756462127505,0.06406905276154246,8,,0.6525894643254057,0.2562407299950317,0.05726872246696036,0.6525894643254057,0.0,1.0,rarity|conservation|sorn_ratio|recent_inflection_point,0.23451932898008232,209
MERCEDES-BENZ,SLK,R171,ROADSTER,EU,europe,RDW+VEH0124,2026,22146,,32492,0.6385456597231546,9,0.051970234397013045,-0.015979875100253733,21,2017,0.2181904066646627,0.0730569976830691,0.6255506607929516,0.2181904066646627,0.0,1.0,rarity|conservation|sorn_ratio|recent_inflection_point,0.22559569572024463,210
VOLVO,C70,I,COUPE,EU,europe,RDW+VEH0124,2026,3207,,8340,0.6531195623482504,9,0.1752702017989344,0.05627384276975571,27,,0.5803174603174603,0.25207525029594935,0.08370044052863437,0.5803174603174603,0.0,1.0,rarity|conservation|sorn_ratio|recent_inflection_point,0.22521493979923296,211
MG,TF,TF,ROADSTER,EU,europe,RDW+VEH0124,2026,6863,,28672,0.3170478934985221,9,0.10269283079246809,0.03474272129520131,21,,0.5891974664160924,0.18159076365176033,0.15418502202643172,0.5891974664160924,0.0,1.0,rarity|conservation|sorn_ratio|recent_inflection_point,0.21994251606794252,212
NISSAN,350Z,Z33,SPORTIVE,EU,europe,RDW+VEH0124,2026,4072,,8206,0.5183789043141082,9,0.09918796523555111,0.026579482107646935,35,,0.4574058577405858,0.22995197705143736,0.18942731277533043,0.4574058577405858,0.0,1.0,rarity|conservation|sorn_ratio|recent_inflection_point,0.21932119170995285,213
MERCEDES-BENZ,S-CLASS,W221,PREMIUM,EU,europe,RDW+VEH0124,2026,8326,,18386,0.5061008217852835,9,0.10765170481751078,0.0,8,,0.29944713979465193,0.16368834661758377,0.407488986784141,0.29944713979465193,0.0,1.0,rarity|conservation|sorn_ratio|recent_inflection_point,0.21905259597111998,214
MERCEDES-BENZ,SL,R230,ROADSTER,EU,europe,RDW+VEH0124,2026,8291,,14366,0.5714917874966882,9,0.07229430613583014,0.0043441966385633635,21,,0.38800152120174936,0.1640786156651463,0.3303964757709251,0.38800152120174936,0.0,1.0,rarity|conservation|sorn_ratio|recent_inflection_point,0.21762693866588234,215
BMW,Z3,E36_7,ROADSTER,EU,europe,RDW+VEH0124,2026,9129,,5022,0.5796782400110881,9,0.08750926592079813,0.030473833539419855,14,,0.5786163522012578,0.15515831990770276,0.1762114537444934,0.5786163522012578,0.0,1.0,rarity|conservation|sorn_ratio|recent_inflection_point,0.21408154584407088,216
BMW,Z4,E85,ROADSTER,EU,europe,RDW+VEH0124,2026,12150,,21967,0.5482926372349396,9,0.07275358909945692,0.00019084425571481986,22,,0.3433436351973876,0.1286738551203104,0.39207048458149785,0.3433436351973876,0.0,1.0,rarity|conservation|sorn_ratio|recent_inflection_point,0.2117221974769606,217
BMW,6 SERIES,E63,COUPE,EU,europe,RDW+VEH0124,2026,7222,,13562,0.540397361108553,9,0.09341215835587606,0.006242804682133368,25,,0.3360815298293828,0.17686709189714875,0.3127753303964758,0.3360815298293828,0.0,1.0,rarity|conservation|sorn_ratio|recent_inflection_point,0.20731362072899756,218
MERCEDES-BENZ,CLK,C208,COUPE,EU,europe,RDW+VEH0124,2026,5124,,23456,0.5235454054589429,9,0.20193574104546055,0.10232708571904087,23,,0.6461715454429247,0.20866224681953863,0.013215859030837006,0.6461715454429247,0.0,1.0,rarity|conservation|sorn_ratio|recent_inflection_point,0.2055700602331327,219
VOLKSWAGEN,GOLF GTI,MK4,GTI,EU,europe,RDW+VEH0124,2026,5220,,29243,0.12659860830402905,9,0.16930746045879078,0.0758988684538274,19,,0.6092740117240343,0.2069425842741044,0.04405286343612335,0.6092740117240343,0.0,1.0,rarity|conservation|sorn_ratio|recent_inflection_point,0.20529792269977423,220
TOYOTA,CELICA,T230,COUPE,EU,europe,RDW+VEH0124,2026,6485,,32536,0.3036581174350447,9,0.14953027746038342,0.030533918431204718,27,,0.4845890410958904,0.18683931897396736,0.17180616740088106,0.4845890410958904,0.0,1.0,rarity|conservation|sorn_ratio|recent_inflection_point,0.20526311171028694,221
ALFA ROMEO,GT,937,COUPE,EU,europe,RDW+VEH0124,2026,3167,,7136,0.6879635014817888,9,0.20370027574731972,0.11653092207357703,25,,0.5173116089613035,0.25323804133216915,0.004405286343612335,0.5173116089613035,0.0,1.0,rarity|conservation|sorn_ratio|recent_inflection_point,0.19319695784442298,222
VOLKSWAGEN,GOLF GTI,MK7,GTI,EU,europe,RDW+VEH0124,2026,27570,,32571,0.84211907833791,9,0.005192378438430736,-0.016713184044324685,18,2021,0.022792937399678973,0.05276131825608569,0.6343612334801763,0.022792937399678973,0.0,1.0,rarity|conservation|sorn_ratio|recent_inflection_point,0.18161535723960984,223
AUDI,TT,8N,COUPE,EU,europe,RDW+VEH0124,2026,21664,,47148,0.5020309379424845,9,0.13538215375900128,0.016385794729822586,27,,0.4619768190598841,0.0750956320954451,0.24229074889867844,0.4619768190598841,0.0,1.0,rarity|conservation|sorn_ratio|recent_inflection_point,0.17925152227005223,224
MAZDA,MX-5,NB,ROADSTER,EU,europe,RDW+VEH0124,2026,16813,,36665,0.4858413855628504,9,0.12555327498658092,0.05299053014283882,22,,0.5576903247980752,0.09858088023924708,0.09251101321585904,0.5576903247980752,0.0,1.0,rarity|conservation|sorn_ratio|recent_inflection_point,0.1691691263473163,225
MERCEDES-BENZ,SLK,R170,ROADSTER,EU,europe,RDW+VEH0124,2026,11149,,15878,0.6031696943691128,9,0.1469450572659629,0.08990962488458462,14,,0.4956502174891255,0.1366393408572791,0.030837004405286347,0.4956502174891255,0.0,1.0,rarity|conservation|sorn_ratio|recent_inflection_point,0.15466306389919438,226
PEUGEOT,RCZ,MK1,COUPE,EU,europe,RDW+VEH0124,2026,10957,,12777,0.7853913755614748,9,0.0488337063118886,0.013635385478015495,16,,0.11047741698095852,0.138248689083763,0.25550660792951546,0.11047741698095852,0.0,1.0,rarity|conservation|sorn_ratio|recent_inflection_point,0.1343591765578876,227
MERCEDES-BENZ,CLK,C209,COUPE,EU,europe,RDW+VEH0124,2026,19472,,51904,0.41320055796232624,9,0.12241567737350799,0.0352463236997653,25,,0.2796793485176231,0.08497838857519179,0.1497797356828194,0.2796793485176231,0.0,1.0,rarity|conservation|sorn_ratio|recent_inflection_point,0.12312323962554661,228
ALPINE,A610,A610,SPORTIVE,EU,europe,RDW,2026,1,,,1.0,0,,,0,,,1.0,,,,0.35,rarity,,
AUDI,S2,B3_B4,COUPE,EU,europe,RDW,2026,1,,,1.0,0,,,0,,,1.0,,,,0.35,rarity,,
CATERHAM,SEVEN,SEVEN,SPORTIVE,EU,europe,RDW,2026,106,,,1.0,0,,,0,,,0.5679596042026105,,,,0.35,rarity,,
FERRARI,348,348,SUPERCAR,EU,europe,RDW,2026,122,,,1.0,0,,,0,,,0.5549355075300426,,,,0.35,rarity,,
FERRARI,456,456,COUPE,EU,europe,RDW,2026,93,,,1.0,0,,,0,,,0.5800811290780158,,,,0.35,rarity,,
FERRARI,550,550,SUPERCAR,EU,europe,RDW,2026,40,,,1.0,0,,,0,,,0.6582468630465309,,,,0.35,rarity,,
FERRARI,F355,F355,SUPERCAR,EU,europe,RDW,2026,138,,,1.0,0,,,0,,,0.5435187231206265,,,,0.35,rarity,,
HONDA,CRX DEL SOL,EG,ROADSTER,EU,europe,RDW,2026,6,,,1.0,0,,,0,,,0.834003949738213,,,,0.35,rarity,,
HONDA,INTEGRA TYPE R,DC2,GTI,EU,europe,RDW,2026,72,,,1.0,0,,,0,,,0.6037918614428075,,,,0.35,rarity,,
HONDA,INTEGRA TYPE R,DC5,GTI,EU,europe,RDW,2026,8,,,1.0,0,,,0,,,0.8073518858991449,,,,0.35,rarity,,
HONDA,NSX,NA1_NA2,SUPERCAR,EU,europe,RDW+VEH0124,2026,231,,104,0.7785560895797117,9,-0.011124856875118706,,2,,0.5763888888888888,0.4957917849259998,,0.5763888888888888,,0.55,rarity|sorn_ratio,,
JAGUAR,XJS,XJS,COUPE,EU,europe,RDW+VEH0124,2026,2982,,,0.7528232791431616,9,0.03424271956428645,,1,,0.7483490566037736,0.25881434436624823,,0.7483490566037736,,0.55,rarity|sorn_ratio,,
LANCIA,THEMA 8.32,Y9,PREMIUM,EU,europe,RDW+VEH0124,2026,70,,,0.9880952380952381,9,0.00016616250871819468,,1,,0.8484848484848485,0.6064017286650507,,0.8484848484848485,,0.55,rarity|sorn_ratio,,
LOTUS,ESPRIT,X180_S4,SUPERCAR,EU,europe,RDW+VEH0124,2026,394,,77,0.6993880165093221,9,0.031080452593923242,,1,,0.6942783945345858,0.4463259924339607,,0.6942783945345858,,0.55,rarity|sorn_ratio,,
