make,model_raw_regex,year_from,year_to,model_gen,generation
ALFA ROMEO,^155\b,,,155,167
ALFA ROMEO,^156\b,,,156,932
ALFA ROMEO,^147.*GTA,,,147 GTA,937
ALFA ROMEO,^147(?!.*GTA),,,147,
ALFA ROMEO,^GTV,1974,1986,GTV,116
ALFA ROMEO,^GTV,1995,2005,GTV,916
ALFA ROMEO,^SPIDER,1966,1994,SPIDER,105_115
ALFA ROMEO,^SPIDER,1995,2005,SPIDER,916
ALFA ROMEO,^SPIDER,2006,2010,SPIDER,939
ALFA ROMEO,^GT\b(?![VA]),,,GT,937
ALFA ROMEO,^BRERA,,,BRERA,939
ALFA ROMEO,^8C,,,8C,8C
ALFA ROMEO,^4C,,,4C,960
ALFA ROMEO,^(145|146|159|164|166|33|75|90)\b,,,OTHER SALOON,
ALFA ROMEO,^GIULIETTA,,,GIULIETTA,
ALFA ROMEO,^MITO,,,MITO,
ALFA ROMEO,^GIULIA,,,GIULIA,
ALFA ROMEO,^STELVIO,,,STELVIO,
ALFA ROMEO,^TONALE,,,TONALE,
ALPINE,^A ?610,,,A610,A610
ALPINE,^A ?110,,,A110,
ALPINE,^(A ?)?GTA|^V6,,,GTA,
ASTON MARTIN,^DB ?7,,,DB7,DB7
ASTON MARTIN,^DB ?9,,,DB9,DB9
ASTON MARTIN,^V8 ?VANTAGE|^VANTAGE(?!.*V12),1977,1989,V8 VANTAGE,OSCAR_INDIA
ASTON MARTIN,^V8 ?VANTAGE|^VANTAGE(?!.*V12),2005,2017,V8 VANTAGE,VH
ASTON MARTIN,^V8 ?VANTAGE|^VANTAGE(?!.*V12),2018,2025,V8 VANTAGE,AM6
ASTON MARTIN,^V12 ?VANTAGE,,,V12 VANTAGE,
ASTON MARTIN,^VANQUISH,2001,2007,VANQUISH,I
ASTON MARTIN,^VANQUISH,2012,2018,VANQUISH,II
ASTON MARTIN,^(DB11|DB12|DBS|RAPIDE|DBX|CYGNET|VIRAGE|DB5|DB6|LAGONDA|ONE-77|VALKYRIE)\b,,,OTHER,
AUDI,^RS ?2\b,,,RS2,B4
AUDI,^S ?2\b,,,S2,B3_B4
AUDI,^RS ?4\b,2000,2001,RS4,B5
AUDI,^RS ?4\b,2006,2008,RS4,B7
AUDI,^RS ?4\b,2012,2015,RS4,B8
AUDI,^RS ?4\b,2017,2025,RS4,B9
AUDI,^RS ?6\b,2002,2004,RS6,C5
AUDI,^RS ?6\b,2008,2010,RS6,C6
AUDI,^RS ?6\b,2013,2018,RS6,C7
AUDI,^RS ?6\b,2019,2025,RS6,C8
AUDI,^S ?4\b,1997,2001,S4,B5
AUDI,^S ?4\b,2003,2004,S4,B6
AUDI,^S ?4\b,2005,2008,S4,B7
AUDI,^S ?4\b,2009,2016,S4,B8
AUDI,^S ?4\b,2017,2025,S4,B9
AUDI,^S ?3\b,1999,2003,S3,8L
AUDI,^S ?3\b,2006,2012,S3,8P
AUDI,^S ?3\b,2013,2020,S3,8V
AUDI,^S ?8\b,1996,2003,S8,D2
AUDI,^S ?8\b,2006,2010,S8,D3
AUDI,^S ?8\b,2012,2017,S8,D4
AUDI,^TT\b,1998,2006,TT,8N
AUDI,^TT\b,2007,2014,TT,8J
AUDI,^TT\b,2015,2023,TT,8S
AUDI,^R8\b,2006,2015,R8,42
AUDI,^R8\b,2016,2024,R8,4S
AUDI,^RS ?3\b,,,RS3,
AUDI,^RS ?5\b,,,RS5,
AUDI,^RS ?7\b,,,RS7,
AUDI,^RS ?Q,,,RSQ,
AUDI,^S ?1\b,,,S1,
AUDI,^S ?5\b,,,S5,
AUDI,^S ?6\b,,,S6,
AUDI,^S ?7\b,,,S7,
AUDI,^SQ,,,SQ,
AUDI,^A ?1\b,,,A1,
AUDI,^A ?2\b,,,A2,
AUDI,^A ?3\b,,,A3,
AUDI,^A ?4\b,,,A4,
AUDI,^A ?5\b,,,A5,
AUDI,^A ?6\b,,,A6,
AUDI,^A ?7\b,,,A7,
AUDI,^A ?8\b,,,A8,
AUDI,^Q ?[2-8]\b,,,Q,
AUDI,^(80|90|100|200)\b,,,LEGACY NUMERIC,
AUDI,^COUPE,,,COUPE,
AUDI,^CABRIOLET,,,CABRIOLET,
AUDI,^ALLROAD,,,ALLROAD,
AUDI,^E-?TRON,,,E-TRON,
BMW,^M3 CSL,,,M3,E46
BMW,^M3\b,1992,1999,M3,E36
BMW,^M3\b,2000,2006,M3,E46
BMW,^M3\b,2007,2013,M3,E9X
BMW,^M3\b,2014,2018,M3,F80
BMW,^M3\b,2020,2025,M3,G80
BMW,^M5\b,1988,1995,M5,E34
BMW,^M5\b,1998,2003,M5,E39
BMW,^M5\b,2005,2010,M5,E60
BMW,^M5\b,2011,2016,M5,F10
BMW,^M5\b,2017,2025,M5,F90
BMW,^Z3 ?M\b|^M (ROADSTER|COUPE)\b,,,Z3 M,E36_7
BMW,^Z3(?! ?M\b),,,Z3,E36_7
BMW,^Z4 ?M\b,,,Z4 M,E85_86
BMW,^Z4(?! ?M\b),2003,2008,Z4,E85
BMW,^Z4(?! ?M\b),2009,2016,Z4,E89
BMW,^Z4(?! ?M\b),2018,2025,Z4,G29
BMW,^Z8\b,,,Z8,E52
BMW,^Z1\b,,,Z1,
BMW,^1M\b|^1 SERIES M\b,,,1M,E82
BMW,^135I,,,135I,E82
BMW,^8[0-9][0-9][A-Z]*\b|^8 SERIES,1990,1999,8 SERIES,E31
BMW,^8[0-9][0-9][A-Z]*\b|^8 SERIES,2018,2025,8 SERIES,G15
BMW,^6[0-9][0-9][A-Z]*\b|^6 SERIES|^M6\b,1976,1989,6 SERIES,E24
BMW,^6[0-9][0-9][A-Z]*\b|^6 SERIES|^M6\b,2003,2010,6 SERIES,E63
BMW,^6[0-9][0-9][A-Z]*\b|^6 SERIES|^M6\b,2011,2018,6 SERIES,F12
BMW,^1(?!35I)[0-9][0-9][A-Z]*\b|^1 SERIES,,,1 SERIES,
BMW,^2[0-9][0-9][A-Z]*\b|^2 SERIES|^M2\b,,,2 SERIES,
BMW,^3[0-9][0-9][A-Z]*\b|^3 SERIES|^M3[0-9],,,3 SERIES,
BMW,^4[0-9][0-9][A-Z]*\b|^4 SERIES|^M4\b,,,4 SERIES,
BMW,^5[0-9][0-9][A-Z]*\b|^5 SERIES|^M5[0-9],,,5 SERIES,
BMW,^7[0-9][0-9][A-Z]*\b|^7 SERIES,,,7 SERIES,
BMW,^X[1-7]\b,,,X,
BMW,^I[38]\b,,,I,
CATERHAM,^(SUPER ?)?SEVEN|^7\b|^CSR|^R[35]00|^ROADSPORT|^SUPERLIGHT|^ACADEMY|^(270|310|360|420|620)\b,,,SEVEN,SEVEN
CITROEN,^SAXO.*(VTS|VTR),,,SAXO VTS,S0
CITROEN,^SAXO(?!.*(VTS|VTR)),,,SAXO,
CITROEN,^XSARA.*(VTS|VTR),,,XSARA VTS,N0
CITROEN,^XSARA(?!.*(VTS|VTR)),,,XSARA,
CITROEN,^C2.*(VTS|VTR),,,C2 VTS,A6
CITROEN,^C2(?!.*(VTS|VTR)),,,C2,
CITROEN,^DS ?3.*RACING,,,DS3 RACING,A55
CITROEN,^DS ?3(?!.*RACING),,,DS3,
CITROEN,^DS ?[45]\b,,,DS,
CITROEN,^C1\b,,,C1,
CITROEN,^C3\b,,,C3,
CITROEN,^C4\b,,,C4,
CITROEN,^C5\b,,,C5,
CITROEN,^C6\b,,,C6,
CITROEN,^C8\b,,,C8,
CITROEN,^C-?CROSSER,,,C-CROSSER,
CITROEN,^C-?ZERO,,,C-ZERO,
CITROEN,^(BERLINGO|DISPATCH|JUMPY|NEMO|RELAY|JUMPER|C15|C25|SPACETOURER),,,VAN,
CITROEN,^(AX|BX|ZX|XM|XANTIA|SYNERGIE|EVASION|VISA|CX|GS|2CV|DYANE)\b,,,LEGACY,
FERRARI,^348,,,348,348
FERRARI,^(F ?)?355,,,F355,F355
FERRARI,^360,,,360,360
FERRARI,^(F ?)?430,,,F430,F430
FERRARI,^458,,,458,458
FERRARI,^456,,,456,456
FERRARI,^550,,,550,550
FERRARI,^575,,,575M,575M
FERRARI,^612,,,612,612
FERRARI,^599,,,599,599
FERRARI,^CALIFORNIA,,,CALIFORNIA,F149
FERRARI,^(488|F12|FF\b|812|PORTOFINO|ROMA|LAFERRARI|ENZO|F40|F50|TESTAROSSA|512|328|308|MONDIAL|GTC4|SF90|296|PUROSANGUE|400|412|DINO|F8|F ?149|246)\b,,,OTHER,
FIAT,^COUPE,,,COUPE,175
FIAT,^BARCHETTA,,,BARCHETTA,183
FIAT,^PUNTO.*(GT\b|TURBO),,,PUNTO GT,176
FIAT,^(GRANDE )?PUNTO(?!.*(GT\b|TURBO)),,,PUNTO,
FIAT,^500.*ABARTH,,,500 ABARTH,
FIAT,^500(?!.*ABARTH),,,500,
FIAT,^124,,,124 SPIDER,
FIAT,^(PANDA|BRAVO|BRAVA|STILO|TIPO|DOBLO|MULTIPLA|SEICENTO|CINQUECENTO|UNO|MAREA|CROMA|SEDICI|QUBO|DUCATO|SCUDO|FIORINO|IDEA|ULYSSE|TEMPRA|REGATA|STRADA|FULLBACK|TALENTO)\b,,,OTHER,
ABARTH,^(500|595|695)\b,,,500,312
ABARTH,^(124|PUNTO|GRANDE PUNTO)\b,,,OTHER,
FORD,^ESCORT.*(COSWORTH|RS ?COS),,,ESCORT RS COSWORTH,MK5
FORD,^ESCORT(?!.*(COSWORTH|RS ?COS)),,,ESCORT,
FORD,^SIERRA.*COSWORTH,,,SIERRA COSWORTH,MK2
FORD,^SIERRA(?!.*COSWORTH),,,SIERRA,
FORD,^RACING PUMA|^PUMA.*RACING,,,RACING PUMA,MK1
FORD,^PUMA(?!.*RACING),1997,2002,PUMA,MK1
FORD,^PUMA(?!.*RACING),2019,2025,PUMA,MK2
FORD,^FOCUS.*\bRS\b,2002,2003,FOCUS RS,MK1
FORD,^FOCUS.*\bRS\b,2009,2011,FOCUS RS,MK2
FORD,^FOCUS.*\bRS\b,2016,2018,FOCUS RS,MK3
FORD,^FOCUS.*\bST[0-9]*\b,2002,2004,FOCUS ST,MK1
FORD,^FOCUS.*\bST[0-9]*\b,2005,2011,FOCUS ST,MK2
FORD,^FOCUS.*\bST[0-9]*\b,2012,2018,FOCUS ST,MK3
FORD,^FOCUS.*\bST[0-9]*\b,2019,2025,FOCUS ST,MK4
FORD,^FOCUS(?!.*\b(RS|ST[0-9]*)\b),,,FOCUS,
FORD,^FIESTA.*\bST\b,2005,2008,FIESTA ST,MK6
FORD,^FIESTA.*\bST\b,2013,2017,FIESTA ST,MK7
FORD,^FIESTA.*\bST\b,2018,2023,FIESTA ST,MK8
FORD,^FIESTA(?!.*\bST\b),,,FIESTA,
FORD,^(MONDEO|KA\b|KUGA|C-?MAX|S-?MAX|GALAXY|B-?MAX|ECOSPORT|EDGE|MUSTANG|TRANSIT|TOURNEO|RANGER|FUSION|COUGAR|SCORPIO|GRANADA|ORION|CAPRI|PROBE|MAVERICK|EXPLORER|STREETKA|KA\+|THUNDERBIRD),,,OTHER,
HONDA,^S ?2000,,,S2000,AP1_AP2
HONDA,^NSX,1990,2005,NSX,NA1_NA2
HONDA,^NSX,2016,2022,NSX,NC1
HONDA,^INTEGRA.*TYPE ?R,1995,2000,INTEGRA TYPE R,DC2
HONDA,^INTEGRA.*TYPE ?R,2001,2006,INTEGRA TYPE R,DC5
HONDA,^INTEGRA(?!.*TYPE ?R),,,INTEGRA,
HONDA,^CIVIC.*TYPE ?R,1997,2000,CIVIC TYPE R,EK9
HONDA,^CIVIC.*TYPE ?R,2001,2005,CIVIC TYPE R,EP3
HONDA,^CIVIC.*TYPE ?R,2007,2011,CIVIC TYPE R,FN2
HONDA,^CIVIC.*TYPE ?R,2015,2016,CIVIC TYPE R,FK2
HONDA,^CIVIC.*TYPE ?R,2017,2021,CIVIC TYPE R,FK8
HONDA,^CIVIC(?!.*TYPE ?R),,,CIVIC,
HONDA,^CR-?X.*DEL SOL|^DEL SOL,,,CRX DEL SOL,EG
HONDA,^CR-?X(?!.*DEL SOL),,,CRX,ED9_EE8
HONDA,^PRELUDE,1978,1991,PRELUDE,BA
HONDA,^PRELUDE,1992,2001,PRELUDE,BB
HONDA,^ACCORD.*TYPE ?R,,,ACCORD TYPE R,CH1
HONDA,^ACCORD(?!.*TYPE ?R),,,ACCORD,
HONDA,^(JAZZ|CR-?V|HR-?V|FR-?V|INSIGHT|LEGEND|STREAM|SHUTTLE|LOGO|CONCERTO|CR-?Z|E\b|ZR-?V|NSX)\b,,,OTHER,
JAGUAR,^XJ-?S,,,XJS,XJS
JAGUAR,^XK,1996,2005,XK,X100
JAGUAR,^XK,2006,2014,XK,X150
JAGUAR,^XJ(?!-?S),1986,1993,XJ,XJ40
JAGUAR,^XJ(?!-?S),1994,2002,XJ,X300_X308
JAGUAR,^XJ(?!-?S),2003,2009,XJ,X350
JAGUAR,^XJ(?!-?S),2010,2019,XJ,X351
JAGUAR,^S-?TYPE.*\bR\b,,,S-TYPE R,X200
JAGUAR,^S-?TYPE(?!.*\bR\b),,,S-TYPE,
JAGUAR,^F-?TYPE,,,F-TYPE,X152
JAGUAR,^(X-?TYPE|XF|XE|F-?PACE|E-?PACE|I-?PACE|SOVEREIGN|DAIMLER)\b,,,OTHER,
LANCIA,^DELTA.*(INTEGRALE|HF),,,DELTA INTEGRALE,831
LANCIA,^DELTA(?!.*(INTEGRALE|HF)),,,DELTA,
LANCIA,^THEMA.*8\.?32,,,THEMA 8.32,Y9
LANCIA,^THEMA(?!.*8\.?32),,,THEMA,
LANCIA,^(Y(PSILON)?\b|MUSA|PHEDRA|ZETA|KAPPA|DEDRA|LYBRA|VOYAGER|FLAVIA|BETA|MONTECARLO|FULVIA|STRATOS|PRISMA|GAMMA),,,OTHER,
LEXUS,^IS-? ?F\b,,,IS-F,XE20
LEXUS,^IS(?!-? ?F\b),,,IS,
LEXUS,^SC ?430,,,SC430,Z40
LEXUS,^SC ?[34]00,,,SC,Z30
LEXUS,^LS ?400,,,LS400,XF10_XF20
LEXUS,^LS(?! ?400),,,LS,
LEXUS,^(GS|RX|CT|NX|ES|UX|LC|RC|LX|GX)\b,,,OTHER,
LOTUS,^ELISE,1996,2000,ELISE,S1
LOTUS,^ELISE,2001,2010,ELISE,S2
LOTUS,^ELISE,2011,2021,ELISE,S3
LOTUS,^EXIGE,2000,2001,EXIGE,S1
LOTUS,^EXIGE,2004,2011,EXIGE,S2
LOTUS,^EXIGE,2012,2021,EXIGE,S3
LOTUS,^ESPRIT,1976,1986,ESPRIT,S1_S3
LOTUS,^ESPRIT,1987,2004,ESPRIT,X180_S4
LOTUS,^EVORA,,,EVORA,122
LOTUS,^(ELAN|EXCEL|EUROPA|2-?ELEVEN|340R|EMIRA|EVIJA|ELETRE|ECLAT|CARLTON),,,OTHER,
MASERATI,^3200,,,3200 GT,338
MASERATI,^(4200|COUPE|SPYDER|GRANSPORT)\b,,,4200,M138
MASERATI,^GRAN ?(TURISMO|CABRIO),,,GRANTURISMO,M145
MASERATI,^QUATTROPORTE,1994,2001,QUATTROPORTE,IV
MASERATI,^QUATTROPORTE,2003,2012,QUATTROPORTE,M139
MASERATI,^QUATTROPORTE,2013,2023,QUATTROPORTE,M156
MASERATI,^GHIBLI,1992,1998,GHIBLI,II
MASERATI,^GHIBLI,2013,2023,GHIBLI,M157
MASERATI,^(LEVANTE|GRECALE|MC20|MC12|BITURBO|222|224|228|430|SHAMAL|KARIF|MC\b|BORA|MERAK|KHAMSIN|INDY),,,OTHER,
MAZDA,^MX-? ?5,1989,1997,MX-5,NA
MAZDA,^MX-? ?5,1998,2005,MX-5,NB
MAZDA,^MX-? ?5,2006,2015,MX-5,NC
MAZDA,^MX-? ?5,2016,2025,MX-5,ND
MAZDA,^RX-? ?7,1985,1991,RX-7,FC
MAZDA,^RX-? ?7,1992,2002,RX-7,FD
MAZDA,^RX-? ?8,,,RX-8,SE3P
MAZDA,^MX-? ?3,,,MX-3,EC
MAZDA,^MX-? ?6,,,MX-6,
MAZDA,^(MAZDA ?)?2\b,,,2,
MAZDA,^(MAZDA ?)?3\b,,,3,
MAZDA,^(MAZDA ?)?5\b,,,5,
MAZDA,^(MAZDA ?)?6\b,,,6,
MAZDA,^CX-?[0-9],,,CX,
MAZDA,^(323|626|121|DEMIO|PREMACY|TRIBUTE|BONGO|XEDOS|MPV|MX-?30|BT-?50|B ?2500|E ?2000)\b,,,OTHER,
MERCEDES-BENZ,^190 ?E? ?2\.5-? ?16,,,190E 2.5-16,W201
MERCEDES-BENZ,^190(?!.*2\.5-? ?16),,,190,
MERCEDES-BENZ,^C ?(36|43)\b,1994,2000,C36_C43 AMG,W202
MERCEDES-BENZ,^C ?43\b,2016,2022,C43 AMG,W205
MERCEDES-BENZ,^C ?55\b,,,C55 AMG,W203
MERCEDES-BENZ,^C ?63\b,2008,2014,C63 AMG,W204
MERCEDES-BENZ,^C ?63\b,2015,2022,C63 AMG,W205
MERCEDES-BENZ,^E ?55\b,1997,2002,E55 AMG,W210
MERCEDES-BENZ,^E ?55\b,2003,2006,E55 AMG,W211
MERCEDES-BENZ,^E ?63\b,2009,2016,E63 AMG,W212
MERCEDES-BENZ,^E ?63\b,2017,2023,E63 AMG,W213
MERCEDES-BENZ,^SL ?[0-9],1971,1988,SL,R107
MERCEDES-BENZ,^SL ?[0-9],1989,2001,SL,R129
MERCEDES-BENZ,^SL ?[0-9],2002,2011,SL,R230
MERCEDES-BENZ,^SL ?[0-9],2012,2020,SL,R231
MERCEDES-BENZ,^SLK,1996,2003,SLK,R170
MERCEDES-BENZ,^SLK,2004,2010,SLK,R171
MERCEDES-BENZ,^SLK,2011,2019,SLK,R172
MERCEDES-BENZ,^SLC,,,SLK,R172
MERCEDES-BENZ,^CLK,1997,2002,CLK,C208
MERCEDES-BENZ,^CLK,2003,2010,CLK,C209
MERCEDES-BENZ,^SLS,,,SLS AMG,C197
MERCEDES-BENZ,^SLR,,,SLR MCLAREN,C199
MERCEDES-BENZ,^CL ?[0-9],1992,1998,CL,C140
MERCEDES-BENZ,^CL ?[0-9],1999,2006,CL,C215
MERCEDES-BENZ,^CL ?[0-9],2007,2014,CL,C216
MERCEDES-BENZ,^S ?[0-9][0-9][0-9]\b,1979,1990,S-CLASS,W126
MERCEDES-BENZ,^S ?[0-9][0-9][0-9]\b,1991,1998,S-CLASS,W140
MERCEDES-BENZ,^S ?[0-9][0-9][0-9]\b,1999,2005,S-CLASS,W220
MERCEDES-BENZ,^S ?[0-9][0-9][0-9]\b,2006,2013,S-CLASS,W221
MERCEDES-BENZ,^S ?[0-9][0-9][0-9]\b,2014,2020,S-CLASS,W222
MERCEDES-BENZ,^S ?[0-9][0-9][0-9]\b,2021,2025,S-CLASS,W223
MERCEDES-BENZ,^C ?[0-9][0-9][0-9]\b,,,C-CLASS,
MERCEDES-BENZ,^E ?[0-9][0-9][0-9]\b,,,E-CLASS,
MERCEDES-BENZ,^A ?[0-9][0-9][0-9]\b,,,A-CLASS,
MERCEDES-BENZ,^B ?[0-9][0-9][0-9]\b,,,B-CLASS,
MERCEDES-BENZ,^CLA,,,CLA,
MERCEDES-BENZ,^CLS,,,CLS,
MERCEDES-BENZ,^CLC,,,CLC,
MERCEDES-BENZ,^GL[ABCEKS]?\b|^GL ?[0-9],,,GL,
MERCEDES-BENZ,^ML ?[0-9]|^M-? ?CLASS,,,ML,
MERCEDES-BENZ,^G ?[0-9][0-9][0-9]\b|^G-? ?CLASS|^G ?WAGON,,,G-CLASS,
MERCEDES-BENZ,^R ?[0-9][0-9][0-9]\b,,,R-CLASS,
MERCEDES-BENZ,^(V ?[0-9][0-9][0-9]|VITO|VIANO|SPRINTER|CITAN|EQ[A-Z]|X ?[0-9][0-9][0-9]|AMG GT|GT\b|MARCO POLO)\b,,,OTHER,
MERCEDES-BENZ,^(200|230|250|260|280|300|320|400|420|500|560|600)\b,,,LEGACY NUMERIC,
MG,^MG ?F\b|^MGF,,,MGF,MGF
MG,^TF\b|^MG ?TF,,,TF,TF
MG,^RV ?8|^MG ?RV ?8,,,RV8,RV8
MG,^(ZR|ZS|ZT|MG ?[3-7]|HS|MGB|MIDGET|METRO|MAESTRO|MONTEGO|MG ?ZS|EHS|MARVEL|MG4|MG5)\b,,,OTHER,
MINI,^(MINI )?COOPER ?S\b|^JOHN COOPER WORKS|^JCW,2002,2006,COOPER S,R53
MINI,^(MINI )?COOPER ?S\b|^JOHN COOPER WORKS|^JCW,2007,2013,COOPER S,R56
MINI,^(MINI )?COOPER ?S\b|^JOHN COOPER WORKS|^JCW,2014,2023,COOPER S,F56
MINI,^(MINI )?COOPER(?! ?S\b),,,COOPER,
MINI,^(MINI )?ONE\b,,,ONE,
MINI,^(MINI )?(CLUBMAN|COUNTRYMAN|PACEMAN|ROADSTER|COUPE|CONVERTIBLE|CABRIO|HATCH|ELECTRIC|ACEMAN),,,OTHER,
MITSUBISHI,^LANCER.*(EVO|EVOLUTION)|^EVO(LUTION)?\b,1992,1997,LANCER EVOLUTION,I_IV
MITSUBISHI,^LANCER.*(EVO|EVOLUTION)|^EVO(LUTION)?\b,1998,2000,LANCER EVOLUTION,V_VI
MITSUBISHI,^LANCER.*(EVO|EVOLUTION)|^EVO(LUTION)?\b,2001,2007,LANCER EVOLUTION,VII_IX
MITSUBISHI,^LANCER.*(EVO|EVOLUTION)|^EVO(LUTION)?\b,2008,2016,LANCER EVOLUTION,X
MITSUBISHI,^LANCER(?!.*(EVO|EVOLUTION)),,,LANCER,
MITSUBISHI,^3000 ?GT|^GTO\b,,,3000GT,Z16A
MITSUBISHI,^FTO,,,FTO,DE
MITSUBISHI,^ECLIPSE(?! ?CROSS),,,ECLIPSE,1G_2G
MITSUBISHI,^ECLIPSE ?CROSS,,,ECLIPSE CROSS,
MITSUBISHI,^(COLT|OUTLANDER|ASX|SHOGUN|PAJERO|L ?200|SPACE ?(STAR|WAGON|RUNNER|GEAR)|GALANT|CARISMA|GRANDIS|I-?MIEV|MIRAGE|L ?300|L ?400|SIGMA|CHALLENGER|SAPPORO|STARION|CORDIA|TREDIA),,,OTHER,
NISSAN,^SKYLINE.*GT-?R,1989,1994,SKYLINE GT-R,R32
NISSAN,^SKYLINE.*GT-?R,1995,1998,SKYLINE GT-R,R33
NISSAN,^SKYLINE.*GT-?R,1999,2002,SKYLINE GT-R,R34
NISSAN,^SKYLINE(?!.*GT-?R),,,SKYLINE,
NISSAN,^GT-?R\b,,,GT-R,R35
NISSAN,^300 ?ZX,,,300ZX,Z32
NISSAN,^350 ?Z,,,350Z,Z33
NISSAN,^370 ?Z,,,370Z,Z34
NISSAN,^200 ?SX,1988,1993,200SX,S13
NISSAN,^200 ?SX,1994,1999,200SX,S14
NISSAN,^SUNNY.*GTI-?R,,,SUNNY GTI-R,N14
NISSAN,^SUNNY(?!.*GTI-?R),,,SUNNY,
NISSAN,^(MICRA|QASHQAI|JUKE|NOTE|PRIMERA|ALMERA|X-?TRAIL|PULSAR|LEAF|NAVARA|PATHFINDER|TERRANO|PATROL|MURANO|SERENA|TIIDA|PIXO|CUBE|BLUEBIRD|PRAIRIE|MAXIMA|100 ?NX|TINO|ARIYA|KUBISTAR|PRIMASTAR|INTERSTAR|NV[0-9]|E-?NV|CABSTAR|VANETTE|ELGRAND|FIGARO|SILVIA|180 ?SX|CEFIRO|LAUREL|STAGEA|CIMA|PAO|S-?CARGO),,,OTHER,
OPEL,^CALIBRA,,,CALIBRA,A
OPEL,^ASTRA.*(GSI|GTE|OPC|VXR),1991,1997,ASTRA OPC,F
OPEL,^ASTRA.*(GSI|GTE|OPC|VXR),1998,2004,ASTRA OPC,G
OPEL,^ASTRA.*(GSI|GTE|OPC|VXR),2005,2010,ASTRA OPC,H
OPEL,^ASTRA.*(GSI|GTE|OPC|VXR),2012,2015,ASTRA OPC,J
OPEL,^ASTRA(?!.*(GSI|GTE|OPC|VXR)),,,ASTRA,
OPEL,^CORSA.*(GSI|OPC|VXR),2007,2014,CORSA VXR,D
OPEL,^CORSA.*(GSI|OPC|VXR),2015,2018,CORSA VXR,E
OPEL,^CORSA(?!.*(GSI|OPC|VXR)),,,CORSA,
OPEL,^VX ?220|^SPEEDSTER,,,VX220,VX220
OPEL,^MONARO|^VXR ?8,,,MONARO,V2
OPEL,LOTUS.*(CARLTON|OMEGA)|(CARLTON|OMEGA).*LOTUS,,,LOTUS CARLTON,A
OPEL,^CARLTON(?!.*LOTUS),,,CARLTON,
OPEL,^OMEGA(?!.*LOTUS),,,OMEGA,
OPEL,^(VECTRA|ZAFIRA|INSIGNIA|MERIVA|AGILA|TIGRA|MOKKA|ADAM|ANTARA|CAVALIER|NOVA|FRONTERA|VIVARO|MOVANO|COMBO|SIGNUM|AMPERA|KARL|VIVA|CROSSLAND|GRANDLAND|KADETT|ASCONA|MANTA|SENATOR|MONTEREY|SINTRA|BELMONT|CHEVETTE|CORSAVAN|ASTRAVAN|BRAVA|RASCAL|ARENA),,,OTHER,
PEUGEOT,^205.*(GTI|CTI|RALLYE),,,205 GTI,MK1
PEUGEOT,^205(?!.*(GTI|CTI|RALLYE)),,,205,
PEUGEOT,^309.*GTI,,,309 GTI,MK1
PEUGEOT,^309(?!.*GTI),,,309,
PEUGEOT,^106.*(RALLYE|GTI|XSI|S16),1991,1996,106 RALLYE,S1
PEUGEOT,^106.*(RALLYE|GTI|XSI|S16),1997,2003,106 RALLYE,S2
PEUGEOT,^106(?!.*(RALLYE|GTI|XSI|S16)),,,106,
PEUGEOT,^306.*(S16|XSI),,,306 S16,MK1
PEUGEOT,^306.*(GTI|RALLYE),,,306 GTI-6,MK2
PEUGEOT,^306(?!.*(S16|XSI|GTI|RALLYE)),,,306,
PEUGEOT,^206.*(GTI|RC\b),,,206 GTI,MK1
PEUGEOT,^206(?!.*(GTI|RC\b)),,,206,
PEUGEOT,^406.*COUPE,,,406 COUPE,MK1
PEUGEOT,^406(?!.*COUPE),,,406,
PEUGEOT,^RCZ,,,RCZ,MK1
PEUGEOT,^208.*GTI,,,208 GTI,MK1
PEUGEOT,^208(?!.*GTI),,,208,
PEUGEOT,^(107|108|207|307|308|405|407|508|605|607|806|807|1007|2008|3008|4007|4008|5008|PARTNER|EXPERT|BIPPER|BOXER|ION|RIFTER|TRAVELLER|301|104|305|505|604|E-?208|E-?2008),,,OTHER,
PORSCHE,^CARRERA ?GT\b,,,CARRERA GT,980
PORSCHE,^911|^CARRERA(?! ?GT\b)|^TURBO\b|^GT[23]\b|^TARGA,1974,1988,911,G
PORSCHE,^911|^CARRERA(?! ?GT\b)|^TURBO\b|^GT[23]\b|^TARGA,1989,1994,911,964
PORSCHE,^911|^CARRERA(?! ?GT\b)|^TURBO\b|^GT[23]\b|^TARGA,1995,1998,911,993
PORSCHE,^911|^CARRERA(?! ?GT\b)|^TURBO\b|^GT[23]\b|^TARGA,1999,2004,911,996
PORSCHE,^911|^CARRERA(?! ?GT\b)|^TURBO\b|^GT[23]\b|^TARGA,2005,2012,911,997
PORSCHE,^911|^CARRERA(?! ?GT\b)|^TURBO\b|^GT[23]\b|^TARGA,2013,2019,911,991
PORSCHE,^911|^CARRERA(?! ?GT\b)|^TURBO\b|^GT[23]\b|^TARGA,2020,2025,911,992
PORSCHE,^928,,,928,928
PORSCHE,^944,,,944,944
PORSCHE,^968,,,968,968
PORSCHE,^(718 )?BOXSTER,1996,2004,BOXSTER,986
PORSCHE,^(718 )?BOXSTER,2005,2012,BOXSTER,987
PORSCHE,^(718 )?BOXSTER,2013,2016,BOXSTER,981
PORSCHE,^(718 )?BOXSTER,2017,2025,BOXSTER,982
PORSCHE,^(718 )?CAYMAN,2006,2012,CAYMAN,987
PORSCHE,^(718 )?CAYMAN,2013,2016,CAYMAN,981
PORSCHE,^(718 )?CAYMAN,2017,2025,CAYMAN,982
PORSCHE,^(CAYENNE|MACAN|PANAMERA|TAYCAN|924|356|914|912|959|918),,,OTHER,
RENAULT,^CLIO.*WILLIAMS,,,CLIO WILLIAMS,MK1
RENAULT,^CLIO.*16 ?V,1991,1996,CLIO 16V,MK1
RENAULT,^CLIO.*16 ?V,1998,2005,CLIO 16V,MK2
RENAULT,^CLIO.*V6,,,CLIO V6,MK2
RENAULT,^CLIO.*(\bRS\b|R\.S\.|RENAULT ?SPORT|172|182|197|200|220),2000,2005,CLIO RS,MK2
RENAULT,^CLIO.*(\bRS\b|R\.S\.|RENAULT ?SPORT|172|182|197|200|220),2006,2012,CLIO RS,MK3
RENAULT,^CLIO.*(\bRS\b|R\.S\.|RENAULT ?SPORT|172|182|197|200|220),2013,2019,CLIO RS,MK4
RENAULT,^CLIO(?!.*(WILLIAMS|16 ?V|V6|\bRS\b|R\.S\.|RENAULT ?SPORT|172|182|197|200|220)),,,CLIO,
RENAULT,^MEGANE.*(\bRS\b|R\.S\.|RENAULT ?SPORT|225|230|250|265|275|300),2004,2009,MEGANE RS,MK2
RENAULT,^MEGANE.*(\bRS\b|R\.S\.|RENAULT ?SPORT|225|230|250|265|275|300),2010,2016,MEGANE RS,MK3
RENAULT,^MEGANE.*(\bRS\b|R\.S\.|RENAULT ?SPORT|225|230|250|265|275|300),2018,2023,MEGANE RS,MK4
RENAULT,^MEGANE(?!.*(\bRS\b|R\.S\.|RENAULT ?SPORT|225|230|250|265|275|300)),,,MEGANE,
RENAULT,^(SPORT )?SPIDER,,,SPIDER,SPIDER
RENAULT,^(R ?|SUPER ?)?5.*GT ?TURBO,,,5 GT TURBO,MK2
RENAULT,^(R ?|SUPER ?)?5\b(?!.*GT ?TURBO),,,5,
RENAULT,^(R ?)?19.*16 ?V,,,19 16V,MK1
RENAULT,^(R ?)?19\b(?!.*16 ?V),,,19,
RENAULT,^TWINGO.*(\bRS\b|R\.S\.|RENAULT ?SPORT|133),,,TWINGO RS,MK2
RENAULT,^TWINGO(?!.*(\bRS\b|R\.S\.|RENAULT ?SPORT|133)),,,TWINGO,
RENAULT,^AVANTIME,,,AVANTIME,MK1
RENAULT,^ALPINE.*A ?610|^A ?610,,,A610,A610
RENAULT,^(LAGUNA|SCENIC|ESPACE|KANGOO|MODUS|KADJAR|CAPTUR|ZOE|KOLEOS|TRAFIC|MASTER|VEL ?SATIS|SAFRANE|WIND|FLUENCE|TALISMAN|(R ?)?21|(R ?)?25|(R ?)?4\b|(R ?)?9\b|(R ?)?11|(R ?)?18|(R ?)?20|(R ?)?30|SYMBOL|THALIA|ARKANA|AUSTRAL|EXPRESS|EXTRA|RAPID|GRAND SCENIC|ALPINE(?!.*A ?610)|FUEGO|ALLIANCE),,,OTHER,
SAAB,^900.*(TURBO|T\b),1979,1993,900 TURBO,CLASSIC
SAAB,^900.*(TURBO|T\b),1994,1998,900 TURBO,NG
SAAB,^900(?!.*(TURBO|T\b)),,,900,
SAAB,^9-?3.*VIGGEN|^VIGGEN,,,9-3 VIGGEN,MK1
SAAB,^9-?3(?!.*VIGGEN),,,9-3,
SAAB,^(9-?5|9000|9-?2X|9-?7X|9-?4X|99|96)\b,,,OTHER,
SEAT,^IBIZA.*(CUPRA|GTI),1996,2002,IBIZA CUPRA,6K
SEAT,^IBIZA.*(CUPRA|GTI),2004,2008,IBIZA CUPRA,6L
SEAT,^IBIZA.*(CUPRA|GTI),2009,2016,IBIZA CUPRA,6J
SEAT,^IBIZA(?!.*(CUPRA|GTI)),,,IBIZA,
SEAT,^LEON.*CUPRA,1999,2005,LEON CUPRA,1M
SEAT,^LEON.*CUPRA,2006,2012,LEON CUPRA,1P
SEAT,^LEON.*CUPRA,2013,2020,LEON CUPRA,5F
SEAT,^LEON(?!.*CUPRA),,,LEON,
SEAT,^(ALTEA|ALHAMBRA|TOLEDO|AROSA|EXEO|ATECA|ARONA|MII|CORDOBA|MARBELLA|INCA|TARRACO|MALAGA|TERRA),,,OTHER,
SKODA,^OCTAVIA.*(VRS|\bRS\b),2001,2005,OCTAVIA VRS,1U
SKODA,^OCTAVIA.*(VRS|\bRS\b),2006,2013,OCTAVIA VRS,1Z
SKODA,^OCTAVIA.*(VRS|\bRS\b),2014,2020,OCTAVIA VRS,5E
SKODA,^OCTAVIA(?!.*(VRS|\bRS\b)),,,OCTAVIA,
SKODA,^(FABIA|SUPERB|YETI|ROOMSTER|CITIGO|RAPID|KODIAQ|KAROQ|KAMIQ|FELICIA|FAVORIT|SCALA|ENYAQ|ESTELLE|FORMAN),,,OTHER,
SMART,^ROADSTER,,,ROADSTER,452
SMART,^(FORTWO|FORFOUR|CITY-? ?COUPE|CROSSBLADE|CABRIO|EQ|#1|#3|SMART)\b,,,OTHER,
SUBARU,^IMPREZA.*(WRX|STI|TURBO|P1\b|22B|RB5),1992,2000,IMPREZA WRX,GC8
SUBARU,^IMPREZA.*(WRX|STI|TURBO|P1\b|22B|RB5),2001,2007,IMPREZA WRX,GD
SUBARU,^IMPREZA.*(WRX|STI|TURBO|P1\b|22B|RB5),2008,2013,IMPREZA WRX,GR
SUBARU,^WRX,2014,2021,IMPREZA WRX,VA
SUBARU,^IMPREZA(?!.*(WRX|STI|TURBO|P1\b|22B|RB5)),,,IMPREZA,
SUBARU,^BRZ,,,BRZ,ZC6
SUBARU,^(FORESTER|LEGACY|OUTBACK|XV|LEVORG|JUSTY|TRIBECA|SVX|VIVIO|LIBERO|CROSSTREK|SOLTERRA),,,OTHER,
SUZUKI,^CAPPUCCINO,,,CAPPUCCINO,EA11R
SUZUKI,^SWIFT.*SPORT,2005,2011,SWIFT SPORT,ZC31
SUZUKI,^SWIFT.*SPORT,2012,2017,SWIFT SPORT,ZC32
SUZUKI,^SWIFT.*SPORT,2018,2025,SWIFT SPORT,ZC33
SUZUKI,^SWIFT(?!.*SPORT),,,SWIFT,
SUZUKI,^(GRAND ?VITARA|VITARA|ALTO|JIMNY|IGNIS|SPLASH|SX4|WAGON|BALENO|LIANA|CELERIO|KIZASHI|SAMURAI|SJ ?[0-9]|S-?CROSS|X-?90|CARRY|SUPER ?CARRY|ACROSS|SWACE),,,OTHER,
TOYOTA,^SUPRA,1986,1992,SUPRA,A70
TOYOTA,^SUPRA,1993,2002,SUPRA,A80
TOYOTA,^SUPRA,2019,2025,SUPRA,A90
TOYOTA,^MR-? ?2,1984,1988,MR2,AW11
TOYOTA,^MR-? ?2,1989,1999,MR2,SW20
TOYOTA,^MR-? ?2,2000,2007,MR2,ZZW30
TOYOTA,^CELICA.*GT-? ?FOUR,,,CELICA GT-FOUR,ST185_ST205
TOYOTA,^CELICA(?!.*GT-? ?FOUR),1986,1993,CELICA,T180
TOYOTA,^CELICA(?!.*GT-? ?FOUR),1994,1998,CELICA,T200
TOYOTA,^CELICA(?!.*GT-? ?FOUR),1999,2006,CELICA,T230
TOYOTA,^GT ?86|^86\b|^GR ?86,,,GT86,ZN6
TOYOTA,^(YARIS|COROLLA|AVENSIS|AURIS|RAV ?4|PRIUS|AYGO|VERSO|LAND ?CRUISER|HILUX|CAMRY|CARINA|STARLET|PASEO|PICNIC|PREVIA|IQ\b|URBAN CRUISER|C-?HR|PROACE|HIACE|AVENSIS|GRANVIA|DYNA|CROWN|MIRAI|BZ4X|SIENNA|TERCEL|CRESSIDA|SPACE ?CRUISER|LITE ?ACE|TOWN ?ACE|GR ?YARIS),,,OTHER,
TVR,^CHIMAERA,,,CHIMAERA,CHIMAERA
TVR,^GRIFFITH,,,GRIFFITH,GRIFFITH
TVR,^CERBERA,,,CERBERA,CERBERA
TVR,^TUSCAN,,,TUSCAN,TUSCAN
TVR,^SAGARIS,,,SAGARIS,SAGARIS
TVR,^(TAMORA|T350|T ?350|TYPHON|V8 ?S|S[0-9]?\b|[34][0-9]0[A-Z]*\b|TASMIN|VIXEN|GRANTURA|3000|M ?SERIES),,,OTHER,
VOLKSWAGEN,^GOLF.*GTI,1976,1983,GOLF GTI,MK1
VOLKSWAGEN,^GOLF.*GTI,1984,1991,GOLF GTI,MK2
VOLKSWAGEN,^GOLF.*GTI,1992,1997,GOLF GTI,MK3
VOLKSWAGEN,^GOLF.*GTI,1998,2003,GOLF GTI,MK4
VOLKSWAGEN,^GOLF.*GTI,2004,2008,GOLF GTI,MK5
VOLKSWAGEN,^GOLF.*GTI,2009,2012,GOLF GTI,MK6
VOLKSWAGEN,^GOLF.*GTI,2013,2019,GOLF GTI,MK7
VOLKSWAGEN,^GOLF.*GTI,2020,2025,GOLF GTI,MK8
VOLKSWAGEN,^GOLF.*(R32|\bR\b(?!-? ?LINE)),2002,2004,GOLF R,MK4
VOLKSWAGEN,^GOLF.*(R32|\bR\b(?!-? ?LINE)),2005,2008,GOLF R,MK5
VOLKSWAGEN,^GOLF.*(R32|\bR\b(?!-? ?LINE)),2009,2012,GOLF R,MK6
VOLKSWAGEN,^GOLF.*(R32|\bR\b(?!-? ?LINE)),2013,2019,GOLF R,MK7
VOLKSWAGEN,^GOLF.*(R32|\bR\b(?!-? ?LINE)),2020,2025,GOLF R,MK8
VOLKSWAGEN,^GOLF(?!.*(GTI|R32|\bR\b(?!-? ?LINE))),,,GOLF,
VOLKSWAGEN,^CORRADO,,,CORRADO,53I
VOLKSWAGEN,^POLO.*GTI,1995,2001,POLO GTI,6N
VOLKSWAGEN,^POLO.*GTI,2005,2009,POLO GTI,9N
VOLKSWAGEN,^POLO.*GTI,2010,2014,POLO GTI,6R
VOLKSWAGEN,^POLO.*GTI,2015,2017,POLO GTI,6C
VOLKSWAGEN,^POLO.*GTI,2018,2025,POLO GTI,AW
VOLKSWAGEN,^POLO(?!.*GTI),,,POLO,
VOLKSWAGEN,^SCIROCCO,1974,1992,SCIROCCO,MK1_MK2
VOLKSWAGEN,^SCIROCCO,2008,2017,SCIROCCO,MK3
VOLKSWAGEN,^LUPO.*GTI,,,LUPO GTI,6X
VOLKSWAGEN,^LUPO(?!.*GTI),,,LUPO,
VOLKSWAGEN,^PHAETON,,,PHAETON,3D
VOLKSWAGEN,^(PASSAT|BORA|JETTA|VENTO|TOURAN|TIGUAN|TOUAREG|SHARAN|CADDY|TRANSPORTER|CARAVELLE|CALIFORNIA|FOX|UP\b|BEETLE|EOS|ARTEON|T-?ROC|T-?CROSS|CC\b|AMAROK|CRAFTER|MULTIVAN|ID\.?[0-9]|TAIGO|POLO ?[A-Z]|NEW BEETLE|LT\b|KOMBI|SANTANA|TARO|SCIROCCO),,,OTHER,
VOLVO,^850.*(T-?5 ?R|\bR\b),,,850 R,854
VOLVO,^850(?!.*(T-?5 ?R|\bR\b)),,,850,
VOLVO,^C70,1997,2005,C70,I
VOLVO,^C70,2006,2013,C70,II
VOLVO,^(S60|V70).*\bR\b(?!-? ?DESIGN),,,S60 R,P2
VOLVO,^S60(?!.*\bR\b),,,S60,
VOLVO,^V70(?!.*\bR\b),,,V70,
VOLVO,^480,,,480,480
VOLVO,^(S40|V40|V50|S70|S80|V60|V90|S90|XC ?40|XC ?60|XC ?70|XC ?90|240|340|360|440|460|740|760|940|960|C30|EX30|EX90|EC40|EX40),,,OTHER,
