BodyType,Make,GenModel,Model,YearFirstUsed,YearManufacture,LicenceStatus,2025,2024,2023,2022,2021,2020,2019,2018,2017,2016,2015,2014
Other vehicles,NAK MG,NAK MG MODEL MISSING,MODEL MISSING,2010,2010,Licensed,0,0,0,0,0,0,0,0,0,0,0,1
Other vehicles,NAK MG,NAK MG MODEL MISSING,MODEL MISSING,2010,2010,SORN,0,0,0,0,0,0,0,0,0,1,1,0
Motorcycles,NAXEON,NAXEON NX6500S-N0,NX6500S-N0,2024,2024,Licensed,1,1,[z],[z],[z],[z],[z],[z],[z],[z],[z],[z]
Motorcycles,NAXEON,NAXEON NX7500S-N0,NX7500S-N0,2024,2024,Licensed,3,3,[z],[z],[z],[z],[z],[z],[z],[z],[z],[z]
Motorcycles,NAXEON,NAXEON NX7500S-N0,NX7500S-N0,2025,2025,Licensed,10,[z],[z],[z],[z],[z],[z],[z],[z],[z],[z],[z]
Motorcycles,NECHT,NECHT GY 125,GY 125,2007,2007,Licensed,0,0,0,0,0,0,0,1,0,0,0,0
Motorcycles,NECHT,NECHT GY 125,GY 125,2006,2006,Licensed,0,0,0,0,0,0,0,1,0,2,3,8
Motorcycles,NECHT,NECHT GY 125,GY 125,2005,2005,Licensed,0,0,0,0,0,1,1,1,1,1,2,2
Motorcycles,NECHT,NECHT GY 125,GY 125,[x],2005,SORN,0,0,1,1,1,1,1,1,0,0,0,0
Motorcycles,NECHT,NECHT GY 125,GY 125,[x],2005,Licensed,0,0,0,0,0,0,0,0,0,1,1,1
Motorcycles,NECHT,NECHT GY 125,GY 125,2007,2007,SORN,0,0,0,0,0,0,0,0,1,0,0,0
Motorcycles,NECHT,NECHT GY 125,GY 125,2006,2006,SORN,16,18,19,19,19,19,19,19,20,17,15,12
Motorcycles,NECHT,NECHT GY 125,GY 125,2005,2005,SORN,2,3,3,3,3,2,2,2,2,2,1,2
Heavy goods vehicles,NECHT,NECHT MODEL MISSING,MODEL MISSING,2008,2008,Licensed,0,2,2,2,2,3,3,3,3,3,3,3
Other vehicles,NECHT,NECHT MODEL MISSING,MODEL MISSING,2005,2005,SORN,1,1,1,1,1,1,1,1,1,1,0,0
Motorcycles,NECHT,NECHT MODEL MISSING,MODEL MISSING,2005,2005,SORN,1,1,1,1,1,1,1,1,1,1,2,1
Other vehicles,NECHT,NECHT MODEL MISSING,MODEL MISSING,2005,2005,Licensed,0,0,0,0,0,0,0,0,0,0,1,0
Other vehicles,NECHT,NECHT MODEL MISSING,MODEL MISSING,2006,2006,SORN,1,1,1,1,1,1,1,1,1,1,1,1
Other vehicles,NECHT,NECHT MODEL MISSING,MODEL MISSING,[x],[x],SORN,1,1,1,1,1,1,1,1,1,0,0,0
Other vehicles,NECHT,NECHT MODEL MISSING,MODEL MISSING,[x],[x],Licensed,1,0,0,0,0,0,1,0,0,0,0,0
Motorcycles,NECHT,NECHT MODEL MISSING,MODEL MISSING,2006,2006,Licensed,0,0,0,0,0,0,0,0,0,1,1,1
Heavy goods vehicles,NECHT,NECHT MODEL MISSING,MODEL MISSING,2008,2008,SORN,2,0,0,0,0,0,0,0,0,0,0,0
Motorcycles,NECHT,NECHT MODEL MISSING,MODEL MISSING,2006,2006,SORN,2,2,2,2,2,3,3,3,3,2,2,2
Other vehicles,NECHT,NECHT MODEL MISSING,MODEL MISSING,2007,2007,SORN,1,1,1,1,1,1,1,1,1,1,1,0
Other vehicles,NECHT,NECHT MODEL MISSING,MODEL MISSING,2007,2007,Licensed,0,0,0,0,0,0,0,0,0,0,0,1
Motorcycles,NECO,NECO ABRUZZI,ABRUZZI 125,2017,2017,Licensed,5,9,11,11,16,24,27,29,36,[z],[z],[z]
Motorcycles,NECO,NECO ABRUZZI,ABRUZZI 125,2012,2012,Licensed,4,4,8,11,13,12,13,24,26,26,31,41
Motorcycles,NECO,NECO ABRUZZI,ABRUZZI 125,2015,2015,SORN,14,16,14,18,17,13,13,9,7,2,0,[z]
Motorcycles,NECO,NECO ABRUZZI,ABRUZZI 125,2013,2013,Licensed,2,2,5,6,9,10,9,10,11,16,20,27
Motorcycles,NECO,NECO ABRUZZI,ABRUZZI 125,2016,2016,Licensed,5,5,11,12,17,16,20,25,29,31,[z],[z]
Motorcycles,NECO,NECO ABRUZZI,ABRUZZI 125,2013,2013,SORN,24,24,23,22,18,18,20,20,18,14,10,2
Motorcycles,NECO,NECO ABRUZZI,ABRUZZI 125,2016,2016,SORN,26,25,19,17,16,18,16,12,11,9,[z],[z]
Motorcycles,NECO,NECO ABRUZZI,ABRUZZI 125,2011,2011,SORN,45,45,52,51,47,46,51,46,48,36,40,24
Motorcycles,NECO,NECO ABRUZZI,ABRUZZI 125,2014,2014,Licensed,8,9,10,15,13,18,18,23,34,37,47,55
Motorcycles,NECO,NECO ABRUZZI,ABRUZZI 125,2012,2012,SORN,37,38,33,33,33,36,35,28,26,25,20,10
Motorcycles,NECO,NECO ABRUZZI,ABRUZZI 125,2018,2018,SORN,2,2,2,2,1,1,0,0,[z],[z],[z],[z]
Motorcycles,NECO,NECO ABRUZZI,ABRUZZI 125,2017,2017,SORN,25,22,20,19,15,11,7,5,1,[z],[z],[z]
Motorcycles,NECO,NECO ABRUZZI,ABRUZZI 125,2019,2019,SORN,1,1,1,1,0,0,0,[z],[z],[z],[z],[z]
Motorcycles,NECO,NECO ABRUZZI,ABRUZZI 125,2015,2015,Licensed,9,7,6,5,8,12,13,15,20,27,30,[z]
Motorcycles,NECO,NECO ABRUZZI,ABRUZZI 125,2012,2011,SORN,1,1,1,1,1,1,1,1,1,1,1,1
Motorcycles,NECO,NECO ABRUZZI,ABRUZZI 125,2014,2014,SORN,35,35,36,32,34,29,30,26,17,9,7,3
Motorcycles,NECO,NECO ABRUZZI,ABRUZZI 125,2018,2018,Licensed,1,1,1,1,2,3,4,4,[z],[z],[z],[z]
Motorcycles,NECO,NECO ABRUZZI,ABRUZZI 125,2019,2019,Licensed,0,0,0,0,1,1,1,[z],[z],[z],[z],[z]
Motorcycles,NECO,NECO ABRUZZI,ABRUZZI 125,2011,2011,Licensed,5,8,9,11,14,14,13,19,21,30,26,40
Motorcycles,NECO,NECO ABRUZZI,ABRUZZI 50,2017,2017,Licensed,3,3,6,3,5,6,5,7,8,[z],[z],[z]
Motorcycles,NECO,NECO ABRUZZI,ABRUZZI 50,2011,2011,SORN,17,18,17,19,18,19,19,18,16,11,13,6
Motorcycles,NECO,NECO ABRUZZI,ABRUZZI 50,2018,2018,Licensed,3,4,6,5,8,8,8,9,[z],[z],[z],[z]
Motorcycles,NECO,NECO ABRUZZI,ABRUZZI 50,2012,2012,SORN,17,17,17,17,17,17,18,17,12,10,8,8
Motorcycles,NECO,NECO ABRUZZI,ABRUZZI 50,2015,2015,SORN,8,7,6,7,8,9,9,8,4,2,0,[z]
Motorcycles,NECO,NECO ABRUZZI,ABRUZZI 50,2016,2016,Licensed,5,7,7,11,13,16,21,23,17,30,[z],[z]
Motorcycles,NECO,NECO ABRUZZI,ABRUZZI 50,2014,2014,Licensed,1,0,2,2,3,2,4,6,8,10,11,15
Motorcycles,NECO,NECO ABRUZZI,ABRUZZI 50,2013,2013,Licensed,4,2,3,0,1,1,3,3,5,7,9,9
Motorcycles,NECO,NECO ABRUZZI,ABRUZZI 50,2012,2012,Licensed,1,3,3,4,3,3,2,3,7,9,12,12
Motorcycles,NECO,NECO ABRUZZI,ABRUZZI 50,2014,2014,SORN,10,11,10,10,10,11,9,7,6,5,5,1
Motorcycles,NECO,NECO ABRUZZI,ABRUZZI 50,2013,2013,SORN,6,8,7,10,8,7,5,6,4,3,1,1
Motorcycles,NECO,NECO ABRUZZI,ABRUZZI 50,2017,2017,SORN,4,5,2,3,3,2,3,1,0,[z],[z],[z]
Motorcycles,NECO,NECO ABRUZZI,ABRUZZI 50,2018,2018,SORN,6,5,3,5,2,1,2,0,[z],[z],[z],[z]
Motorcycles,NECO,NECO ABRUZZI,ABRUZZI 50,2015,2015,Licensed,1,3,4,3,4,3,5,9,13,18,21,[z]
Motorcycles,NECO,NECO ABRUZZI,ABRUZZI 50,2011,2011,Licensed,1,0,5,3,4,2,5,5,10,15,18,20
