make,model_gen,generation,segment,country,level,series,latest_year,stock,rarity_tier,cumulative_sales,survival,history_years,attrition,relative_attrition,n_peers,inflection_year,sorn_ratio
ABARTH,500,312,GTI,GB,generation,VEH0124,2025,23363,>=500,9033,0.9891612684702993,9,0.0008407257493754372,-0.04723290506085649,28,2017,0.05335878179328658
ABARTH,500,312,GTI,NL,generation,RDW,2026,198,<500,,1.0,0,,,0,,
ALFA ROMEO,147 GTA,937,GTI,GB,generation,VEH0124,2025,149,<500,373,0.39946380697050937,9,0.02581935301300131,-0.12540908701940828,25,2017,0.49830508474576274
ALFA ROMEO,147 GTA,937,GTI,NL,generation,RDW,2026,4,<20,,1.0,0,,,0,,
ALFA ROMEO,155,167,PREMIUM,GB,generation,VEH0124,2025,40,<100,,0.2597402597402597,9,0.04658731412505294,-0.0277938696463503,4,2023,0.8925619834710744
ALFA ROMEO,155,167,PREMIUM,NL,generation,RDW,2026,383,<500,,1.0,0,,,0,,
ALFA ROMEO,156,932,PREMIUM,GB,generation,VEH0124,2025,699,>=500,26558,0.0263197529934483,9,0.19160917341987135,0.043249532992534284,8,,0.7991111111111111
ALFA ROMEO,156,932,PREMIUM,NL,generation,RDW,2026,1624,>=500,,1.0,0,,,0,,
ALFA ROMEO,4C,960,SPORTIVE,GB,generation,VEH0124,2025,336,<500,541,0.6210720887245841,9,0.020208207272144858,-0.006841634874022191,17,2025,0.2993762993762994
ALFA ROMEO,4C,960,SPORTIVE,NL,generation,RDW,2026,144,<500,,1.0,0,,,0,,
ALFA ROMEO,8C,8C,SUPERCAR,GB,generation,VEH0124,2025,13,<20,53,0.24528301886792453,9,0.06921312159274813,0.02366160789887746,9,,0.6818181818181818
ALFA ROMEO,8C,8C,SUPERCAR,NL,generation,RDW,2026,27,<100,,1.0,0,,,0,,
ALFA ROMEO,BRERA,939,COUPE,GB,generation,VEH0124,2025,1314,>=500,3034,0.43309162821357944,9,0.10582822390747519,0.018533435860695377,25,,0.39187866927592957
ALFA ROMEO,BRERA,939,COUPE,NL,generation,RDW,2026,535,>=500,,1.0,0,,,0,,
ALFA ROMEO,GT,937,COUPE,GB,generation,VEH0124,2025,1185,>=500,7136,0.16605941704035873,9,0.20380509443185493,0.11651030638507512,25,,0.5209834675710047
ALFA ROMEO,GT,937,COUPE,NL,generation,RDW,2026,1982,>=500,,1.0,0,,,0,,
ALFA ROMEO,GTV,916,COUPE,GB,generation,VEH0124,2025,618,>=500,1690,0.3198757763975155,9,0.0676249319932527,-0.03365543425306847,23,2020,0.657319587628866
ALFA ROMEO,GTV,916,COUPE,NL,generation,RDW,2026,275,<500,,1.0,0,,,0,,
ALFA ROMEO,SPIDER,916,ROADSTER,GB,generation,VEH0124,2025,633,>=500,1245,0.3843351548269581,9,0.08423923036556236,0.027113378523567835,14,,0.5677692617991126
ALFA ROMEO,SPIDER,916,ROADSTER,NL,generation,RDW,2026,717,>=500,,1.0,0,,,0,,
ALPINE,A610,A610,SPORTIVE,NL,generation,RDW,2026,1,<20,,1.0,0,,,0,,
ASTON MARTIN,DB7,DB7,COUPE,GB,generation,VEH0124,2025,1214,>=500,1274,0.5927734375,9,0.061048313649719965,-0.0402320525966012,23,2017,0.522508038585209
ASTON MARTIN,DB7,DB7,COUPE,NL,generation,RDW,2026,143,<500,,1.0,0,,,0,,
ASTON MARTIN,DB9,DB9,COUPE,GB,generation,VEH0124,2025,3124,>=500,5308,0.5885455915599096,9,0.04865920787776309,-0.03863558016901673,25,2025,0.35463659147869675
ASTON MARTIN,DB9,DB9,COUPE,NL,generation,RDW,2026,341,<500,,1.0,0,,,0,,
ASTON MARTIN,V8 VANTAGE,VH,SPORTIVE,GB,generation,VEH0124,2025,3648,>=500,6563,0.5558433643150998,9,0.038935967166059036,-0.007259420595989788,31,2025,0.2644505368974183
ASTON MARTIN,V8 VANTAGE,VH,SPORTIVE,NL,generation,RDW,2026,404,<500,,1.0,0,,,0,,
ASTON MARTIN,VANQUISH,I,SUPERCAR,GB,generation,VEH0124,2025,100,<500,275,0.36363636363636365,9,0.043676087468801285,-0.0032470363300226915,6,2025,0.2994955863808323
ASTON MARTIN,VANQUISH,I,SUPERCAR,NL,generation,RDW,2026,10,<20,,1.0,0,,,0,,
AUDI,R8,42,SUPERCAR,GB,generation,VEH0124,2025,1782,>=500,3685,0.4835820895522388,9,0.05106273861511923,0.005511224921248559,9,,0.25553176302640973
AUDI,R8,42,SUPERCAR,NL,generation,RDW,2026,99,<100,,1.0,0,,,0,,
AUDI,RS2,B4,SPORTIVE,GB,generation,VEH0124,2025,32,<100,,0.47058823529411764,9,0.020208207272145007,-0.03415519101654393,13,2025,0.808
AUDI,RS2,B4,SPORTIVE,NL,generation,RDW,2026,2,<20,,1.0,0,,,0,,
AUDI,RS4,B5,SPORTIVE,GB,generation,VEH0124,2025,128,<500,324,0.3798219584569733,9,0.10042044352605413,0.03599301742757073,29,,0.20203003337041156
AUDI,RS4,B5,SPORTIVE,NL,generation,RDW,2026,6,<20,,1.0,0,,,0,,
AUDI,RS4,B7,SPORTIVE,GB,generation,VEH0124,2025,1489,>=500,3270,0.45535168195718656,9,0.0676423793167557,-0.0001409885924960469,34,2022,0.20203003337041156
AUDI,RS4,B7,SPORTIVE,NL,generation,RDW,2026,10,<20,,1.0,0,,,0,,
AUDI,RS6,C5,SPORTIVE,GB,generation,VEH0124,2025,269,<500,1038,0.2591522157996146,9,0.09340645041673046,0.014384435839642773,35,,0.14963961140708243
AUDI,RS6,C5,SPORTIVE,NL,generation,RDW,2026,19,<20,,1.0,0,,,0,,
AUDI,RS6,C6,SPORTIVE,GB,generation,VEH0124,2025,343,<500,705,0.48652482269503544,9,0.06909162229002419,0.00130825438077245,34,,0.14963961140708243
AUDI,RS6,C6,SPORTIVE,NL,generation,RDW,2026,9,<20,,1.0,0,,,0,,
AUDI,S2,B3_B4,COUPE,NL,generation,RDW,2026,1,<20,,1.0,0,,,0,,
AUDI,S3,8L,GTI,GB,generation,VEH0124,2025,873,>=500,3408,0.25616197183098594,9,0.1145488567816173,-0.03667958325079229,25,2021,0.08470306854612997
AUDI,S3,8L,GTI,NL,generation,RDW,2026,188,<500,,1.0,0,,,0,,
AUDI,S4,B5,SPORTIVE,GB,generation,VEH0124,2025,272,<500,77,0.3425692695214106,9,0.10969737644119675,0.04526995034271335,29,,0.18102477477477477
AUDI,S4,B5,SPORTIVE,NL,generation,RDW,2026,17,<20,,1.0,0,,,0,,
AUDI,S8,D2,PREMIUM,GB,generation,VEH0124,2025,115,<500,364,0.3159340659340659,9,0.07029830974600355,-0.06508708799454314,6,2021,0.3167044595616024
AUDI,S8,D2,PREMIUM,NL,generation,RDW,2026,26,<100,,1.0,0,,,0,,
AUDI,TT,8J,COUPE,GB,generation,VEH0124,2025,43116,>=500,59587,0.7235806467853726,9,0.030540662022775205,-0.056754126024004606,25,2017,0.1644516352710043
AUDI,TT,8J,COUPE,NL,generation,RDW,2026,2929,>=500,,1.0,0,,,0,,
AUDI,TT,8N,COUPE,GB,generation,VEH0124,2025,16396,>=500,47148,0.3477560023754984,9,0.13549369996835559,0.016509214407525327,27,,0.1644516352710043
AUDI,TT,8N,COUPE,NL,generation,RDW,2026,4953,>=500,,1.0,0,,,0,,
BMW,135I,E82,SPORTIVE,GB,generation,VEH0124,2025,870,>=500,1329,0.654627539503386,9,0.03763936399796849,-0.030144003911283253,34,2020,0.2411032028469751
BMW,135I,E82,SPORTIVE,NL,generation,RDW,2026,95,<100,,1.0,0,,,0,,
BMW,1M,E82,SPORTIVE,GB,generation,VEH0124,2025,220,<500,432,0.5092592592592593,9,0.01913696907111273,-0.027058418690936094,31,2021,0.3772609819121447
BMW,1M,E82,SPORTIVE,NL,generation,RDW,2026,1,<20,,1.0,0,,,0,,
BMW,6 SERIES,E63,COUPE,GB,generation,VEH0124,2025,5600,>=500,13562,0.41291844860640026,9,0.0931296166595524,0.005834828612772583,25,,0.2063466429811458
BMW,6 SERIES,E63,COUPE,NL,generation,RDW,2026,1424,>=500,,1.0,0,,,0,,
BMW,8 SERIES,E31,COUPE,GB,generation,VEH0124,2025,381,<500,,0.44046242774566474,9,0.08113641625793082,-0.004061822314905289,16,2025,0.14248165589749207
BMW,8 SERIES,E31,COUPE,NL,generation,RDW,2026,362,<500,,1.0,0,,,0,,
BMW,M3,E36,SPORTIVE,GB,generation,VEH0124,2025,490,<500,,0.36055923473142015,9,0.0874547548224971,0.03309135653380816,13,,0.35269599484672803
BMW,M3,E36,SPORTIVE,NL,generation,RDW,2026,370,<500,,1.0,0,,,0,,
BMW,M3,E46,SPORTIVE,GB,generation,VEH0124,2025,3974,>=500,14719,0.2699911678782526,9,0.06941227363028506,-0.009609740946802628,35,2025,0.35269599484672803
BMW,M3,E46,SPORTIVE,NL,generation,RDW,2026,725,>=500,,1.0,0,,,0,,
BMW,M3,E9X,SPORTIVE,GB,generation,VEH0124,2025,3505,>=500,8111,0.4321292072494144,9,0.06416438021537374,-0.003618987693878001,34,2025,0.35269599484672803
BMW,M3,E9X,SPORTIVE,NL,generation,RDW,2026,535,>=500,,1.0,0,,,0,,
BMW,M5,E34,SPORTIVE,GB,generation,VEH0124,2025,49,<100,,0.47115384615384615,9,0.0992781479719329,0.04491474968324397,13,,0.2654679472861291
BMW,M5,E34,SPORTIVE,NL,generation,RDW,2026,103,<500,,1.0,0,,,0,,
BMW,M5,E39,SPORTIVE,GB,generation,VEH0124,2025,462,<500,1029,0.41509433962264153,9,0.08933643561769215,0.024909009519208755,29,,0.2654679472861291
BMW,M5,E39,SPORTIVE,NL,generation,RDW,2026,228,<500,,1.0,0,,,0,,
BMW,M5,E60,SPORTIVE,GB,generation,VEH0124,2025,537,>=500,2032,0.26427165354330706,9,0.0727633596759268,0.00497999176667506,34,,0.2654679472861291
BMW,M5,E60,SPORTIVE,NL,generation,RDW,2026,288,<500,,1.0,0,,,0,,
BMW,Z3,E36_7,ROADSTER,GB,generation,VEH0124,2025,6700,>=500,5022,0.4272959183673469,9,0.08753128641124637,0.03040543456925185,14,,0.5724708488046382
BMW,Z3,E36_7,ROADSTER,NL,generation,RDW,2026,2429,>=500,,1.0,0,,,0,,
BMW,Z3 M,E36_7,ROADSTER,GB,generation,VEH0124,2025,388,<500,193,0.5480225988700564,9,0.03811356382180353,-0.01901228802019099,14,2020,0.6149131767109295
BMW,Z3 M,E36_7,ROADSTER,NL,generation,RDW,2026,295,<500,,1.0,0,,,0,,
BMW,Z4,E85,ROADSTER,GB,generation,VEH0124,2025,10979,>=500,21967,0.4997951472663541,9,0.07312186285356444,0.0005207526738111312,22,,0.18038633760283246
BMW,Z4,E85,ROADSTER,NL,generation,RDW,2026,889,>=500,,1.0,0,,,0,,
BMW,Z4,E89,ROADSTER,GB,generation,VEH0124,2025,13397,>=500,16703,0.8020714841645213,9,0.01531774748089513,-0.01614671369318469,14,2022,0.18038633760283246
BMW,Z4,E89,ROADSTER,NL,generation,RDW,2026,1639,>=500,,1.0,0,,,0,,
BMW,Z4 M,E85_86,ROADSTER,GB,generation,VEH0124,2025,450,<500,1157,0.3889369057908384,9,0.05517147949252443,-0.012814828523419017,21,2024,0.5288753799392097
BMW,Z4 M,E85_86,ROADSTER,NL,generation,RDW,2026,8,<20,,1.0,0,,,0,,
BMW,Z8,E52,ROADSTER,GB,generation,VEH0124,2025,40,<100,111,0.36036036036036034,9,0.039261011885461126,-0.03334009829429218,22,2017,0.6448598130841121
BMW,Z8,E52,ROADSTER,NL,generation,RDW,2026,38,<100,,1.0,0,,,0,,
CATERHAM,SEVEN,SEVEN,SPORTIVE,NL,generation,RDW,2026,106,<500,,1.0,0,,,0,,
CITROEN,C2 VTS,A6,GTI,GB,generation,VEH0124,2025,1786,>=500,11169,0.1599068851284806,9,0.21704099641996036,0.09482863389583462,36,,0.43538565629228687
CITROEN,DS3 RACING,A55,GTI,GB,generation,VEH0124,2025,102,<500,173,0.5895953757225434,9,0.05968274381632869,0.01160911300609676,28,,0.26153846153846155
CITROEN,DS3 RACING,A55,GTI,NL,generation,RDW,2026,69,<100,,1.0,0,,,0,,
CITROEN,SAXO VTS,S0,GTI,GB,generation,VEH0124,2025,510,>=500,23630,0.02158273381294964,9,0.14629574734976103,0.02388950576683424,17,,0.8958630527817404
CITROEN,XSARA VTS,N0,GTI,GB,generation,VEH0124,2025,61,<100,3222,0.01893234016139044,9,0.1841884099795852,0.032959969947175594,25,,0.8318840579710145
FERRARI,348,348,SUPERCAR,NL,generation,RDW,2026,122,<500,,1.0,0,,,0,,
FERRARI,360,360,SUPERCAR,GB,generation,VEH0124,2025,446,<500,1227,0.3634881825590872,9,0.07047195237761687,0.023548828578792896,6,,0.5447154471544715
FERRARI,360,360,SUPERCAR,NL,generation,RDW,2026,261,<500,,1.0,0,,,0,,
FERRARI,456,456,COUPE,NL,generation,RDW,2026,93,<100,,1.0,0,,,0,,
FERRARI,458,458,SUPERCAR,GB,generation,VEH0124,2025,877,>=500,1861,0.4712520150456744,9,0.04508010262649709,-0.0048350261599502745,11,2025,0.42138364779874216
FERRARI,458,458,SUPERCAR,NL,generation,RDW,2026,267,<500,,1.0,0,,,0,,
FERRARI,550,550,SUPERCAR,NL,generation,RDW,2026,40,<100,,1.0,0,,,0,,
FERRARI,575M,575M,SUPERCAR,GB,generation,VEH0124,2025,99,<100,242,0.4090909090909091,9,0.025902994775771997,-0.02102012902305198,6,2025,0.5682819383259912
FERRARI,575M,575M,SUPERCAR,NL,generation,RDW,2026,41,<100,,1.0,0,,,0,,
FERRARI,599,599,SUPERCAR,GB,generation,VEH0124,2025,199,<500,499,0.39879759519038077,9,0.04093185915997596,-0.004619654533894714,9,2021,0.5172413793103449
FERRARI,599,599,SUPERCAR,NL,generation,RDW,2026,155,<500,,1.0,0,,,0,,
FERRARI,612,612,COUPE,GB,generation,VEH0124,2025,140,<500,270,0.5185185185185185,9,0.0647186714803194,-0.022576116566460414,25,2021,0.4703389830508475
FERRARI,612,612,COUPE,NL,generation,RDW,2026,74,<100,,1.0,0,,,0,,
FERRARI,CALIFORNIA,F149,ROADSTER,GB,generation,VEH0124,2025,1138,>=500,1007,0.805378627034678,9,0.033946461753082545,0.002482000579002726,14,,0.2403462050599201
FERRARI,CALIFORNIA,F149,ROADSTER,NL,generation,RDW,2026,265,<500,,1.0,0,,,0,,
FERRARI,F355,F355,SUPERCAR,NL,generation,RDW,2026,138,<500,,1.0,0,,,0,,
FERRARI,F430,F430,SUPERCAR,GB,generation,VEH0124,2025,672,>=500,2031,0.3308714918759232,9,0.03793562909224798,-0.0076158846016226925,9,2023,0.5048611111111111
FERRARI,F430,F430,SUPERCAR,NL,generation,RDW,2026,288,<500,,1.0,0,,,0,,
FIAT,BARCHETTA,183,ROADSTER,GB,generation,VEH0124,2025,219,<500,507,0.4319526627218935,9,0.09129625010648172,0.0341703982644872,14,,0.7246558197747184
FIAT,BARCHETTA,183,ROADSTER,NL,generation,RDW,2026,1324,>=500,,1.0,0,,,0,,
FIAT,COUPE,175,COUPE,GB,generation,VEH0124,2025,504,>=500,,0.32727272727272727,9,0.06850966820440914,-0.03277069804191203,23,2021,0.7631703844328429
FIAT,COUPE,175,COUPE,NL,generation,RDW,2026,374,<500,,1.0,0,,,0,,
FIAT,PUNTO GT,176,GTI,GB,generation,VEH0124,2025,67,<100,,0.07258938244853738,9,0.17126875063470948,0.04886250905178269,17,,0.8770949720670391
FIAT,PUNTO GT,176,GTI,NL,generation,RDW,2026,22,<100,,1.0,0,,,0,,
FORD,ESCORT RS COSWORTH,MK5,SPORTIVE,GB,generation,VEH0124,2025,246,<500,,0.6119402985074627,9,0.018450031694388375,-0.035913366594300555,13,2025,0.8132118451025057
FORD,ESCORT RS COSWORTH,MK5,SPORTIVE,NL,generation,RDW,2026,60,<100,,1.0,0,,,0,,
FORD,FIESTA ST,MK6,GTI,GB,generation,VEH0124,2025,4772,>=500,16654,0.2865377687042152,9,0.12980356213276303,0.0075911996086373,36,,0.056359437998103494
FORD,FIESTA ST,MK6,GTI,NL,generation,RDW,2026,5,<20,,1.0,0,,,0,,
FORD,FIESTA ST,MK7,GTI,GB,generation,VEH0124,2025,36771,>=500,47558,0.7731822196055343,9,0.03534309914656397,-0.012730531663667957,28,2025,0.056359437998103494
FORD,FIESTA ST,MK7,GTI,NL,generation,RDW,2026,13,<20,,1.0,0,,,0,,
FORD,FOCUS RS,MK1,GTI,GB,generation,VEH0124,2025,329,<500,1993,0.16507777220270947,9,0.08219169430566975,-0.06903674572673985,25,2022,0.31543624161073824
FORD,FOCUS RS,MK1,GTI,NL,generation,RDW,2026,44,<100,,1.0,0,,,0,,
FORD,FOCUS RS,MK2,GTI,GB,generation,VEH0124,2025,1582,>=500,4029,0.39265326383718047,9,0.06332760703755132,-0.05888475548657442,36,2025,0.31543624161073824
FORD,FOCUS RS,MK2,GTI,NL,generation,RDW,2026,1,<20,,1.0,0,,,0,,
FORD,FOCUS ST,MK2,GTI,GB,generation,VEH0124,2025,10619,>=500,22664,0.46854041651959055,9,0.08608283652195918,-0.036129526002166554,36,2023,0.05938424518596446
FORD,FOCUS ST,MK2,GTI,NL,generation,RDW,2026,22,<100,,1.0,0,,,0,,
FORD,PUMA,MK1,COUPE,GB,generation,VEH0124,2025,1289,>=500,19007,0.06087654670822707,9,0.17591636819683446,0.07463600195051329,23,,0.025659502974033938
FORD,PUMA,MK1,COUPE,NL,generation,RDW,2026,203,<500,,1.0,0,,,0,,
FORD,SIERRA COSWORTH,MK2,SPORTIVE,GB,generation,VEH0124,2025,650,>=500,,0.6639427987742594,9,0.04814442962481724,0.005966574645276168,4,,0.8377467501203659
FORD,SIERRA COSWORTH,MK2,SPORTIVE,NL,generation,RDW,2026,173,<500,,1.0,0,,,0,,
HONDA,CIVIC TYPE R,EK9,GTI,NL,generation,RDW,2026,2,<20,,1.0,0,,,0,,
HONDA,CIVIC TYPE R,EP3,GTI,GB,generation,VEH0124,2025,1,<20,0,1.0,9,0.0,-0.1512284400324096,25,2017,0.1146433041301627
HONDA,CIVIC TYPE R,EP3,GTI,NL,generation,RDW,2026,1,<20,,1.0,0,,,0,,
HONDA,CIVIC TYPE R,FN2,GTI,GB,generation,VEH0124,2025,1977,>=500,2951,0.6699423924093527,9,0.053185171361638105,-0.06902719116248762,36,2019,0.1146433041301627
HONDA,CIVIC TYPE R,FN2,GTI,NL,generation,RDW,2026,1,<20,,1.0,0,,,0,,
HONDA,CRX,ED9_EE8,COUPE,GB,generation,VEH0124,2025,109,<500,,0.2725,9,0.07621101453299388,0.02941879988342619,7,,0.8314238952536824
HONDA,CRX,ED9_EE8,COUPE,NL,generation,RDW,2026,576,>=500,,1.0,0,,,0,,
HONDA,CRX DEL SOL,EG,ROADSTER,NL,generation,RDW,2026,6,<20,,1.0,0,,,0,,
HONDA,INTEGRA TYPE R,DC2,GTI,NL,generation,RDW,2026,72,<100,,1.0,0,,,0,,
HONDA,INTEGRA TYPE R,DC5,GTI,NL,generation,RDW,2026,6,<20,,1.0,0,,,0,,
HONDA,NSX,NA1_NA2,SUPERCAR,GB,generation,VEH0124,2025,132,<500,104,0.6439024390243903,9,0.009950987716560592,,2,,0.5037453183520599
HONDA,NSX,NA1_NA2,SUPERCAR,NL,generation,RDW,2026,48,<100,,1.0,0,,,0,,
HONDA,PRELUDE,BB,COUPE,GB,generation,VEH0124,2025,528,>=500,252,0.22515991471215352,9,0.08726044800654116,-0.014019918239780008,23,2025,0.6656237778646852
HONDA,PRELUDE,BB,COUPE,NL,generation,RDW,2026,473,<500,,1.0,0,,,0,,
HONDA,S2000,AP1_AP2,ROADSTER,GB,generation,VEH0124,2025,3073,>=500,7994,0.38441330998248685,9,0.06189284550061025,-0.010708264679143056,22,2025,0.49952137843012123
HONDA,S2000,AP1_AP2,ROADSTER,NL,generation,RDW,2026,728,>=500,,1.0,0,,,0,,
JAGUAR,F-TYPE,X152,SPORTIVE,GB,generation,VEH0124,2025,15088,>=500,14298,0.9884696016771488,9,-0.012561416102969977,-0.03961125824913703,17,2021,0.08635779423465328
JAGUAR,F-TYPE,X152,SPORTIVE,NL,generation,RDW,2026,967,>=500,,1.0,0,,,0,,
JAGUAR,S-TYPE R,X200,PREMIUM,GB,generation,VEH0124,2025,422,<500,1233,0.3422546634225466,9,0.10021034893086138,-0.04814929149647569,8,2020,0.4813895781637717
JAGUAR,S-TYPE R,X200,PREMIUM,NL,generation,RDW,2026,7,<20,,1.0,0,,,0,,
JAGUAR,XJ,X300_X308,PREMIUM,GB,generation,VEH0124,2025,2876,>=500,7391,0.21264325323475047,9,0.1370043241819611,0.0016189264414143978,6,,0.39616199298156873
JAGUAR,XJ,X300_X308,PREMIUM,NL,generation,RDW,2026,732,>=500,,1.0,0,,,0,,
JAGUAR,XJS,XJS,COUPE,GB,generation,VEH0124,2025,2134,>=500,,0.654601226993865,9,0.034259956354778076,,1,,0.7497612225405922
JAGUAR,XJS,XJS,COUPE,NL,generation,RDW,2026,848,>=500,,1.0,0,,,0,,
JAGUAR,XK,X100,COUPE,GB,generation,VEH0124,2025,6163,>=500,10650,0.4917025690122866,9,0.07697799777555285,-0.04200648778527741,27,2017,0.3905132743362832
JAGUAR,XK,X100,COUPE,NL,generation,RDW,2026,1265,>=500,,1.0,0,,,0,,
JAGUAR,XK,X150,COUPE,GB,generation,VEH0124,2025,9583,>=500,14838,0.6458417576492789,9,0.03889364699503931,-0.0484011410517405,25,2025,0.3905132743362832
JAGUAR,XK,X150,COUPE,NL,generation,RDW,2026,457,<500,,1.0,0,,,0,,
LANCIA,DELTA INTEGRALE,831,SPORTIVE,GB,generation,VEH0124,2025,188,<500,,0.7175572519083969,9,0.007017803065944091,-0.03516005191359698,4,2020,0.8062176165803109
LANCIA,DELTA INTEGRALE,831,SPORTIVE,NL,generation,RDW,2026,336,<500,,1.0,0,,,0,,
LANCIA,THEMA 8.32,Y9,PREMIUM,GB,generation,VEH0124,2025,5,<20,,0.8333333333333334,9,0.0,,1,,0.90625
LANCIA,THEMA 8.32,Y9,PREMIUM,NL,generation,RDW,2026,65,<100,,1.0,0,,,0,,
LEXUS,IS-F,XE20,SPORTIVE,GB,generation,VEH0124,2025,161,<500,254,0.6338582677165354,9,0.03158178919645523,-0.03620157871279651,34,2021,0.21025641025641026
LEXUS,IS-F,XE20,SPORTIVE,NL,generation,RDW,2026,78,<100,,1.0,0,,,0,,
LEXUS,LS400,XF10_XF20,PREMIUM,GB,generation,VEH0124,2025,686,>=500,,0.25857519788918204,9,0.11991049747376052,0.045529313702357285,4,,0.6543803418803419
LEXUS,LS400,XF10_XF20,PREMIUM,NL,generation,RDW,2026,143,<500,,1.0,0,,,0,,
LEXUS,SC430,Z40,ROADSTER,GB,generation,VEH0124,2025,1372,>=500,2275,0.6030769230769231,9,0.04237780604828778,-0.030223304131465525,22,2020,0.2996352266805628
LEXUS,SC430,Z40,ROADSTER,NL,generation,RDW,2026,308,<500,,1.0,0,,,0,,
LOTUS,ELISE,S1,SPORTIVE,GB,generation,VEH0124,2025,1159,>=500,1026,0.5774788241155954,9,0.04612432501845346,-0.018303101080029936,29,2017,0.5196078431372549
LOTUS,ELISE,S1,SPORTIVE,NL,generation,RDW,2026,243,<500,,1.0,0,,,0,,
LOTUS,ELISE,S2,SPORTIVE,GB,generation,VEH0124,2025,1548,>=500,6458,0.2397026943326107,9,0.04860344930367955,-0.019179918605572194,34,2021,0.5196078431372549
LOTUS,ELISE,S2,SPORTIVE,NL,generation,RDW,2026,294,<500,,1.0,0,,,0,,
LOTUS,ESPRIT,X180_S4,SUPERCAR,GB,generation,VEH0124,2025,346,<500,77,0.6641074856046065,9,0.02860213746342873,,1,,0.6255616575137294
LOTUS,ESPRIT,X180_S4,SUPERCAR,NL,generation,RDW,2026,36,<100,,1.0,0,,,0,,
LOTUS,EVORA,122,SPORTIVE,GB,generation,VEH0124,2025,599,>=500,1178,0.5084889643463497,9,0.03584281593339137,-0.010352571828657453,31,2025,0.3002232142857143
LOTUS,EVORA,122,SPORTIVE,NL,generation,RDW,2026,83,<100,,1.0,0,,,0,,
LOTUS,EXIGE,S1,SPORTIVE,GB,generation,VEH0124,2025,36,<100,175,0.2057142857142857,9,0.11610223142273861,0.05167480532425521,29,,0.43337264150943394
LOTUS,EXIGE,S1,SPORTIVE,NL,generation,RDW,2026,5,<20,,1.0,0,,,0,,
LOTUS,EXIGE,S2,SPORTIVE,GB,generation,VEH0124,2025,344,<500,1418,0.24259520451339917,9,0.027871380013711367,-0.039911987895540374,34,2023,0.43337264150943394
LOTUS,EXIGE,S2,SPORTIVE,NL,generation,RDW,2026,63,<100,,1.0,0,,,0,,
MASERATI,3200 GT,338,COUPE,GB,generation,VEH0124,2025,161,<500,386,0.3870192307692308,9,0.08856772191100178,-0.012712644335319392,23,2019,0.7015209125475285
MASERATI,3200 GT,338,COUPE,NL,generation,RDW,2026,165,<500,,1.0,0,,,0,,
MASERATI,4200,M138,COUPE,GB,generation,VEH0124,2025,508,>=500,1500,0.33866666666666667,9,0.09076953277904713,-0.028214952781783126,27,2019,0.5705731394354149
MASERATI,4200,M138,COUPE,NL,generation,RDW,2026,271,<500,,1.0,0,,,0,,
MASERATI,GHIBLI,II,COUPE,GB,generation,VEH0124,2025,9,<20,,0.375,9,0.17027520792199682,0.08507696934916072,16,,0.11057962858750703
MASERATI,GHIBLI,II,COUPE,NL,generation,RDW,2026,45,<100,,1.0,0,,,0,,
MASERATI,GRANTURISMO,M145,COUPE,GB,generation,VEH0124,2025,2067,>=500,3114,0.6637764932562621,9,0.024852369191866508,-0.01051578192960919,16,2023,0.24628528974739972
MASERATI,GRANTURISMO,M145,COUPE,NL,generation,RDW,2026,475,<500,,1.0,0,,,0,,
MASERATI,QUATTROPORTE,M139,PREMIUM,GB,generation,VEH0124,2025,437,<500,1140,0.38333333333333336,9,0.10399463943233744,-0.0042344500494406745,8,2021,0.3333333333333333
MASERATI,QUATTROPORTE,M139,PREMIUM,NL,generation,RDW,2026,611,>=500,,1.0,0,,,0,,
MAZDA,MX-3,EC,COUPE,GB,generation,VEH0124,2025,119,<500,,0.11911911911911911,9,0.1629115553172662,0.07771331674443009,16,,0.7888888888888889
MAZDA,MX-3,EC,COUPE,NL,generation,RDW,2026,217,<500,,1.0,0,,,0,,
MAZDA,MX-5,NA,ROADSTER,GB,generation,VEH0124,2025,3105,>=500,,0.3993055555555556,9,0.07003738344435699,0.008192630387739548,4,,0.309517925544121
MAZDA,MX-5,NA,ROADSTER,NL,generation,RDW,2026,3223,>=500,,1.0,0,,,0,,
MAZDA,MX-5,NB,ROADSTER,GB,generation,VEH0124,2025,12445,>=500,36665,0.3280784541164685,9,0.12541636298240158,0.052815252802648274,22,,0.309517925544121
MAZDA,MX-5,NB,ROADSTER,NL,generation,RDW,2026,3944,>=500,,1.0,0,,,0,,
MAZDA,MX-5,NC,ROADSTER,GB,generation,VEH0124,2025,36851,>=500,56006,0.6579830732421527,9,0.03229510376616022,-0.03569120424978323,21,2020,0.309517925544121
MAZDA,MX-5,NC,ROADSTER,NL,generation,RDW,2026,4154,>=500,,1.0,0,,,0,,
MAZDA,RX-7,FD,SPORTIVE,GB,generation,VEH0124,2025,17,<20,138,0.12318840579710146,9,0.10076029062431117,0.03633286452582778,29,,0.7834645669291339
MAZDA,RX-7,FD,SPORTIVE,NL,generation,RDW,2026,98,<100,,1.0,0,,,0,,
MAZDA,RX-8,SE3P,COUPE,GB,generation,VEH0124,2025,1923,>=500,25413,0.0756699327116043,9,0.15067746574796814,0.06338267770118833,25,,0.7557653405259609
MAZDA,RX-8,SE3P,COUPE,NL,generation,RDW,2026,510,>=500,,1.0,0,,,0,,
MERCEDES-BENZ,190E 2.5-16,W201,SPORTIVE,GB,generation,VEH0124,2025,41,<100,,0.43157894736842106,9,0.059416077135439505,0.01723822215589843,4,,0.8913738019169329
MERCEDES-BENZ,190E 2.5-16,W201,SPORTIVE,NL,generation,RDW,2026,48,<100,,1.0,0,,,0,,
MERCEDES-BENZ,C43 AMG,W202,SPORTIVE,GB,generation,VEH0124,2025,139,<500,,0.4483870967741935,9,0.05104080070056405,-0.01338662539791935,29,2025,0.6542056074766355
MERCEDES-BENZ,C43 AMG,W202,SPORTIVE,NL,generation,RDW,2026,82,<100,,1.0,0,,,0,,
MERCEDES-BENZ,C55 AMG,W203,SPORTIVE,GB,generation,VEH0124,2025,70,<100,146,0.4794520547945205,9,0.12220842493063344,0.04318641035354576,35,,0.37398373983739835
MERCEDES-BENZ,C55 AMG,W203,SPORTIVE,NL,generation,RDW,2026,82,<100,,1.0,0,,,0,,
MERCEDES-BENZ,C63 AMG,W204,SPORTIVE,GB,generation,VEH0124,2025,3159,>=500,5283,0.5979557069846678,9,0.03654163814809467,-0.009653749613954155,31,2025,0.23414634146341465
MERCEDES-BENZ,C63 AMG,W204,SPORTIVE,NL,generation,RDW,2026,317,<500,,1.0,0,,,0,,
MERCEDES-BENZ,CL,C140,COUPE,GB,generation,VEH0124,2025,61,<100,,0.3065326633165829,9,0.11834475149375745,0.03314651292092134,16,,0.47136447611506993
MERCEDES-BENZ,CL,C140,COUPE,NL,generation,RDW,2026,36,<100,,1.0,0,,,0,,
MERCEDES-BENZ,CL,C215,COUPE,GB,generation,VEH0124,2025,844,>=500,3052,0.2765399737876802,9,0.1303816847778053,0.011397199216975032,27,,0.47136447611506993
MERCEDES-BENZ,CL,C215,COUPE,NL,generation,RDW,2026,377,<500,,1.0,0,,,0,,
MERCEDES-BENZ,CL,C216,COUPE,GB,generation,VEH0124,2025,1107,>=500,2370,0.4670886075949367,9,0.0666437746314242,-0.02065101341535562,25,2025,0.47136447611506993
MERCEDES-BENZ,CL,C216,COUPE,NL,generation,RDW,2026,268,<500,,1.0,0,,,0,,
MERCEDES-BENZ,CLK,C208,COUPE,GB,generation,VEH0124,2025,2690,>=500,23456,0.11468281036834925,9,0.20247306576974644,0.10119269952342527,23,,0.3781974019017008
MERCEDES-BENZ,CLK,C208,COUPE,NL,generation,RDW,2026,2356,>=500,,1.0,0,,,0,,
MERCEDES-BENZ,CLK,C209,COUPE,GB,generation,VEH0124,2025,16744,>=500,51904,0.3225955610357583,9,0.12244014012889497,0.03514535208211515,25,,0.3781974019017008
MERCEDES-BENZ,CLK,C209,COUPE,NL,generation,RDW,2026,2489,>=500,,1.0,0,,,0,,
MERCEDES-BENZ,E55 AMG,W210,SPORTIVE,GB,generation,VEH0124,2025,78,<100,77,0.3058823529411765,9,0.18285531724961265,0.11842789115112926,29,,0.5469613259668509
MERCEDES-BENZ,E55 AMG,W210,SPORTIVE,NL,generation,RDW,2026,99,<100,,1.0,0,,,0,,
MERCEDES-BENZ,E55 AMG,W211,SPORTIVE,GB,generation,VEH0124,2025,242,<500,629,0.3847376788553259,9,0.09103788554116339,0.012015870964075706,35,,0.5469613259668509
MERCEDES-BENZ,E55 AMG,W211,SPORTIVE,NL,generation,RDW,2026,216,<500,,1.0,0,,,0,,
MERCEDES-BENZ,E63 AMG,W212,SPORTIVE,GB,generation,VEH0124,2025,579,>=500,1174,0.49318568994889267,9,0.04565989063447932,-0.0005354971275695064,31,2024,0.23781902552204176
MERCEDES-BENZ,E63 AMG,W212,SPORTIVE,NL,generation,RDW,2026,128,<500,,1.0,0,,,0,,
MERCEDES-BENZ,S-CLASS,W140,PREMIUM,GB,generation,VEH0124,2025,324,<500,,0.226890756302521,9,0.13240019941942371,0.05801901564802048,4,,0.2709735307312696
MERCEDES-BENZ,S-CLASS,W140,PREMIUM,NL,generation,RDW,2026,376,<500,,1.0,0,,,0,,
MERCEDES-BENZ,S-CLASS,W220,PREMIUM,GB,generation,VEH0124,2025,1521,>=500,12759,0.11920996943334117,9,0.21129939120802574,0.06293975078068867,8,,0.2709735307312696
MERCEDES-BENZ,S-CLASS,W220,PREMIUM,NL,generation,RDW,2026,1503,>=500,,1.0,0,,,0,,
MERCEDES-BENZ,S-CLASS,W221,PREMIUM,GB,generation,VEH0124,2025,6048,>=500,18386,0.3289459371260742,9,0.10822908948177812,0.0,8,,0.2709735307312696
MERCEDES-BENZ,S-CLASS,W221,PREMIUM,NL,generation,RDW,2026,2117,>=500,,1.0,0,,,0,,
MERCEDES-BENZ,SL,R129,ROADSTER,GB,generation,VEH0124,2025,2461,>=500,487,0.5549041713641488,9,0.05939396272098,-0.0024507903356374428,4,2025,0.3507721104351895
MERCEDES-BENZ,SL,R129,ROADSTER,NL,generation,RDW,2026,808,>=500,,1.0,0,,,0,,
MERCEDES-BENZ,SL,R230,ROADSTER,GB,generation,VEH0124,2025,6288,>=500,13765,0.45681075190701054,9,0.07225396957489671,0.004267661558953265,21,,0.3507721104351895
MERCEDES-BENZ,SL,R230,ROADSTER,NL,generation,RDW,2026,1854,>=500,,1.0,0,,,0,,
MERCEDES-BENZ,SLK,R170,ROADSTER,GB,generation,VEH0124,2025,6462,>=500,15878,0.3409306742640076,9,0.14767527751859313,0.09054942567659861,14,,0.19611577117811532
MERCEDES-BENZ,SLK,R170,ROADSTER,NL,generation,RDW,2026,4424,>=500,,1.0,0,,,0,,
MERCEDES-BENZ,SLK,R171,ROADSTER,GB,generation,VEH0124,2025,17923,>=500,32492,0.5516127046657638,9,0.05198612405592703,-0.01600018396001642,21,2017,0.19611577117811532
MERCEDES-BENZ,SLK,R171,ROADSTER,NL,generation,RDW,2026,3940,>=500,,1.0,0,,,0,,
MERCEDES-BENZ,SLR MCLAREN,C199,SUPERCAR,GB,generation,VEH0124,2025,13,<20,85,0.15294117647058825,9,0.14359430536415138,0.09804279167028071,9,,0.6190476190476191
MERCEDES-BENZ,SLR MCLAREN,C199,SUPERCAR,NL,generation,RDW,2026,35,<100,,1.0,0,,,0,,
MERCEDES-BENZ,SLS AMG,C197,SUPERCAR,GB,generation,VEH0124,2025,205,<500,496,0.41330645161290325,9,0.04694060862906735,-0.002974520157380013,11,2025,0.5025125628140703
MERCEDES-BENZ,SLS AMG,C197,SUPERCAR,NL,generation,RDW,2026,19,<20,,1.0,0,,,0,,
MG,MGF,MGF,ROADSTER,GB,generation,VEH0124,2025,3067,>=500,8319,0.23793638479441429,9,0.13220757946472675,0.07508172762273223,14,,0.7538864342988054
MG,MGF,MGF,ROADSTER,NL,generation,RDW,2026,1472,>=500,,1.0,0,,,0,,
MG,RV8,RV8,ROADSTER,GB,generation,VEH0124,2025,246,<500,,0.6988636363636364,9,0.03835644326159571,-0.023488309795021735,4,2017,0.5927750410509032
MG,RV8,RV8,ROADSTER,NL,generation,RDW,2026,48,<100,,1.0,0,,,0,,
MG,TF,TF,ROADSTER,GB,generation,VEH0124,2025,5902,>=500,28672,0.20584542410714285,9,0.10271409547620831,0.034727787460264864,21,,0.5829461796869416
MG,TF,TF,ROADSTER,NL,generation,RDW,2026,961,>=500,,1.0,0,,,0,,
MINI,COOPER S,R53,GTI,GB,generation,VEH0124,2025,13026,>=500,39817,0.3271466961348168,9,0.12730097584321656,-0.023927464189193032,25,2019,0.09851398888779302
MINI,COOPER S,R53,GTI,NL,generation,RDW,2026,3407,>=500,,1.0,0,,,0,,
MINI,COOPER S,R56,GTI,GB,generation,VEH0124,2025,26456,>=500,52227,0.5065579106592376,9,0.06462379088098243,-0.05758857164314331,36,2017,0.09851398888779302
MINI,COOPER S,R56,GTI,NL,generation,RDW,2026,6204,>=500,,1.0,0,,,0,,
MITSUBISHI,3000GT,Z16A,COUPE,GB,generation,VEH0124,2025,116,<500,,0.380327868852459,9,0.050561529110688376,-0.03463670946214773,16,2025,0.7889733840304183
MITSUBISHI,3000GT,Z16A,COUPE,NL,generation,RDW,2026,87,<100,,1.0,0,,,0,,
MITSUBISHI,ECLIPSE,1G_2G,COUPE,GB,generation,VEH0124,2025,13,<20,,0.40625,9,0.08942132886489314,0.00422309029205703,16,,0.7936507936507936
MITSUBISHI,ECLIPSE,1G_2G,COUPE,NL,generation,RDW,2026,218,<500,,1.0,0,,,0,,
MITSUBISHI,FTO,DE,COUPE,GB,generation,VEH0124,2025,38,<100,,0.1589958158995816,9,0.09807982433264668,-0.0032005419136744845,23,2022,0.8195121951219512
MITSUBISHI,FTO,DE,COUPE,NL,generation,RDW,2026,23,<100,,1.0,0,,,0,,
MITSUBISHI,LANCER EVOLUTION,VII_IX,SPORTIVE,GB,generation,VEH0124,2025,420,<500,4398,0.09549795361527967,9,0.08500376338741085,0.005981748810323165,35,,0.6265448683503493
MITSUBISHI,LANCER EVOLUTION,VII_IX,SPORTIVE,NL,generation,RDW,2026,108,<500,,1.0,0,,,0,,
MITSUBISHI,LANCER EVOLUTION,V_VI,SPORTIVE,GB,generation,VEH0124,2025,3,<20,5,0.2727272727272727,9,0.0958940241505936,0.0314665980521102,29,,0.6265448683503493
MITSUBISHI,LANCER EVOLUTION,V_VI,SPORTIVE,NL,generation,RDW,2026,35,<100,,1.0,0,,,0,,
MITSUBISHI,LANCER EVOLUTION,X,SPORTIVE,GB,generation,VEH0124,2025,526,>=500,2050,0.25658536585365854,9,0.06224924723317186,0.016053859471123033,31,,0.6265448683503493
MITSUBISHI,LANCER EVOLUTION,X,SPORTIVE,NL,generation,RDW,2026,60,<100,,1.0,0,,,0,,
NISSAN,200SX,S13,COUPE,GB,generation,VEH0124,2025,166,<500,,0.44986449864498645,9,0.013767935380411878,-0.03302427926915581,7,2023,0.813023855577047
NISSAN,200SX,S13,COUPE,NL,generation,RDW,2026,197,<500,,1.0,0,,,0,,
NISSAN,200SX,S14,COUPE,GB,generation,VEH0124,2025,300,<500,,0.31023784901758017,9,0.09422317687607891,-0.007057189370242259,23,2025,0.813023855577047
NISSAN,200SX,S14,COUPE,NL,generation,RDW,2026,103,<500,,1.0,0,,,0,,
NISSAN,300ZX,Z32,SPORTIVE,GB,generation,VEH0124,2025,175,<500,,0.43316831683168316,9,0.054363398288688934,0.0,13,,0.8412698412698413
NISSAN,300ZX,Z32,SPORTIVE,NL,generation,RDW,2026,340,<500,,1.0,0,,,0,,
NISSAN,350Z,Z33,SPORTIVE,GB,generation,VEH0124,2025,3242,>=500,8206,0.3950767730928589,9,0.09921894493808973,0.02019693036100205,35,,0.4486486486486487
NISSAN,350Z,Z33,SPORTIVE,NL,generation,RDW,2026,830,>=500,,1.0,0,,,0,,
NISSAN,370Z,Z34,SPORTIVE,GB,generation,VEH0124,2025,2044,>=500,2855,0.715936952714536,9,0.03510386359398776,-0.011091524168061064,31,2024,0.1734271523178808
NISSAN,370Z,Z34,SPORTIVE,NL,generation,RDW,2026,254,<500,,1.0,0,,,0,,
NISSAN,GT-R,R35,SUPERCAR,GB,generation,VEH0124,2025,1796,>=500,3716,0.48331539289558667,9,0.04197205578822002,-0.007943072998227343,11,2025,0.3386439422008151
NISSAN,GT-R,R35,SUPERCAR,NL,generation,RDW,2026,208,<500,,1.0,0,,,0,,
NISSAN,SKYLINE GT-R,R32,SPORTIVE,NL,generation,RDW,2026,16,<20,,1.0,0,,,0,,
NISSAN,SKYLINE GT-R,R33,SPORTIVE,GB,generation,VEH0124,2025,12,<20,,0.4444444444444444,9,0.02668090255784546,-0.03774652354063794,29,2025,0.7478070175438597
NISSAN,SKYLINE GT-R,R33,SPORTIVE,NL,generation,RDW,2026,22,<100,,1.0,0,,,0,,
NISSAN,SKYLINE GT-R,R34,SPORTIVE,GB,generation,VEH0124,2025,10,<20,164,0.06097560975609756,9,0.1959288883007062,0.1315014622022228,29,,0.7478070175438597
NISSAN,SKYLINE GT-R,R34,SPORTIVE,NL,generation,RDW,2026,14,<20,,1.0,0,,,0,,
NISSAN,SUNNY GTI-R,N14,GTI,GB,generation,VEH0124,2025,16,<20,,0.7272727272727273,9,-0.12489781648047016,-0.19077593506972837,11,2025,0.8045977011494253
NISSAN,SUNNY GTI-R,N14,GTI,NL,generation,RDW,2026,20,<100,,1.0,0,,,0,,
OPEL,ASTRA OPC,G,GTI,GB,generation,VEH0124,2025,203,<500,1533,0.1324200913242009,9,0.11426194392602174,-0.03696649610638786,25,2020,0.47013651877133106
OPEL,ASTRA OPC,G,GTI,NL,generation,RDW,2026,2,<20,,1.0,0,,,0,,
OPEL,ASTRA OPC,H,GTI,GB,generation,VEH0124,2025,2908,>=500,8273,0.3515048954430074,9,0.10719167570554748,-0.015020686818578252,36,2022,0.47013651877133106
OPEL,ASTRA OPC,H,GTI,NL,generation,RDW,2026,1,<20,,1.0,0,,,0,,
OPEL,CALIBRA,A,COUPE,GB,generation,VEH0124,2025,301,<500,,0.24732949876746096,9,0.09059183338408221,0.0053935948112461,16,,0.8602904356534802
OPEL,CALIBRA,A,COUPE,NL,generation,RDW,2026,665,>=500,,1.0,0,,,0,,
OPEL,CORSA VXR,D,GTI,GB,generation,VEH0124,2025,3833,>=500,9082,0.42204360273067604,9,0.1023106897889523,-0.01990167273517343,36,2025,0.2619507484307098
OPEL,CORSA VXR,D,GTI,NL,generation,RDW,2026,36,<100,,1.0,0,,,0,,
OPEL,LOTUS CARLTON,A,SPORTIVE,GB,generation,VEH0124,2025,51,<100,,0.8095238095238095,9,-0.05687517234358778,-0.11123857063227671,13,2025,0.768361581920904
OPEL,LOTUS CARLTON,A,SPORTIVE,NL,generation,RDW,2026,14,<20,,1.0,0,,,0,,
OPEL,MONARO,V2,SPORTIVE,GB,generation,VEH0124,2025,605,>=500,1307,0.4628921193573068,9,0.050989781593809035,-0.016793586315442706,34,2025,0.4746059544658494
OPEL,VX220,VX220,ROADSTER,GB,generation,VEH0124,2025,439,<500,1941,0.226172076249356,9,0.06279253115699863,-0.009808579022754671,22,2025,0.6903089887640449
OPEL,VX220,VX220,ROADSTER,NL,generation,RDW,2026,216,<500,,1.0,0,,,0,,
PEUGEOT,106 RALLYE,S1,GTI,GB,generation,VEH0124,2025,68,<100,,0.3285024154589372,9,0.07043636455573547,0.004558245966477262,11,,0.8866995073891626
PEUGEOT,106 RALLYE,S1,GTI,NL,generation,RDW,2026,189,<500,,1.0,0,,,0,,
PEUGEOT,106 RALLYE,S2,GTI,GB,generation,VEH0124,2025,181,<500,597,0.1917372881355932,9,0.06955824673143092,-0.05284799485149587,17,2021,0.8866995073891626
PEUGEOT,106 RALLYE,S2,GTI,NL,generation,RDW,2026,43,<100,,1.0,0,,,0,,
PEUGEOT,205 GTI,MK1,GTI,GB,generation,VEH0124,2025,936,>=500,,0.5578069129916567,9,0.04178388737879709,-0.0002933082792616268,4,2025,0.8684877499295973
PEUGEOT,205 GTI,MK1,GTI,NL,generation,RDW,2026,1053,>=500,,1.0,0,,,0,,
PEUGEOT,206 GTI,MK1,GTI,GB,generation,VEH0124,2025,648,>=500,12203,0.05310169630418749,9,0.19438209511520554,0.04315365508279595,25,,0.7751351351351351
PEUGEOT,206 GTI,MK1,GTI,NL,generation,RDW,2026,2,<20,,1.0,0,,,0,,
PEUGEOT,208 GTI,MK1,GTI,GB,generation,VEH0124,2025,4953,>=500,6025,0.8220746887966806,9,0.03144564194865396,-0.016627988861577972,28,2025,0.07278726708074534
PEUGEOT,306 GTI-6,MK2,GTI,GB,generation,VEH0124,2025,235,<500,58,0.23107177974434612,9,0.10498867713341653,-0.01741756444951026,17,2025,0.8319454958364875
PEUGEOT,306 GTI-6,MK2,GTI,NL,generation,RDW,2026,22,<100,,1.0,0,,,0,,
PEUGEOT,306 S16,MK1,GTI,GB,generation,VEH0124,2025,69,<100,,0.07076923076923076,9,0.17602247673349888,0.11014435814424067,11,,0.8937908496732027
PEUGEOT,306 S16,MK1,GTI,NL,generation,RDW,2026,51,<100,,1.0,0,,,0,,
PEUGEOT,309 GTI,MK1,GTI,GB,generation,VEH0124,2025,75,<100,,0.9146341463414634,9,-0.12208146498496086,-0.1641586606430196,4,2017,0.86
PEUGEOT,309 GTI,MK1,GTI,NL,generation,RDW,2026,73,<100,,1.0,0,,,0,,
PEUGEOT,406 COUPE,MK1,COUPE,GB,generation,VEH0124,2025,304,<500,3064,0.09921671018276762,9,0.13806626269230637,0.036785896445985206,23,,0.7663934426229508
PEUGEOT,406 COUPE,MK1,COUPE,NL,generation,RDW,2026,1,<20,,1.0,0,,,0,,
PEUGEOT,RCZ,MK1,COUPE,GB,generation,VEH0124,2025,9670,>=500,12777,0.7568286765281365,9,0.04884275406266821,0.013474602941192515,16,,0.11708029197080291
PEUGEOT,RCZ,MK1,COUPE,NL,generation,RDW,2026,1287,>=500,,1.0,0,,,0,,
PORSCHE,911,964,SPORTIVE,GB,generation,VEH0124,2025,1456,>=500,,0.6854990583804144,9,0.027876277041460302,-0.026487121247228632,13,2017,0.26773552586502225
PORSCHE,911,964,SPORTIVE,NL,generation,RDW,2026,1878,>=500,,1.0,0,,,0,,
PORSCHE,911,991,SPORTIVE,GB,generation,VEH0124,2025,11051,>=500,16644,0.6639629896659457,9,0.011356817078378137,-0.015693025067788913,17,2023,0.26773552586502225
PORSCHE,911,991,SPORTIVE,NL,generation,RDW,2026,4398,>=500,,1.0,0,,,0,,
PORSCHE,911,993,SPORTIVE,GB,generation,VEH0124,2025,2136,>=500,,0.6700125470514429,9,0.03549449346748338,-0.028932932631000018,29,2017,0.26773552586502225
PORSCHE,911,993,SPORTIVE,NL,generation,RDW,2026,1278,>=500,,1.0,0,,,0,,
PORSCHE,911,996,SPORTIVE,GB,generation,VEH0124,2025,7457,>=500,12295,0.6065067100447337,9,0.037463176378937625,-0.04155883819815006,35,2017,0.26773552586502225
PORSCHE,911,996,SPORTIVE,NL,generation,RDW,2026,2624,>=500,,1.0,0,,,0,,
PORSCHE,911,997,SPORTIVE,GB,generation,VEH0124,2025,11756,>=500,21174,0.5552092188533106,9,0.03149671539447082,-0.03628665251478092,34,2017,0.26773552586502225
PORSCHE,911,997,SPORTIVE,NL,generation,RDW,2026,4021,>=500,,1.0,0,,,0,,
PORSCHE,928,928,COUPE,GB,generation,VEH0124,2025,701,>=500,,0.832541567695962,9,-0.016572613706322237,-0.06336482835588993,7,2017,0.6682715454983149
PORSCHE,928,928,COUPE,NL,generation,RDW,2026,848,>=500,,1.0,0,,,0,,
PORSCHE,944,944,COUPE,GB,generation,VEH0124,2025,1725,>=500,,0.6511891279728199,9,0.003460238684853678,-0.04333197596471401,7,2023,0.7176217290493541
PORSCHE,944,944,COUPE,NL,generation,RDW,2026,1441,>=500,,1.0,0,,,0,,
PORSCHE,968,968,COUPE,GB,generation,VEH0124,2025,301,<500,,0.5700757575757576,9,0.052173636949740455,-0.03302460162309565,16,2017,0.6319612590799032
PORSCHE,968,968,COUPE,NL,generation,RDW,2026,151,<500,,1.0,0,,,0,,
PORSCHE,BOXSTER,981,ROADSTER,GB,generation,VEH0124,2025,4210,>=500,5304,0.7937405731523378,9,0.014334961147616454,-0.017129500026463365,14,2024,0.2826293058042768
PORSCHE,BOXSTER,981,ROADSTER,NL,generation,RDW,2026,653,>=500,,1.0,0,,,0,,
PORSCHE,BOXSTER,986,ROADSTER,GB,generation,VEH0124,2025,8785,>=500,13549,0.5839925546765937,9,0.05477573228021626,-0.0023501195617782605,14,2017,0.2826293058042768
PORSCHE,BOXSTER,986,ROADSTER,NL,generation,RDW,2026,1336,>=500,,1.0,0,,,0,,
PORSCHE,BOXSTER,987,ROADSTER,GB,generation,VEH0124,2025,8864,>=500,14045,0.6311142755428978,9,0.029044528909966044,-0.0389417791059774,21,2021,0.2826293058042768
PORSCHE,BOXSTER,987,ROADSTER,NL,generation,RDW,2026,922,>=500,,1.0,0,,,0,,
PORSCHE,CARRERA GT,980,SUPERCAR,GB,generation,VEH0124,2025,31,<100,63,0.49206349206349204,9,0.05897690271969269,0.012053778920868716,6,,0.686046511627907
PORSCHE,CARRERA GT,980,SUPERCAR,NL,generation,RDW,2026,17,<20,,1.0,0,,,0,,
PORSCHE,CAYMAN,981,COUPE,GB,generation,VEH0124,2025,3800,>=500,5300,0.7169811320754716,9,0.014000082491985921,-0.021368068629489777,16,2023,0.15411577270313329
PORSCHE,CAYMAN,981,COUPE,NL,generation,RDW,2026,302,<500,,1.0,0,,,0,,
PORSCHE,CAYMAN,987,COUPE,GB,generation,VEH0124,2025,4760,>=500,7888,0.603448275862069,9,0.03202461002987356,-0.05527017801690626,25,2019,0.15411577270313329
PORSCHE,CAYMAN,987,COUPE,NL,generation,RDW,2026,526,>=500,,1.0,0,,,0,,
RENAULT,19 16V,MK1,GTI,GB,generation,VEH0124,2025,23,<100,,0.39655172413793105,9,0.040867440697444156,-0.025010677891814055,11,2024,0.9243027888446215
RENAULT,19 16V,MK1,GTI,NL,generation,RDW,2026,93,<100,,1.0,0,,,0,,
RENAULT,5 GT TURBO,MK2,GTI,GB,generation,VEH0124,2025,203,<500,,0.6612377850162866,9,0.008110700219843578,-0.03396649543821514,4,2020,0.866
RENAULT,5 GT TURBO,MK2,GTI,NL,generation,RDW,2026,382,<500,,1.0,0,,,0,,
RENAULT,AVANTIME,MK1,COUPE,GB,generation,VEH0124,2025,111,<500,429,0.25874125874125875,9,0.06524819237536524,-0.05373629318546502,27,2021,0.6222222222222222
RENAULT,AVANTIME,MK1,COUPE,NL,generation,RDW,2026,207,<500,,1.0,0,,,0,,
RENAULT,CLIO 16V,MK1,GTI,GB,generation,VEH0124,2025,42,<100,,0.3620689655172414,9,0.022997623828983738,-0.042880494760274473,11,2025,0.25905574656188607
RENAULT,CLIO 16V,MK1,GTI,NL,generation,RDW,2026,106,<500,,1.0,0,,,0,,
RENAULT,CLIO RS,MK2,GTI,GB,generation,VEH0124,2025,1647,>=500,9058,0.18182821814970193,9,0.09253777916783819,-0.058690660864571406,25,2021,0.24888954693514953
RENAULT,CLIO RS,MK3,GTI,GB,generation,VEH0124,2025,2541,>=500,6046,0.4202778696658948,9,0.084993597841495,-0.03721876468263073,36,2024,0.24888954693514953
RENAULT,CLIO V6,MK2,SPORTIVE,GB,generation,VEH0124,2025,87,<100,573,0.1518324607329843,9,0.036267619949599705,-0.04275439462748798,35,2025,0.774869109947644
RENAULT,CLIO V6,MK2,SPORTIVE,NL,generation,RDW,2026,65,<100,,1.0,0,,,0,,
RENAULT,CLIO WILLIAMS,MK1,GTI,GB,generation,VEH0124,2025,75,<100,,0.47770700636942676,9,0.07170379320564872,0.005825674616390511,11,,0.8723404255319149
RENAULT,CLIO WILLIAMS,MK1,GTI,NL,generation,RDW,2026,67,<100,,1.0,0,,,0,,
RENAULT,MEGANE RS,MK2,GTI,GB,generation,VEH0124,2025,751,>=500,3601,0.20855317967231324,9,0.11862522995553763,-0.0035871325685881,36,2025,0.28892660161221895
RENAULT,MEGANE RS,MK3,GTI,GB,generation,VEH0124,2025,1580,>=500,2311,0.683686715707486,9,0.04530066607961943,-0.002772964730612497,28,2023,0.28892660161221895
RENAULT,MEGANE RS,MK3,GTI,NL,generation,RDW,2026,4,<20,,1.0,0,,,0,,
RENAULT,SPIDER,SPIDER,ROADSTER,GB,generation,VEH0124,2025,13,<20,,0.4482758620689655,9,0.17536436529892643,0.11823851345693191,14,,0.8311688311688312
RENAULT,SPIDER,SPIDER,ROADSTER,NL,generation,RDW,2026,3,<20,,1.0,0,,,0,,
RENAULT,TWINGO RS,MK2,GTI,GB,generation,VEH0124,2025,707,>=500,1179,0.5996607294317218,9,0.05346501163135672,-0.06874735089276901,36,2025,0.2354948805460751
RENAULT,TWINGO RS,MK2,GTI,NL,generation,RDW,2026,1,<20,,1.0,0,,,0,,
SAAB,9-3 VIGGEN,MK1,SPORTIVE,GB,generation,VEH0124,2025,81,<100,26,0.5031055900621118,9,0.03880345061480354,-0.02562397548367986,29,2022,0.616504854368932
SAAB,9-3 VIGGEN,MK1,SPORTIVE,NL,generation,RDW,2026,10,<20,,1.0,0,,,0,,
SAAB,900 TURBO,CLASSIC,COUPE,GB,generation,VEH0124,2025,548,>=500,,0.4986351228389445,9,0.06500479453079115,0.018212579881223462,7,,0.7259801809564843
SAAB,900 TURBO,CLASSIC,COUPE,NL,generation,RDW,2026,508,>=500,,1.0,0,,,0,,
SEAT,IBIZA CUPRA,6K,GTI,GB,generation,VEH0124,2025,107,<500,1248,0.08573717948717949,9,0.09433274104645169,-0.0280735005364751,17,2025,0.45603058741744873
SEAT,IBIZA CUPRA,6K,GTI,NL,generation,RDW,2026,7,<20,,1.0,0,,,0,,
SEAT,IBIZA CUPRA,6L,GTI,GB,generation,VEH0124,2025,152,<500,1001,0.15184815184815184,9,0.1685161888883823,0.04630382636425656,36,,0.45603058741744873
SEAT,LEON CUPRA,1M,GTI,GB,generation,VEH0124,2025,1424,>=500,13264,0.10735826296743065,9,0.18182376018308588,0.030595320150676286,25,,0.22441499859035804
SEAT,LEON CUPRA,1M,GTI,NL,generation,RDW,2026,3,<20,,1.0,0,,,0,,
SEAT,LEON CUPRA,1P,GTI,GB,generation,VEH0124,2025,1204,>=500,2549,0.4723420949391918,9,0.0935324111604648,-0.02867995136366093,36,2024,0.22441499859035804
SEAT,LEON CUPRA,1P,GTI,NL,generation,RDW,2026,7,<20,,1.0,0,,,0,,
SKODA,OCTAVIA VRS,1U,GTI,GB,generation,VEH0124,2025,793,>=500,5548,0.14293439077144918,9,0.1675740873762841,0.016345647343874503,25,,0.0769334013368051
SKODA,OCTAVIA VRS,1Z,GTI,GB,generation,VEH0124,2025,8998,>=500,17654,0.5096861900985612,9,0.08630150917290476,-0.035910853351220975,36,2024,0.0769334013368051
SKODA,OCTAVIA VRS,1Z,GTI,NL,generation,RDW,2026,1,<20,,1.0,0,,,0,,
SMART,ROADSTER,452,ROADSTER,GB,generation,VEH0124,2025,1896,>=500,5785,0.32774416594641315,9,0.09337928785048503,0.02077817767073173,22,,0.5460060667340748
SMART,ROADSTER,452,ROADSTER,NL,generation,RDW,2026,1115,>=500,,1.0,0,,,0,,
SUBARU,BRZ,ZC6,COUPE,GB,generation,VEH0124,2025,856,>=500,948,0.9029535864978903,9,0.01223378895014271,0.0005126112595463077,11,,0.06756756756756757
SUBARU,BRZ,ZC6,COUPE,NL,generation,RDW,2026,98,<100,,1.0,0,,,0,,
SUBARU,IMPREZA WRX,GC8,SPORTIVE,GB,generation,VEH0124,2025,1055,>=500,,0.23665320771646478,9,0.07343196623389936,0.009004540135415962,29,,0.571663137881865
SUBARU,IMPREZA WRX,GC8,SPORTIVE,NL,generation,RDW,2026,103,<500,,1.0,0,,,0,,
SUBARU,IMPREZA WRX,GD,SPORTIVE,GB,generation,VEH0124,2025,5767,>=500,27056,0.21315050266114724,9,0.0871389276319506,0.00811691305486291,35,,0.571663137881865
SUBARU,IMPREZA WRX,GD,SPORTIVE,NL,generation,RDW,2026,54,<100,,1.0,0,,,0,,
SUBARU,IMPREZA WRX,GR,SPORTIVE,GB,generation,VEH0124,2025,979,>=500,3665,0.26712141882673945,9,0.07472149348277224,0.028526105720723414,31,,0.571663137881865
SUBARU,IMPREZA WRX,GR,SPORTIVE,NL,generation,RDW,2026,26,<100,,1.0,0,,,0,,
SUZUKI,CAPPUCCINO,EA11R,ROADSTER,GB,generation,VEH0124,2025,122,<500,,0.4066666666666667,9,0.06439707634361931,0.002552323287001869,4,,0.7927031509121062
SUZUKI,CAPPUCCINO,EA11R,ROADSTER,NL,generation,RDW,2026,59,<100,,1.0,0,,,0,,
SUZUKI,SWIFT SPORT,ZC31,GTI,GB,generation,VEH0124,2025,2148,>=500,4934,0.4353465747871909,9,0.1277275620428394,0.005515199518713654,36,,0.07505945303210464
SUZUKI,SWIFT SPORT,ZC31,GTI,NL,generation,RDW,2026,27,<100,,1.0,0,,,0,,
TOYOTA,CELICA,T200,COUPE,GB,generation,VEH0124,2025,773,>=500,,0.20114493884985687,9,0.10900076434777499,0.007720398101453821,23,,0.5909118596576719
TOYOTA,CELICA,T200,COUPE,NL,generation,RDW,2026,444,<500,,1.0,0,,,0,,
TOYOTA,CELICA,T230,COUPE,GB,generation,VEH0124,2025,5254,>=500,32536,0.16148266535529873,9,0.14882834248776788,0.029843856926937626,27,,0.5909118596576719
TOYOTA,CELICA,T230,COUPE,NL,generation,RDW,2026,1067,>=500,,1.0,0,,,0,,
TOYOTA,CELICA GT-FOUR,ST185_ST205,SPORTIVE,GB,generation,VEH0124,2025,21,<100,,0.5384615384615384,9,0.04451046420817425,-0.009852934080514686,13,2025,0.7716535433070866
TOYOTA,CELICA GT-FOUR,ST185_ST205,SPORTIVE,NL,generation,RDW,2026,1,<20,,1.0,0,,,0,,
TOYOTA,GT86,ZN6,COUPE,GB,generation,VEH0124,2025,7720,>=500,7276,0.980566493077607,9,-0.044263824660603746,-0.055985002351200144,11,2021,0.06156552330694811
TOYOTA,GT86,ZN6,COUPE,NL,generation,RDW,2026,460,<500,,1.0,0,,,0,,
TOYOTA,MR2,SW20,SPORTIVE,GB,generation,VEH0124,2025,1416,>=500,,0.36560805577072036,9,0.06714693828957181,0.01278354000088288,13,,0.6668175417421042
TOYOTA,MR2,SW20,SPORTIVE,NL,generation,RDW,2026,646,>=500,,1.0,0,,,0,,
TOYOTA,MR2,ZZW30,ROADSTER,GB,generation,VEH0124,2025,4258,>=500,16805,0.25337697113954183,9,0.08410184482954541,0.011500734649792108,22,,0.6668175417421042
TOYOTA,MR2,ZZW30,ROADSTER,NL,generation,RDW,2026,887,>=500,,1.0,0,,,0,,
TOYOTA,SUPRA,A70,SPORTIVE,GB,generation,VEH0124,2025,183,<500,,0.5027472527472527,9,0.036211280334264906,-0.005966574645276168,4,2025,0.5679632867132867
TOYOTA,SUPRA,A70,SPORTIVE,NL,generation,RDW,2026,187,<500,,1.0,0,,,0,,
TOYOTA,SUPRA,A80,SPORTIVE,GB,generation,VEH0124,2025,78,<100,650,0.12,9,0.05138355994241935,-0.013043866156064045,29,2025,0.5679632867132867
TOYOTA,SUPRA,A80,SPORTIVE,NL,generation,RDW,2026,187,<500,,1.0,0,,,0,,
TVR,CERBERA,CERBERA,COUPE,GB,generation,VEH0124,2025,273,<500,139,0.6053215077605322,9,0.04020932926287143,-0.07877515629795884,27,2017,0.6840193704600485
TVR,CERBERA,CERBERA,COUPE,NL,generation,RDW,2026,20,<100,,1.0,0,,,0,,
TVR,CHIMAERA,CHIMAERA,ROADSTER,GB,generation,VEH0124,2025,1590,>=500,133,0.6720202874049028,9,0.041165646245418706,-0.015960205596575815,14,2017,0.5703504043126685
TVR,CHIMAERA,CHIMAERA,ROADSTER,NL,generation,RDW,2026,92,<100,,1.0,0,,,0,,
TVR,GRIFFITH,GRIFFITH,ROADSTER,GB,generation,VEH0124,2025,450,<500,81,0.6998444790046656,9,0.03909636217436674,-0.018029489667627782,14,2017,0.5738161559888579
TVR,GRIFFITH,GRIFFITH,ROADSTER,NL,generation,RDW,2026,58,<100,,1.0,0,,,0,,
TVR,SAGARIS,SAGARIS,SPORTIVE,GB,generation,VEH0124,2025,76,<100,203,0.37438423645320196,9,0.033361152852327436,-0.04566086172476025,35,2021,0.49375
TVR,SAGARIS,SAGARIS,SPORTIVE,NL,generation,RDW,2026,3,<20,,1.0,0,,,0,,
TVR,TUSCAN,TUSCAN,SPORTIVE,GB,generation,VEH0124,2025,556,>=500,1124,0.49466192170818507,9,0.058165753895475326,-0.02085626068161236,35,2017,0.5034904013961605
TVR,TUSCAN,TUSCAN,SPORTIVE,NL,generation,RDW,2026,45,<100,,1.0,0,,,0,,
VOLKSWAGEN,CORRADO,53I,COUPE,GB,generation,VEH0124,2025,782,>=500,,0.40288511076764555,9,0.061696133013356004,-0.023502105559480103,16,2025,0.7955601445534332
VOLKSWAGEN,CORRADO,53I,COUPE,NL,generation,RDW,2026,953,>=500,,1.0,0,,,0,,
VOLKSWAGEN,GOLF GTI,MK2,GTI,GB,generation,VEH0124,2025,2051,>=500,,0.498784046692607,9,0.042370503937320336,0.00029330827926161984,4,,0.3066778838799904
VOLKSWAGEN,GOLF GTI,MK2,GTI,NL,generation,RDW,2026,1503,>=500,,1.0,0,,,0,,
VOLKSWAGEN,GOLF GTI,MK3,GTI,GB,generation,VEH0124,2025,685,>=500,,0.14810810810810812,9,0.10654914812374401,0.0406710295344858,11,,0.3066778838799904
VOLKSWAGEN,GOLF GTI,MK3,GTI,NL,generation,RDW,2026,508,>=500,,1.0,0,,,0,,
VOLKSWAGEN,GOLF GTI,MK4,GTI,GB,generation,VEH0124,2025,5114,>=500,29243,0.12302732871439569,9,0.16967500682299885,0.047268765240072064,17,,0.3066778838799904
VOLKSWAGEN,GOLF GTI,MK4,GTI,NL,generation,RDW,2026,21,<100,,1.0,0,,,0,,
VOLKSWAGEN,GOLF GTI,MK5,GTI,GB,generation,VEH0124,2025,10209,>=500,20812,0.4905343071305016,9,0.08329225148350972,-0.03892011104061602,36,2021,0.3066778838799904
VOLKSWAGEN,GOLF GTI,MK5,GTI,NL,generation,RDW,2026,52,<100,,1.0,0,,,0,,
VOLKSWAGEN,GOLF GTI,MK6,GTI,GB,generation,VEH0124,2025,4950,>=500,6912,0.7161458333333334,9,0.034634970441708525,-0.08757739208241722,36,2017,0.3066778838799904
VOLKSWAGEN,GOLF GTI,MK6,GTI,NL,generation,RDW,2026,89,<100,,1.0,0,,,0,,
VOLKSWAGEN,GOLF GTI,MK7,GTI,GB,generation,VEH0124,2025,26944,>=500,32571,0.8272389548985294,9,0.009043370738337941,-0.010326039015863781,18,2021,0.3066778838799904
VOLKSWAGEN,GOLF GTI,MK7,GTI,NL,generation,RDW,2026,174,<500,,1.0,0,,,0,,
VOLKSWAGEN,GOLF R,MK4,SPORTIVE,GB,generation,VEH0124,2025,687,>=500,2298,0.2989556135770235,9,0.08139090004994465,0.002368885472856963,35,,0.07465854756748644
VOLKSWAGEN,GOLF R,MK4,SPORTIVE,NL,generation,RDW,2026,11,<20,,1.0,0,,,0,,
VOLKSWAGEN,GOLF R,MK5,SPORTIVE,GB,generation,VEH0124,2025,2780,>=500,5477,0.5075771407704948,9,0.061970741641560835,-0.0058126262676909055,34,2017,0.07465854756748644
VOLKSWAGEN,GOLF R,MK5,SPORTIVE,NL,generation,RDW,2026,11,<20,,1.0,0,,,0,,
VOLKSWAGEN,GOLF R,MK6,SPORTIVE,GB,generation,VEH0124,2025,983,>=500,1512,0.6501322751322751,9,0.028579650100194105,-0.03920371780905764,34,2017,0.07465854756748644
VOLKSWAGEN,GOLF R,MK6,SPORTIVE,NL,generation,RDW,2026,16,<20,,1.0,0,,,0,,
VOLKSWAGEN,LUPO GTI,6X,GTI,GB,generation,VEH0124,2025,357,<500,1008,0.3541666666666667,9,0.0734461667955338,-0.0777822732368758,25,2017,0.5605493133583022
VOLKSWAGEN,PHAETON,3D,PREMIUM,GB,generation,VEH0124,2025,645,>=500,2386,0.27032690695725065,9,0.1418065742125698,0.033577484730791696,8,,0.44061302681992337
VOLKSWAGEN,PHAETON,3D,PREMIUM,NL,generation,RDW,2026,314,<500,,1.0,0,,,0,,
VOLKSWAGEN,POLO GTI,6N,GTI,GB,generation,VEH0124,2025,251,<500,1362,0.13422459893048128,9,0.14689793333063625,0.02449169174770946,17,,0.0707482993197279
VOLKSWAGEN,POLO GTI,6R,GTI,GB,generation,VEH0124,2025,1050,>=500,1429,0.7347795661301609,9,0.04172104765133522,-0.00635258315889671,28,2019,0.0707482993197279
VOLKSWAGEN,POLO GTI,6R,GTI,NL,generation,RDW,2026,58,<100,,1.0,0,,,0,,
VOLKSWAGEN,POLO GTI,9N,GTI,GB,generation,VEH0124,2025,618,>=500,1424,0.4339887640449438,9,0.10820433715968984,-0.014008025364435892,36,2022,0.0707482993197279
VOLKSWAGEN,SCIROCCO,MK3,COUPE,GB,generation,VEH0124,2025,43095,>=500,54589,0.7894447599333199,9,0.03325395270375431,-0.00211419841772139,16,2022,0.10159165987386846
VOLKSWAGEN,SCIROCCO,MK3,COUPE,NL,generation,RDW,2026,5269,>=500,,1.0,0,,,0,,
VOLVO,480,480,COUPE,GB,generation,VEH0124,2025,118,<500,,0.24686192468619247,9,0.1014963969227205,0.05470418227315281,7,,0.8381344307270233
VOLVO,480,480,COUPE,NL,generation,RDW,2026,758,>=500,,1.0,0,,,0,,
VOLVO,850 R,854,SPORTIVE,GB,generation,VEH0124,2025,185,<500,,0.578125,9,0.04854006331450892,-0.015887362783974478,29,2017,0.6521739130434783
VOLVO,850 R,854,SPORTIVE,NL,generation,RDW,2026,593,>=500,,1.0,0,,,0,,
VOLVO,C70,I,COUPE,GB,generation,VEH0124,2025,1308,>=500,8340,0.15683453237410072,9,0.17543386041714606,0.05644937485631581,27,,0.35614179719703215
VOLVO,C70,I,COUPE,NL,generation,RDW,2026,1885,>=500,,1.0,0,,,0,,
VOLVO,S60 R,P2,SPORTIVE,GB,generation,VEH0124,2025,655,>=500,845,0.6328502415458938,9,0.025465143420440484,-0.0535568711566472,35,2020,0.4457831325301205
VOLVO,S60 R,P2,SPORTIVE,NL,generation,RDW,2026,75,<100,,1.0,0,,,0,,
SMART,ROADSTER,452,ROADSTER,EU,europe,RDW+VEH0124,2026,3011,,5785,0.576686462515576,9,0.09337928785048503,0.020778177670731725,22,,0.5460060667340748
VOLKSWAGEN,SCIROCCO,MK3,COUPE,EU,europe,RDW+VEH0124,2026,48364,,54589,0.8123836309926066,9,0.03325395270375431,-0.00211419841772139,16,2022,0.10159165987386846
VOLKSWAGEN,GOLF GTI,MK3,GTI,EU,europe,RDW+VEH0124,2026,1193,,,0.5108583856278743,9,0.10654914812374401,0.0406710295344858,11,,0.3066778838799904
PEUGEOT,RCZ,MK1,COUPE,EU,europe,RDW+VEH0124,2026,10957,,12777,0.7853913755614748,9,0.04884275406266821,0.013474602941192515,16,,0.11708029197080291
JAGUAR,F-TYPE,X152,SPORTIVE,EU,europe,RDW+VEH0124,2026,16055,,14298,0.9891640828467656,9,-0.012561416102969977,-0.03961125824913703,17,2021,0.08635779423465328
MITSUBISHI,ECLIPSE,1G_2G,COUPE,EU,europe,RDW+VEH0124,2026,231,,,0.9665854978354979,9,0.08942132886489314,0.00422309029205703,16,,0.7936507936507936
TOYOTA,CELICA,T200,COUPE,EU,europe,RDW+VEH0124,2026,1217,,,0.4925924714305171,9,0.10900076434777499,0.007720398101453821,23,,0.5909118596576719
BMW,135I,E82,SPORTIVE,EU,europe,RDW+VEH0124,2026,965,,1329,0.6886279371688557,9,0.037639363997968495,-0.030144003911283253,34,2020,0.2411032028469751
AUDI,RS2,B4,SPORTIVE,EU,europe,RDW+VEH0124,2026,34,,,0.5017301038062284,9,0.020208207272145007,-0.03415519101654393,13,2025,0.808
VOLKSWAGEN,POLO GTI,6N,GTI,EU,europe,VEH0124,2025,251,,1362,0.13422459893048128,9,0.14689793333063625,0.02449169174770946,17,,0.0707482993197279
VOLKSWAGEN,GOLF R,MK5,SPORTIVE,EU,europe,RDW+VEH0124,2026,2791,,5477,0.5095178972920013,9,0.06197074164156084,-0.0058126262676909055,34,2017,0.07465854756748644
RENAULT,CLIO V6,MK2,SPORTIVE,EU,europe,RDW+VEH0124,2026,152,,573,0.5145356847616424,9,0.036267619949599705,-0.04275439462748798,35,2025,0.774869109947644
BMW,M5,E34,SPORTIVE,EU,europe,RDW+VEH0124,2026,152,,,0.8295167004048583,9,0.09927814797193292,0.04491474968324397,13,,0.2654679472861291
MERCEDES-BENZ,C43 AMG,W202,SPORTIVE,EU,europe,RDW+VEH0124,2026,221,,,0.6530579477448547,9,0.05104080070056405,-0.01338662539791935,29,2025,0.6542056074766355
MERCEDES-BENZ,SLR MCLAREN,C199,SUPERCAR,EU,europe,RDW+VEH0124,2026,48,,85,0.7705882352941176,9,0.14359430536415138,0.09804279167028071,9,,0.6190476190476191
OPEL,ASTRA OPC,G,GTI,EU,europe,RDW+VEH0124,2026,205,,1533,0.1408842855551843,9,0.11426194392602174,-0.03696649610638786,25,2020,0.47013651877133106
MITSUBISHI,LANCER EVOLUTION,X,SPORTIVE,EU,europe,RDW+VEH0124,2026,586,,2050,0.33270290518604845,9,0.06224924723317186,0.016053859471123033,31,,0.6265448683503493
TOYOTA,SUPRA,A70,SPORTIVE,EU,europe,RDW+VEH0124,2026,370,,,0.7540614790614791,9,0.036211280334264906,-0.005966574645276168,4,2025,0.5679632867132867
FERRARI,348,348,SUPERCAR,EU,europe,RDW,2026,122,,,1.0,0,,,0,,
AUDI,S8,D2,PREMIUM,EU,europe,RDW+VEH0124,2026,141,,364,0.4420738835632453,9,0.07029830974600355,-0.06508708799454314,6,2021,0.3167044595616024
CATERHAM,SEVEN,SEVEN,SPORTIVE,EU,europe,RDW,2026,106,,,1.0,0,,,0,,
MITSUBISHI,LANCER EVOLUTION,V_VI,SPORTIVE,EU,europe,RDW+VEH0124,2026,38,,5,0.9425837320574163,9,0.0958940241505936,0.0314665980521102,29,,0.6265448683503493
MERCEDES-BENZ,SL,R230,ROADSTER,EU,europe,RDW+VEH0124,2026,8142,,13765,0.5804993868817591,9,0.07225396957489671,0.004267661558953265,21,,0.3507721104351895
CITROEN,SAXO VTS,S0,GTI,EU,europe,VEH0124,2025,510,,23630,0.02158273381294964,9,0.14629574734976103,0.02388950576683424,17,,0.8958630527817404
MERCEDES-BENZ,E55 AMG,W211,SPORTIVE,EU,europe,RDW+VEH0124,2026,458,,629,0.6749050617532508,9,0.09103788554116339,0.012015870964075706,35,,0.5469613259668509
VOLKSWAGEN,GOLF R,MK6,SPORTIVE,EU,europe,RDW+VEH0124,2026,999,,1512,0.6557357622172437,9,0.028579650100194105,-0.03920371780905764,34,2017,0.07465854756748644
AUDI,RS4,B7,SPORTIVE,EU,europe,RDW+VEH0124,2026,1499,,3270,0.45898509301817936,9,0.0676423793167557,-0.0001409885924960469,34,2022,0.20203003337041156
BMW,1M,E82,SPORTIVE,EU,europe,RDW+VEH0124,2026,221,,432,0.5114798055974528,9,0.01913696907111273,-0.027058418690936094,31,2021,0.3772609819121447
SEAT,IBIZA CUPRA,6K,GTI,EU,europe,RDW+VEH0124,2026,114,,1248,0.14187612460638777,9,0.09433274104645169,-0.0280735005364751,17,2025,0.45603058741744873
ALFA ROMEO,BRERA,939,COUPE,EU,europe,RDW+VEH0124,2026,1849,,3034,0.5971240667780656,9,0.10582822390747519,0.018533435860695377,25,,0.39187866927592957
JAGUAR,XJ,X300_X308,PREMIUM,EU,europe,RDW+VEH0124,2026,3608,,7391,0.37238414531683545,9,0.1370043241819611,0.0016189264414143978,6,,0.39616199298156873
OPEL,VX220,VX220,ROADSTER,EU,europe,RDW+VEH0124,2026,655,,1941,0.48135807858544627,9,0.06279253115699863,-0.009808579022754671,22,2025,0.6903089887640449
MAZDA,MX-3,EC,COUPE,EU,europe,RDW+VEH0124,2026,336,,,0.6880213546880214,9,0.1629115553172662,0.07771331674443009,16,,0.7888888888888889
HONDA,S2000,AP1_AP2,ROADSTER,EU,europe,RDW+VEH0124,2026,3801,,7994,0.5023157331165962,9,0.06189284550061025,-0.010708264679143056,22,2025,0.49952137843012123
MG,TF,TF,ROADSTER,EU,europe,RDW+VEH0124,2026,6863,,28672,0.3170478934985221,9,0.10271409547620831,0.034727787460264864,21,,0.5829461796869416
JAGUAR,XJS,XJS,COUPE,EU,europe,RDW+VEH0124,2026,2982,,,0.7528232791431616,9,0.034259956354778076,,1,,0.7497612225405922
AUDI,TT,8J,COUPE,EU,europe,RDW+VEH0124,2026,46045,,59587,0.741164147394899,9,0.030540662022775205,-0.05675412602400461,25,2017,0.1644516352710043
PORSCHE,968,968,COUPE,EU,europe,RDW+VEH0124,2026,452,,,0.7137008916599624,9,0.052173636949740455,-0.03302460162309565,16,2017,0.6319612590799032
MERCEDES-BENZ,S-CLASS,W221,PREMIUM,EU,europe,RDW+VEH0124,2026,8165,,18386,0.5029350921908753,9,0.10822908948177812,0.0,8,,0.2709735307312696
BMW,M5,E60,SPORTIVE,EU,europe,RDW+VEH0124,2026,825,,2032,0.5211077308518254,9,0.0727633596759268,0.00497999176667506,34,,0.2654679472861291
BMW,6 SERIES,E63,COUPE,EU,europe,RDW+VEH0124,2026,7024,,13562,0.5319395376133031,9,0.09312961665955241,0.005834828612772583,25,,0.2063466429811458
FORD,FIESTA ST,MK7,GTI,EU,europe,RDW+VEH0124,2026,36784,,47558,0.773262380304347,9,0.03534309914656397,-0.012730531663667957,28,2025,0.056359437998103494
PORSCHE,911,993,SPORTIVE,EU,europe,RDW+VEH0124,2026,3414,,,0.7935403633573175,9,0.03549449346748338,-0.028932932631000018,29,2017,0.26773552586502225
BMW,M5,E39,SPORTIVE,EU,europe,RDW+VEH0124,2026,690,,1029,0.6083675143560295,9,0.08933643561769215,0.024909009519208755,29,,0.2654679472861291
PORSCHE,CAYMAN,981,COUPE,EU,europe,RDW+VEH0124,2026,4102,,5300,0.7378177235218899,9,0.014000082491985921,-0.021368068629489777,16,2023,0.15411577270313329
MAZDA,RX-8,SE3P,COUPE,EU,europe,RDW+VEH0124,2026,2433,,25413,0.26942592708771684,9,0.15067746574796814,0.06338267770118833,25,,0.7557653405259609
AUDI,R8,42,SUPERCAR,EU,europe,RDW+VEH0124,2026,1881,,3685,0.5107619795758052,9,0.05106273861511924,0.0055112249212485595,9,,0.25553176302640973
FERRARI,F355,F355,SUPERCAR,EU,europe,RDW,2026,138,,,1.0,0,,,0,,
MINI,COOPER S,R56,GTI,EU,europe,RDW+VEH0124,2026,32660,,52227,0.6002907557991669,9,0.06462379088098243,-0.05758857164314331,36,2017,0.09851398888779302
MERCEDES-BENZ,CL,C215,COUPE,EU,europe,RDW+VEH0124,2026,1221,,3052,0.4999178852389861,9,0.1303816847778053,0.011397199216975032,27,,0.47136447611506993
ALFA ROMEO,4C,960,SPORTIVE,EU,europe,RDW+VEH0124,2026,480,,541,0.7347504621072088,9,0.020208207272144858,-0.006841634874022191,17,2025,0.2993762993762994
CITROEN,DS3 RACING,A55,GTI,EU,europe,RDW+VEH0124,2026,171,,173,0.7551972416590609,9,0.05968274381632869,0.01160911300609676,28,,0.26153846153846155
VOLVO,480,480,COUPE,EU,europe,RDW+VEH0124,2026,876,,,0.8985498939645784,9,0.1014963969227205,0.05470418227315281,7,,0.8381344307270233
TVR,CHIMAERA,CHIMAERA,ROADSTER,EU,europe,RDW+VEH0124,2026,1682,,133,0.6899597247168819,9,0.041165646245418706,-0.015960205596575815,14,2017,0.5703504043126685
FERRARI,CALIFORNIA,F149,ROADSTER,EU,europe,RDW+VEH0124,2026,1403,,1007,0.8421389006168665,9,0.033946461753082545,0.002482000579002726,14,,0.2403462050599201
JAGUAR,XK,X100,COUPE,EU,europe,RDW+VEH0124,2026,7428,,10650,0.578266415296543,9,0.07697799777555285,-0.04200648778527741,27,2017,0.3905132743362832
FERRARI,612,612,COUPE,EU,europe,RDW+VEH0124,2026,214,,270,0.6850121149186571,9,0.0647186714803194,-0.022576116566460414,25,2021,0.4703389830508475
FORD,SIERRA COSWORTH,MK2,SPORTIVE,EU,europe,RDW+VEH0124,2026,823,,,0.7345842274644819,9,0.04814442962481724,0.005966574645276168,4,,0.8377467501203659
VOLVO,S60 R,P2,SPORTIVE,EU,europe,RDW+VEH0124,2026,730,,845,0.6705711071404937,9,0.025465143420440484,-0.05355687115664721,35,2020,0.4457831325301205
RENAULT,CLIO WILLIAMS,MK1,GTI,EU,europe,RDW+VEH0124,2026,142,,,0.7241410244908943,9,0.07170379320564872,0.005825674616390511,11,,0.8723404255319149
AUDI,RS6,C6,SPORTIVE,EU,europe,RDW+VEH0124,2026,352,,705,0.49965344938749195,9,0.06909162229002419,0.00130825438077245,34,,0.14963961140708243
ALPINE,A610,A610,SPORTIVE,EU,europe,RDW,2026,1,,,1.0,0,,,0,,
SUBARU,IMPREZA WRX,GC8,SPORTIVE,EU,europe,RDW+VEH0124,2026,1158,,,0.3045502021941886,9,0.07343196623389936,0.009004540135415962,29,,0.571663137881865
FORD,FOCUS RS,MK1,GTI,EU,europe,RDW+VEH0124,2026,373,,1993,0.2635672575192799,9,0.08219169430566975,-0.06903674572673985,25,2022,0.31543624161073824
OPEL,MONARO,V2,SPORTIVE,EU,europe,VEH0124,2025,605,,1307,0.46289211935730673,9,0.050989781593809035,-0.016793586315442706,34,2025,0.4746059544658494
NISSAN,300ZX,Z32,SPORTIVE,EU,europe,RDW+VEH0124,2026,515,,,0.8073872921272709,9,0.054363398288688934,0.0,13,,0.8412698412698413
VOLKSWAGEN,CORRADO,53I,COUPE,EU,europe,RDW+VEH0124,2026,1735,,,0.7308681017984431,9,0.061696133013356004,-0.023502105559480103,16,2025,0.7955601445534332
TVR,CERBERA,CERBERA,COUPE,EU,europe,RDW+VEH0124,2026,293,,139,0.6322620191761955,9,0.04020932926287143,-0.07877515629795884,27,2017,0.6840193704600485
MERCEDES-BENZ,SL,R129,ROADSTER,EU,europe,RDW+VEH0124,2026,3269,,487,0.6649186802469166,9,0.059393962720980006,-0.0024507903356374428,4,2025,0.3507721104351895
PEUGEOT,306 S16,MK1,GTI,EU,europe,RDW+VEH0124,2026,120,,,0.4656923076923077,9,0.17602247673349888,0.11014435814424067,11,,0.8937908496732027
FERRARI,599,599,SUPERCAR,EU,europe,RDW+VEH0124,2026,354,,499,0.6620359362793384,9,0.04093185915997595,-0.004619654533894714,9,2021,0.5172413793103449
RENAULT,CLIO RS,MK3,GTI,EU,europe,VEH0124,2025,2541,,6046,0.42027786966589475,9,0.084993597841495,-0.03721876468263073,36,2024,0.24888954693514953
TOYOTA,GT86,ZN6,COUPE,EU,europe,RDW+VEH0124,2026,8180,,7276,0.9816593308751987,9,-0.044263824660603746,-0.055985002351200144,11,2021,0.06156552330694811
NISSAN,350Z,Z33,SPORTIVE,EU,europe,RDW+VEH0124,2026,4072,,8206,0.5183789043141082,9,0.09921894493808973,0.02019693036100205,35,,0.4486486486486487
SUBARU,BRZ,ZC6,COUPE,EU,europe,RDW+VEH0124,2026,954,,948,0.9129227149289246,9,0.01223378895014271,0.0005126112595463077,11,,0.06756756756756757
PORSCHE,CAYMAN,987,COUPE,EU,europe,RDW+VEH0124,2026,5286,,7888,0.642908398241288,9,0.03202461002987356,-0.05527017801690626,25,2019,0.15411577270313329
FERRARI,550,550,SUPERCAR,EU,europe,RDW,2026,40,,,1.0,0,,,0,,
NISSAN,SKYLINE GT-R,R33,SPORTIVE,EU,europe,RDW+VEH0124,2026,34,,,0.8039215686274509,9,0.02668090255784546,-0.03774652354063794,29,2025,0.7478070175438597
OPEL,ASTRA OPC,H,GTI,EU,europe,RDW+VEH0124,2026,2909,,8273,0.35172782260167257,9,0.10719167570554748,-0.015020686818578254,36,2022,0.47013651877133106
FERRARI,456,456,COUPE,EU,europe,RDW,2026,93,,,1.0,0,,,0,,
HONDA,CIVIC TYPE R,EK9,GTI,EU,europe,RDW,2026,2,,,1.0,0,,,0,,
MASERATI,QUATTROPORTE,M139,PREMIUM,EU,europe,RDW+VEH0124,2026,1048,,1140,0.7428594147582697,9,0.10399463943233744,-0.0042344500494406745,8,2021,0.3333333333333333
LANCIA,THEMA 8.32,Y9,PREMIUM,EU,europe,RDW+VEH0124,2026,70,,,0.9880952380952381,9,0.0,,1,,0.90625
VOLKSWAGEN,GOLF GTI,MK6,GTI,EU,europe,RDW+VEH0124,2026,5039,,6912,0.7211593322087716,9,0.034634970441708525,-0.08757739208241722,36,2017,0.3066778838799904
HONDA,CRX,ED9_EE8,COUPE,EU,europe,RDW+VEH0124,2026,685,,,0.8842372262773722,9,0.07621101453299388,0.02941879988342619,7,,0.8314238952536824
MERCEDES-BENZ,SLK,R171,ROADSTER,EU,europe,RDW+VEH0124,2026,21863,,32492,0.6324179895588201,9,0.05198612405592703,-0.01600018396001642,21,2017,0.19611577117811532
TOYOTA,MR2,ZZW30,ROADSTER,EU,europe,RDW+VEH0124,2026,5145,,16805,0.38209507154755473,9,0.08410184482954541,0.011500734649792108,22,,0.6668175417421042
ALFA ROMEO,147 GTA,937,GTI,EU,europe,RDW+VEH0124,2026,153,,373,0.41516409959873135,9,0.02581935301300131,-0.12540908701940828,25,2017,0.49830508474576274
MITSUBISHI,3000GT,Z16A,COUPE,EU,europe,RDW+VEH0124,2026,203,,,0.6459016393442623,9,0.050561529110688376,-0.03463670946214773,16,2025,0.7889733840304183
RENAULT,CLIO 16V,MK1,GTI,EU,europe,RDW+VEH0124,2026,148,,,0.8189655172413793,9,0.022997623828983738,-0.042880494760274473,11,2025,0.25905574656188607
PORSCHE,BOXSTER,986,ROADSTER,EU,europe,RDW+VEH0124,2026,10121,,13549,0.6389066883543005,9,0.05477573228021626,-0.0023501195617782605,14,2017,0.2826293058042768
RENAULT,MEGANE RS,MK2,GTI,EU,europe,VEH0124,2025,751,,3601,0.20855317967231324,9,0.11862522995553763,-0.0035871325685881005,36,2025,0.28892660161221895
RENAULT,MEGANE RS,MK3,GTI,EU,europe,RDW+VEH0124,2026,1584,,2311,0.6844854866274165,9,0.04530066607961943,-0.002772964730612497,28,2023,0.28892660161221895
BMW,Z3,E36_7,ROADSTER,EU,europe,RDW+VEH0124,2026,9129,,5022,0.5796782400110881,9,0.08753128641124637,0.03040543456925185,14,,0.5724708488046382
SKODA,OCTAVIA VRS,1U,GTI,EU,europe,VEH0124,2025,793,,5548,0.14293439077144918,9,0.1675740873762841,0.016345647343874503,25,,0.0769334013368051
BMW,Z4,E89,ROADSTER,EU,europe,RDW+VEH0124,2026,15036,,16703,0.8236466928273538,9,0.01531774748089513,-0.01614671369318469,14,2022,0.18038633760283246
PORSCHE,CARRERA GT,980,SUPERCAR,EU,europe,RDW+VEH0124,2026,48,,63,0.671957671957672,9,0.05897690271969269,0.012053778920868716,6,,0.686046511627907
SUZUKI,CAPPUCCINO,EA11R,ROADSTER,EU,europe,RDW+VEH0124,2026,181,,,0.6000736648250461,9,0.06439707634361931,0.002552323287001869,4,,0.7927031509121062
FERRARI,F430,F430,SUPERCAR,EU,europe,RDW+VEH0124,2026,960,,2031,0.5316100443131462,9,0.03793562909224798,-0.0076158846016226925,9,2023,0.5048611111111111
SAAB,900 TURBO,CLASSIC,COUPE,EU,europe,RDW+VEH0124,2026,1056,,,0.7398220145035432,9,0.06500479453079115,0.018212579881223462,7,,0.7259801809564843
RENAULT,SPIDER,SPIDER,ROADSTER,EU,europe,RDW+VEH0124,2026,16,,,0.5517241379310345,9,0.17536436529892643,0.11823851345693191,14,,0.8311688311688312
PORSCHE,911,991,SPORTIVE,EU,europe,RDW+VEH0124,2026,15449,,16644,0.7596255420285045,9,0.011356817078378137,-0.015693025067788913,17,2023,0.26773552586502225
VOLVO,C70,I,COUPE,EU,europe,RDW+VEH0124,2026,3193,,8340,0.6546005538193936,9,0.17543386041714606,0.0564493748563158,27,,0.35614179719703215
PEUGEOT,208 GTI,MK1,GTI,EU,europe,VEH0124,2025,4953,,6025,0.8220746887966806,9,0.03144564194865396,-0.016627988861577972,28,2025,0.07278726708074534
PORSCHE,BOXSTER,981,ROADSTER,EU,europe,RDW+VEH0124,2026,4863,,5304,0.8214369346023735,9,0.014334961147616454,-0.017129500026463365,14,2024,0.2826293058042768
LANCIA,DELTA INTEGRALE,831,SPORTIVE,EU,europe,RDW+VEH0124,2026,524,,,0.8986655789289668,9,0.00701780306594409,-0.03516005191359698,4,2020,0.8062176165803109
MERCEDES-BENZ,SLK,R170,ROADSTER,EU,europe,RDW+VEH0124,2026,10886,,15878,0.6087721860273763,9,0.14767527751859313,0.09054942567659861,14,,0.19611577117811532
AUDI,RS6,C5,SPORTIVE,EU,europe,RDW+VEH0124,2026,288,,1038,0.30802759045172334,9,0.09340645041673046,0.014384435839642773,35,,0.14963961140708243
HONDA,CIVIC TYPE R,EP3,GTI,EU,europe,RDW+VEH0124,2026,2,,0,1.0,9,0.0,-0.1512284400324096,25,2017,0.1146433041301627
FORD,ESCORT RS COSWORTH,MK5,SPORTIVE,EU,europe,RDW+VEH0124,2026,306,,,0.688030436055019,9,0.018450031694388375,-0.035913366594300555,13,2025,0.8132118451025057
RENAULT,CLIO RS,MK2,GTI,EU,europe,VEH0124,2025,1647,,9058,0.18182821814970193,9,0.0925377791678382,-0.058690660864571406,25,2021,0.24888954693514953
AUDI,RS4,B5,SPORTIVE,EU,europe,RDW+VEH0124,2026,134,,324,0.4075911244962133,9,0.10042044352605413,0.03599301742757073,29,,0.20203003337041156
PEUGEOT,406 COUPE,MK1,COUPE,EU,europe,RDW+VEH0124,2026,305,,3064,0.10217009801823396,9,0.13806626269230637,0.036785896445985206,23,,0.7663934426229508
FORD,FOCUS ST,MK2,GTI,EU,europe,RDW+VEH0124,2026,10641,,22664,0.4696391958482785,9,0.08608283652195918,-0.036129526002166554,36,2023,0.05938424518596446
LOTUS,ELISE,S2,SPORTIVE,EU,europe,RDW+VEH0124,2026,1842,,6458,0.3610530786247999,9,0.04860344930367955,-0.019179918605572194,34,2021,0.5196078431372549
BMW,Z4 M,E85_86,ROADSTER,EU,europe,RDW+VEH0124,2026,458,,1157,0.39961049695606393,9,0.05517147949252444,-0.012814828523419017,21,2024,0.5288753799392097
FIAT,PUNTO GT,176,GTI,EU,europe,RDW+VEH0124,2026,89,,,0.301836950832045,9,0.17126875063470948,0.04886250905178269,17,,0.8770949720670391
MITSUBISHI,LANCER EVOLUTION,VII_IX,SPORTIVE,EU,europe,RDW+VEH0124,2026,528,,4398,0.2805097358303361,9,0.08500376338741085,0.005981748810323165,35,,0.6265448683503493
MERCEDES-BENZ,CLK,C208,COUPE,EU,europe,RDW+VEH0124,2026,5046,,23456,0.5280413713616449,9,0.20247306576974647,0.10119269952342527,23,,0.3781974019017008
JAGUAR,S-TYPE R,X200,PREMIUM,EU,europe,RDW+VEH0124,2026,429,,1233,0.3529871048119223,9,0.10021034893086138,-0.04814929149647569,8,2020,0.4813895781637717
VOLKSWAGEN,POLO GTI,6R,GTI,EU,europe,RDW+VEH0124,2026,1108,,1429,0.7486629462424811,9,0.04172104765133522,-0.00635258315889671,28,2019,0.0707482993197279
PEUGEOT,206 GTI,MK1,GTI,EU,europe,RDW+VEH0124,2026,650,,12203,0.056015229546328454,9,0.19438209511520554,0.04315365508279595,25,,0.7751351351351351
SUZUKI,SWIFT SPORT,ZC31,GTI,EU,europe,RDW+VEH0124,2026,2175,,4934,0.4423560655829361,9,0.1277275620428394,0.005515199518713654,36,,0.07505945303210464
TOYOTA,CELICA GT-FOUR,ST185_ST205,SPORTIVE,EU,europe,RDW+VEH0124,2026,22,,,0.5594405594405594,9,0.04451046420817425,-0.009852934080514686,13,2025,0.7716535433070866
HONDA,PRELUDE,BB,COUPE,EU,europe,RDW+VEH0124,2026,1001,,252,0.5912931418261909,9,0.08726044800654116,-0.014019918239780008,23,2025,0.6656237778646852
ASTON MARTIN,DB7,DB7,COUPE,EU,europe,RDW+VEH0124,2026,1357,,1274,0.6356867745946941,9,0.061048313649719965,-0.0402320525966012,23,2017,0.522508038585209
AUDI,TT,8N,COUPE,EU,europe,RDW+VEH0124,2026,21349,,47148,0.49907758747241887,9,0.13549369996835559,0.016509214407525327,27,,0.1644516352710043
LEXUS,IS-F,XE20,SPORTIVE,EU,europe,RDW+VEH0124,2026,239,,254,0.7533522221856158,9,0.03158178919645523,-0.03620157871279651,34,2021,0.21025641025641026
HONDA,INTEGRA TYPE R,DC5,GTI,EU,europe,RDW,2026,6,,,1.0,0,,,0,,
PEUGEOT,306 GTI-6,MK2,GTI,EU,europe,RDW+VEH0124,2026,257,,58,0.2968944289491102,9,0.10498867713341653,-0.01741756444951026,17,2025,0.8319454958364875
TVR,SAGARIS,SAGARIS,SPORTIVE,EU,europe,RDW+VEH0124,2026,79,,203,0.3981417970942196,9,0.033361152852327436,-0.04566086172476025,35,2021,0.49375
OPEL,LOTUS CARLTON,A,SPORTIVE,EU,europe,RDW+VEH0124,2026,65,,,0.8505494505494505,9,-0.05687517234358778,-0.11123857063227671,13,2025,0.768361581920904
OPEL,CALIBRA,A,COUPE,EU,europe,RDW+VEH0124,2026,966,,,0.7654722351231943,9,0.09059183338408221,0.0053935948112461,16,,0.8602904356534802
NISSAN,SUNNY GTI-R,N14,GTI,EU,europe,RDW+VEH0124,2026,36,,,0.8787878787878788,9,-0.12489781648047016,-0.19077593506972837,11,2025,0.8045977011494253
SKODA,OCTAVIA VRS,1Z,GTI,EU,europe,RDW+VEH0124,2026,8999,,17654,0.509740675464702,9,0.08630150917290476,-0.035910853351220975,36,2024,0.0769334013368051
MAZDA,MX-5,NB,ROADSTER,EU,europe,RDW+VEH0124,2026,16389,,36665,0.4897758473048661,9,0.12541636298240158,0.052815252802648274,22,,0.309517925544121
OPEL,CORSA VXR,D,GTI,EU,europe,RDW+VEH0124,2026,3869,,9082,0.42742133090376877,9,0.10231068978895232,-0.01990167273517343,36,2025,0.2619507484307098
SEAT,LEON CUPRA,1M,GTI,EU,europe,RDW+VEH0124,2026,1427,,13264,0.109234874888312,9,0.18182376018308588,0.030595320150676283,25,,0.22441499859035804
FIAT,BARCHETTA,183,ROADSTER,EU,europe,RDW+VEH0124,2026,1543,,507,0.9193763014491864,9,0.09129625010648172,0.0341703982644872,14,,0.7246558197747184
LOTUS,EXIGE,S2,SPORTIVE,EU,europe,RDW+VEH0124,2026,407,,1418,0.3598347674511285,9,0.027871380013711367,-0.039911987895540374,34,2023,0.43337264150943394
PORSCHE,944,944,COUPE,EU,europe,RDW+VEH0124,2026,3166,,,0.8099498565234093,9,0.003460238684853678,-0.04333197596471402,7,2023,0.7176217290493541
FERRARI,360,360,SUPERCAR,EU,europe,RDW+VEH0124,2026,707,,1227,0.598466378248024,9,0.07047195237761687,0.023548828578792896,6,,0.5447154471544715
LEXUS,LS400,XF10_XF20,PREMIUM,EU,europe,RDW+VEH0124,2026,829,,,0.38646874035220613,9,0.11991049747376052,0.045529313702357285,4,,0.6543803418803419
ASTON MARTIN,VANQUISH,I,SUPERCAR,EU,europe,RDW+VEH0124,2026,110,,275,0.42148760330578516,9,0.04367608746880128,-0.003247036330022691,6,2025,0.2994955863808323
BMW,Z3 M,E36_7,ROADSTER,EU,europe,RDW+VEH0124,2026,683,,193,0.7432397779818183,9,0.03811356382180353,-0.01901228802019099,14,2020,0.6149131767109295
BMW,M3,E46,SPORTIVE,EU,europe,RDW+VEH0124,2026,4699,,14719,0.3826228774522613,9,0.06941227363028506,-0.009609740946802628,35,2025,0.35269599484672803
MERCEDES-BENZ,CLK,C209,COUPE,EU,europe,RDW+VEH0124,2026,19233,,51904,0.4102604936298413,9,0.12244014012889495,0.03514535208211515,25,,0.3781974019017008
PEUGEOT,205 GTI,MK1,GTI,EU,europe,RDW+VEH0124,2026,1989,,,0.7919091355254856,9,0.04178388737879709,-0.0002933082792616268,4,2025,0.8684877499295973
NISSAN,200SX,S14,COUPE,EU,europe,RDW+VEH0124,2026,403,,,0.4865294161421192,9,0.09422317687607891,-0.007057189370242258,23,2025,0.813023855577047
TVR,TUSCAN,TUSCAN,SPORTIVE,EU,europe,RDW+VEH0124,2026,601,,1124,0.5324992154238783,9,0.058165753895475326,-0.02085626068161236,35,2017,0.5034904013961605
ALFA ROMEO,156,932,PREMIUM,EU,europe,RDW+VEH0124,2026,2323,,26558,0.7070157156015585,9,0.19160917341987135,0.043249532992534284,8,,0.7991111111111111
NISSAN,GT-R,R35,SUPERCAR,EU,europe,RDW+VEH0124,2026,2004,,3716,0.536943336147941,9,0.04197205578822002,-0.007943072998227343,11,2025,0.3386439422008151
PORSCHE,911,964,SPORTIVE,EU,europe,RDW+VEH0124,2026,3334,,,0.8626534580089632,9,0.0278762770414603,-0.026487121247228632,13,2017,0.26773552586502225
TOYOTA,SUPRA,A80,SPORTIVE,EU,europe,RDW+VEH0124,2026,265,,650,0.7409811320754718,9,0.05138355994241935,-0.013043866156064045,29,2025,0.5679632867132867
HONDA,INTEGRA TYPE R,DC2,GTI,EU,europe,RDW,2026,72,,,1.0,0,,,0,,
MAZDA,MX-5,NA,ROADSTER,EU,europe,RDW+VEH0124,2026,6328,,,0.7052534371049305,9,0.07003738344435699,0.008192630387739548,4,,0.309517925544121
PORSCHE,928,928,COUPE,EU,europe,RDW+VEH0124,2026,1549,,,0.9242166810554353,9,-0.016572613706322237,-0.06336482835588993,7,2017,0.6682715454983149
SEAT,LEON CUPRA,1P,GTI,EU,europe,RDW+VEH0124,2026,1211,,2549,0.47539214063318497,9,0.0935324111604648,-0.028679951363660933,36,2024,0.22441499859035804
RENAULT,5 GT TURBO,MK2,GTI,EU,europe,RDW+VEH0124,2026,585,,,0.8824466159971045,9,0.008110700219843578,-0.03396649543821514,4,2020,0.866
CITROEN,XSARA VTS,N0,GTI,EU,europe,VEH0124,2025,61,,3222,0.01893234016139044,9,0.1841884099795852,0.032959969947175594,25,,0.8318840579710145
PORSCHE,BOXSTER,987,ROADSTER,EU,europe,RDW+VEH0124,2026,9786,,14045,0.6658692967925859,9,0.029044528909966047,-0.0389417791059774,21,2021,0.2826293058042768
MASERATI,4200,M138,COUPE,EU,europe,RDW+VEH0124,2026,779,,1500,0.5687325631151048,9,0.09076953277904713,-0.028214952781783126,27,2019,0.5705731394354149
NISSAN,200SX,S13,COUPE,EU,europe,RDW+VEH0124,2026,363,,,0.7484228836778726,9,0.013767935380411878,-0.03302427926915581,7,2023,0.813023855577047
PORSCHE,911,997,SPORTIVE,EU,europe,RDW+VEH0124,2026,15777,,21174,0.6685706773682906,9,0.03149671539447082,-0.03628665251478092,34,2017,0.26773552586502225
NISSAN,SKYLINE GT-R,R32,SPORTIVE,EU,europe,RDW,2026,16,,,1.0,0,,,0,,
RENAULT,19 16V,MK1,GTI,EU,europe,RDW+VEH0124,2026,116,,,0.8803507728894173,9,0.040867440697444156,-0.025010677891814055,11,2024,0.9243027888446215
BMW,Z8,E52,ROADSTER,EU,europe,RDW+VEH0124,2026,78,,111,0.6719796719796719,9,0.039261011885461126,-0.03334009829429218,22,2017,0.6448598130841121
PEUGEOT,106 RALLYE,S2,GTI,EU,europe,RDW+VEH0124,2026,224,,597,0.34689486228813554,9,0.06955824673143092,-0.05284799485149587,17,2021,0.8866995073891626
SEAT,IBIZA CUPRA,6L,GTI,EU,europe,VEH0124,2025,152,,1001,0.15184815184815184,9,0.1685161888883823,0.04630382636425656,36,,0.45603058741744873
MITSUBISHI,FTO,DE,COUPE,EU,europe,RDW+VEH0124,2026,61,,,0.47609575416695243,9,0.09807982433264668,-0.0032005419136744845,23,2022,0.8195121951219512
FERRARI,458,458,SUPERCAR,EU,europe,RDW+VEH0124,2026,1144,,1861,0.5946573576879864,9,0.04508010262649709,-0.0048350261599502745,11,2025,0.42138364779874216
BMW,M3,E9X,SPORTIVE,EU,europe,RDW+VEH0124,2026,4040,,8111,0.5073299186656429,9,0.06416438021537374,-0.003618987693878001,34,2025,0.35269599484672803
SAAB,9-3 VIGGEN,MK1,SPORTIVE,EU,europe,RDW+VEH0124,2026,91,,26,0.5577093713739676,9,0.03880345061480354,-0.025623975483679857,29,2022,0.616504854368932
LOTUS,EXIGE,S1,SPORTIVE,EU,europe,RDW+VEH0124,2026,41,,175,0.30257839721254354,9,0.11610223142273861,0.05167480532425521,29,,0.43337264150943394
FORD,FOCUS RS,MK2,GTI,EU,europe,RDW+VEH0124,2026,1583,,4029,0.39303693202174317,9,0.06332760703755132,-0.05888475548657442,36,2025,0.31543624161073824
MERCEDES-BENZ,C63 AMG,W204,SPORTIVE,EU,europe,RDW+VEH0124,2026,3476,,5283,0.6346208510830166,9,0.03654163814809467,-0.009653749613954155,31,2025,0.23414634146341465
LOTUS,ELISE,S1,SPORTIVE,EU,europe,RDW+VEH0124,2026,1402,,1026,0.6507118096647467,9,0.04612432501845346,-0.018303101080029936,29,2017,0.5196078431372549
MASERATI,3200 GT,338,COUPE,EU,europe,RDW+VEH0124,2026,326,,386,0.6972702336007551,9,0.08856772191100178,-0.012712644335319392,23,2019,0.7015209125475285
SUBARU,IMPREZA WRX,GR,SPORTIVE,EU,europe,RDW+VEH0124,2026,1005,,3665,0.28608146172276405,9,0.07472149348277224,0.028526105720723414,31,,0.571663137881865
VOLKSWAGEN,PHAETON,3D,PREMIUM,EU,europe,RDW+VEH0124,2026,959,,2386,0.5092396819472645,9,0.1418065742125698,0.033577484730791696,8,,0.44061302681992337
AUDI,S4,B5,SPORTIVE,EU,europe,RDW+VEH0124,2026,289,,77,0.38124166543191584,9,0.10969737644119675,0.04526995034271335,29,,0.18102477477477477
MASERATI,GHIBLI,II,COUPE,EU,europe,RDW+VEH0124,2026,54,,,0.8958333333333334,9,0.17027520792199682,0.08507696934916072,16,,0.11057962858750703
ALFA ROMEO,SPIDER,916,ROADSTER,EU,europe,RDW+VEH0124,2026,1350,,1245,0.7113215948188626,9,0.08423923036556236,0.027113378523567835,14,,0.5677692617991126
VOLKSWAGEN,LUPO GTI,6X,GTI,EU,europe,VEH0124,2025,357,,1008,0.3541666666666667,9,0.0734461667955338,-0.0777822732368758,25,2017,0.5605493133583022
MASERATI,GRANTURISMO,M145,COUPE,EU,europe,RDW+VEH0124,2026,2542,,3114,0.7266034663889432,9,0.024852369191866508,-0.01051578192960919,16,2023,0.24628528974739972
NISSAN,370Z,Z34,SPORTIVE,EU,europe,RDW+VEH0124,2026,2298,,2855,0.747334695974113,9,0.03510386359398776,-0.011091524168061064,31,2024,0.1734271523178808
MG,RV8,RV8,ROADSTER,EU,europe,RDW+VEH0124,2026,294,,,0.7480287569573283,9,0.03835644326159571,-0.023488309795021735,4,2017,0.5927750410509032
JAGUAR,XK,X150,COUPE,EU,europe,RDW+VEH0124,2026,10040,,14838,0.6619623071267967,9,0.03889364699503931,-0.0484011410517405,25,2025,0.3905132743362832
BMW,M3,E36,SPORTIVE,EU,europe,RDW+VEH0124,2026,860,,,0.6356674709516231,9,0.08745475482249708,0.03309135653380816,13,,0.35269599484672803
MAZDA,RX-7,FD,SPORTIVE,EU,europe,RDW+VEH0124,2026,115,,138,0.8703843730308758,9,0.10076029062431117,0.03633286452582778,29,,0.7834645669291339
PEUGEOT,106 RALLYE,S1,GTI,EU,europe,RDW+VEH0124,2026,257,,,0.8223274873587849,9,0.07043636455573547,0.004558245966477262,11,,0.8866995073891626
VOLVO,850 R,854,SPORTIVE,EU,europe,RDW+VEH0124,2026,778,,,0.8996826799485861,9,0.04854006331450891,-0.015887362783974478,29,2017,0.6521739130434783
TVR,GRIFFITH,GRIFFITH,ROADSTER,EU,europe,RDW+VEH0124,2026,508,,81,0.7341142038427156,9,0.03909636217436673,-0.018029489667627782,14,2017,0.5738161559888579
VOLKSWAGEN,GOLF GTI,MK5,GTI,EU,europe,RDW+VEH0124,2026,10261,,20812,0.4931161428218781,9,0.08329225148350972,-0.03892011104061602,36,2021,0.3066778838799904
ASTON MARTIN,DB9,DB9,COUPE,EU,europe,RDW+VEH0124,2026,3465,,5308,0.6290379301682995,9,0.04865920787776308,-0.03863558016901673,25,2025,0.35463659147869675
HONDA,CRX DEL SOL,EG,ROADSTER,EU,europe,RDW,2026,6,,,1.0,0,,,0,,
FORD,FIESTA ST,MK6,GTI,EU,europe,RDW+VEH0124,2026,4777,,16654,0.28728453679223676,9,0.12980356213276303,0.0075911996086373,36,,0.056359437998103494
FIAT,COUPE,175,COUPE,EU,europe,RDW+VEH0124,2026,878,,,0.6138330917374198,9,0.06850966820440914,-0.03277069804191203,23,2021,0.7631703844328429
RENAULT,AVANTIME,MK1,COUPE,EU,europe,RDW+VEH0124,2026,318,,429,0.7412587412587412,9,0.06524819237536524,-0.05373629318546502,27,2021,0.6222222222222222
NISSAN,SKYLINE GT-R,R34,SPORTIVE,EU,europe,RDW+VEH0124,2026,24,,164,0.608739837398374,9,0.1959288883007062,0.1315014622022228,29,,0.7478070175438597
RENAULT,TWINGO RS,MK2,GTI,EU,europe,RDW+VEH0124,2026,708,,1179,0.6002261803788521,9,0.05346501163135672,-0.06874735089276901,36,2025,0.2354948805460751
TOYOTA,MR2,SW20,SPORTIVE,EU,europe,RDW+VEH0124,2026,2062,,,0.5643554834972552,9,0.06714693828957181,0.01278354000088288,13,,0.6668175417421042
MG,MGF,MGF,ROADSTER,EU,europe,RDW+VEH0124,2026,4539,,8319,0.4850740013581116,9,0.13220757946472675,0.07508172762273223,14,,0.7538864342988054
MERCEDES-BENZ,S-CLASS,W140,PREMIUM,EU,europe,RDW+VEH0124,2026,700,,,0.6421608643457383,9,0.13240019941942371,0.05801901564802048,4,,0.2709735307312696
CITROEN,C2 VTS,A6,GTI,EU,europe,VEH0124,2025,1786,,11169,0.1599068851284806,9,0.21704099641996036,0.09482863389583462,36,,0.43538565629228687
MAZDA,MX-5,NC,ROADSTER,EU,europe,RDW+VEH0124,2026,41005,,56006,0.6926310018789554,9,0.03229510376616022,-0.03569120424978323,21,2020,0.309517925544121
PEUGEOT,309 GTI,MK1,GTI,EU,europe,RDW+VEH0124,2026,148,,,0.9567402768622281,9,-0.12208146498496086,-0.1641586606430196,4,2017,0.86
LEXUS,SC430,Z40,ROADSTER,EU,europe,RDW+VEH0124,2026,1680,,2275,0.675846153846154,9,0.04237780604828778,-0.030223304131465525,22,2020,0.2996352266805628
MERCEDES-BENZ,C55 AMG,W203,SPORTIVE,EU,europe,RDW+VEH0124,2026,152,,146,0.7602739726027398,9,0.12220842493063344,0.04318641035354576,35,,0.37398373983739835
ALFA ROMEO,GTV,916,COUPE,EU,europe,RDW+VEH0124,2026,893,,1690,0.5293205261071272,9,0.0676249319932527,-0.03365543425306847,23,2020,0.657319587628866
MERCEDES-BENZ,E55 AMG,W210,SPORTIVE,EU,europe,RDW+VEH0124,2026,177,,77,0.6941176470588235,9,0.18285531724961265,0.11842789115112926,29,,0.5469613259668509
PORSCHE,911,996,SPORTIVE,EU,europe,RDW+VEH0124,2026,10081,,12295,0.7089297229246682,9,0.037463176378937625,-0.04155883819815006,35,2017,0.26773552586502225
ALFA ROMEO,GT,937,COUPE,EU,europe,RDW+VEH0124,2026,3167,,7136,0.6879635014817888,9,0.20380509443185493,0.11651030638507513,25,,0.5209834675710047
MINI,COOPER S,R53,GTI,EU,europe,RDW+VEH0124,2026,16433,,39817,0.4666471650856279,9,0.12730097584321656,-0.023927464189193032,25,2019,0.09851398888779302
MERCEDES-BENZ,E63 AMG,W212,SPORTIVE,EU,europe,RDW+VEH0124,2026,707,,1174,0.584942736181625,9,0.04565989063447932,-0.0005354971275695064,31,2024,0.23781902552204176
VOLKSWAGEN,POLO GTI,9N,GTI,EU,europe,VEH0124,2025,618,,1424,0.4339887640449438,9,0.10820433715968984,-0.014008025364435893,36,2022,0.0707482993197279
MERCEDES-BENZ,CL,C140,COUPE,EU,europe,RDW+VEH0124,2026,97,,,0.5639019841475418,9,0.11834475149375745,0.03314651292092134,16,,0.47136447611506993
AUDI,S3,8L,GTI,EU,europe,RDW+VEH0124,2026,1061,,3408,0.3879636205546189,9,0.11454885678161732,-0.03667958325079229,25,2021,0.08470306854612997
LOTUS,ESPRIT,X180_S4,SUPERCAR,EU,europe,RDW+VEH0124,2026,382,,77,0.6957622775371568,9,0.028602137463428726,,1,,0.6255616575137294
MERCEDES-BENZ,CL,C216,COUPE,EU,europe,RDW+VEH0124,2026,1375,,2370,0.5709578826237054,9,0.0666437746314242,-0.02065101341535562,25,2025,0.47136447611506993
ABARTH,500,312,GTI,EU,europe,RDW+VEH0124,2026,23561,,9033,0.9892523541136455,9,0.0008407257493754371,-0.04723290506085649,28,2017,0.05335878179328658
BMW,Z4,E85,ROADSTER,EU,europe,RDW+VEH0124,2026,11868,,21967,0.537264149126837,9,0.07312186285356444,0.0005207526738111312,22,,0.18038633760283246
ALFA ROMEO,8C,8C,SUPERCAR,EU,europe,RDW+VEH0124,2026,40,,53,0.7547169811320755,9,0.06921312159274813,0.02366160789887746,9,,0.6818181818181818
MERCEDES-BENZ,190E 2.5-16,W201,SPORTIVE,EU,europe,RDW+VEH0124,2026,89,,,0.7381431105854525,9,0.059416077135439505,0.01723822215589843,4,,0.8913738019169329
HONDA,NSX,NA1_NA2,SUPERCAR,EU,europe,RDW+VEH0124,2026,180,,104,0.7388617886178862,9,0.009950987716560592,,2,,0.5037453183520599
ALFA ROMEO,155,167,PREMIUM,EU,europe,RDW+VEH0124,2026,423,,,0.9299990789352491,9,0.04658731412505294,-0.0277938696463503,4,2023,0.8925619834710744
VOLKSWAGEN,GOLF GTI,MK2,GTI,EU,europe,RDW+VEH0124,2026,3554,,,0.7107501631307082,9,0.042370503937320336,0.00029330827926161984,4,,0.3066778838799904
VOLKSWAGEN,GOLF GTI,MK7,GTI,EU,europe,RDW+VEH0124,2026,27118,,32571,0.8283474592811407,9,0.009043370738337941,-0.010326039015863781,18,2021,0.3066778838799904
MERCEDES-BENZ,SLS AMG,C197,SUPERCAR,EU,europe,RDW+VEH0124,2026,224,,496,0.4630706365207374,9,0.046940608629067355,-0.002974520157380013,11,2025,0.5025125628140703
VOLKSWAGEN,GOLF R,MK4,SPORTIVE,EU,europe,RDW+VEH0124,2026,698,,2298,0.31000359101348873,9,0.08139090004994465,0.002368885472856963,35,,0.07465854756748644
FERRARI,575M,575M,SUPERCAR,EU,europe,RDW+VEH0124,2026,140,,242,0.5821428571428572,9,0.025902994775771997,-0.02102012902305198,6,2025,0.5682819383259912
MERCEDES-BENZ,S-CLASS,W220,PREMIUM,EU,europe,RDW+VEH0124,2026,3024,,12759,0.5569835858161746,9,0.21129939120802574,0.06293975078068867,8,,0.2709735307312696
BMW,8 SERIES,E31,COUPE,EU,europe,RDW+VEH0124,2026,743,,,0.7130769649678307,9,0.08113641625793082,-0.004061822314905289,16,2025,0.14248165589749207
LOTUS,EVORA,122,SPORTIVE,EU,europe,RDW+VEH0124,2026,682,,1178,0.5683062897997998,9,0.03584281593339137,-0.010352571828657453,31,2025,0.3002232142857143
SUBARU,IMPREZA WRX,GD,SPORTIVE,EU,europe,RDW+VEH0124,2026,5821,,27056,0.22044991390600174,9,0.0871389276319506,0.00811691305486291,35,,0.571663137881865
HONDA,CIVIC TYPE R,FN2,GTI,EU,europe,RDW+VEH0124,2026,1978,,2951,0.6701092567205714,9,0.053185171361638105,-0.06902719116248762,36,2019,0.1146433041301627
AUDI,S2,B3_B4,COUPE,EU,europe,RDW,2026,1,,,1.0,0,,,0,,
VOLKSWAGEN,GOLF GTI,MK4,GTI,EU,europe,RDW+VEH0124,2026,5135,,29243,0.12661377975568053,9,0.16967500682299885,0.047268765240072064,17,,0.3066778838799904
TOYOTA,CELICA,T230,COUPE,EU,europe,RDW+VEH0124,2026,6321,,32536,0.3030264078115392,9,0.14882834248776788,0.02984385692693763,27,,0.5909118596576719
FORD,PUMA,MK1,COUPE,EU,europe,RDW+VEH0124,2026,1492,,19007,0.18865272701535166,9,0.17591636819683446,0.07463600195051329,23,,0.025659502974033938
ASTON MARTIN,V8 VANTAGE,VH,SPORTIVE,EU,europe,RDW+VEH0124,2026,4052,,6563,0.600127490874009,9,0.038935967166059036,-0.007259420595989788,31,2025,0.2644505368974183
