rank,make,model_gen,generation,segment,score,weight_coverage,stock,rarity,conservation,sorn_ratio,recent_inflection_point,relative_attrition,inflection_year,latest_year,components_available
1,NISSAN,SUNNY GTI-R,N14,GTI,0.8446417533906052,1.0,36,0.6677777518877718,1.0,0.8045977011494253,1.0,-0.19077593506972837,2025,2026,rarity|conservation|sorn_ratio|recent_inflection_point
2,OPEL,LOTUS CARLTON,A,SPORTIVE,0.8137577870714481,1.0,65,0.612999304004437,0.9821428571428571,0.768361581920904,1.0,-0.11123857063227671,2025,2026,rarity|conservation|sorn_ratio|recent_inflection_point
3,NISSAN,SKYLINE GT-R,R33,SPORTIVE,0.7927275748369436,1.0,34,0.6730768160396743,0.8303571428571428,0.7478070175438597,1.0,-0.03774652354063794,2025,2026,rarity|conservation|sorn_ratio|recent_inflection_point
4,AUDI,RS2,B4,SPORTIVE,0.7913733141853145,1.0,34,0.6730768160396743,0.7767857142857142,0.808,1.0,-0.03415519101654393,2025,2026,rarity|conservation|sorn_ratio|recent_inflection_point
5,RENAULT,CLIO V6,MK2,SPORTIVE,0.7607092772524915,1.0,152,0.5342441578941792,0.875,0.774869109947644,1.0,-0.04275439462748798,2025,2026,rarity|conservation|sorn_ratio|recent_inflection_point
6,RENAULT,19 16V,MK1,GTI,0.7558395901609345,1.0,116,0.5593023374465597,0.7008928571428571,0.9243027888446215,1.0,-0.025010677891814055,2024,2026,rarity|conservation|sorn_ratio|recent_inflection_point
7,TOYOTA,CELICA GT-FOUR,ST185_ST205,SPORTIVE,0.7390774092792449,1.0,22,0.7134344507448137,0.5401785714285714,0.7716535433070866,1.0,-0.009852934080514686,2025,2026,rarity|conservation|sorn_ratio|recent_inflection_point
8,MITSUBISHI,3000GT,Z16A,COUPE,0.730704618629461,1.0,203,0.5074212623525068,0.78125,0.7889733840304183,1.0,-0.03463670946214773,2025,2026,rarity|conservation|sorn_ratio|recent_inflection_point
9,FORD,ESCORT RS COSWORTH,MK5,SPORTIVE,0.726700641767188,1.0,306,0.46937567723543194,0.7991071428571428,0.8132118451025057,1.0,-0.035913366594300555,2025,2026,rarity|conservation|sorn_ratio|recent_inflection_point
10,ALFA ROMEO,155,167,PREMIUM,0.7119751619434382,1.0,423,0.4393579007120669,0.71875,0.8925619834710744,1.0,-0.0277938696463503,2023,2026,rarity|conservation|sorn_ratio|recent_inflection_point
11,NISSAN,200SX,S13,COUPE,0.709959647032403,1.0,363,0.4535394413954922,0.7544642857142857,0.813023855577047,1.0,-0.03302427926915581,2023,2026,rarity|conservation|sorn_ratio|recent_inflection_point
12,SAAB,9-3 VIGGEN,MK1,SPORTIVE,0.7032721839843643,1.0,91,0.5818055068465493,0.7053571428571428,0.616504854368932,1.0,-0.025623975483679857,2022,2026,rarity|conservation|sorn_ratio|recent_inflection_point
13,PEUGEOT,306 GTI-6,MK2,GTI,0.6959312575940244,1.0,257,0.4855541261171791,0.6383928571428571,0.8319454958364875,1.0,-0.01741756444951026,2025,2026,rarity|conservation|sorn_ratio|recent_inflection_point
14,MITSUBISHI,FTO,DE,COUPE,0.6943523599520482,1.0,61,0.6188875291810635,0.45535714285714285,0.8195121951219512,1.0,-0.0032005419136744845,2022,2026,rarity|conservation|sorn_ratio|recent_inflection_point
15,FERRARI,575M,575M,SUPERCAR,0.6718370850455224,1.0,140,0.5418683190458243,0.6741071428571428,0.5682819383259912,1.0,-0.02102012902305198,2025,2026,rarity|conservation|sorn_ratio|recent_inflection_point
16,SEAT,IBIZA CUPRA,6K,GTI,0.6683298331420766,1.0,114,0.560914697800044,0.7232142857142857,0.45603058741744873,1.0,-0.0280735005364751,2025,2026,rarity|conservation|sorn_ratio|recent_inflection_point
17,FORD,FOCUS RS,MK1,GTI,0.6620156897748668,1.0,373,0.45102003680368735,0.9642857142857142,0.31543624161073824,1.0,-0.06903674572673985,2022,2026,rarity|conservation|sorn_ratio|recent_inflection_point
18,RENAULT,CLIO 16V,MK1,GTI,0.6595280055313543,1.0,148,0.5367165279725875,0.8794642857142857,0.25905574656188607,1.0,-0.042880494760274473,2025,2026,rarity|conservation|sorn_ratio|recent_inflection_point
19,LOTUS,EXIGE,S2,SPORTIVE,0.655986667525384,1.0,407,0.44293264267938004,0.8571428571428571,0.43337264150943394,1.0,-0.039911987895540374,2023,2026,rarity|conservation|sorn_ratio|recent_inflection_point
20,PORSCHE,944,944,COUPE,0.6529688626064756,1.0,3166,0.2527496398270341,0.8839285714285714,0.7176217290493541,1.0,-0.04333197596471402,2023,2026,rarity|conservation|sorn_ratio|recent_inflection_point
21,MERCEDES-BENZ,C43 AMG,W202,SPORTIVE,0.6518872503179736,1.0,221,0.49954506194225534,0.5848214285714285,0.6542056074766355,1.0,-0.01338662539791935,2025,2026,rarity|conservation|sorn_ratio|recent_inflection_point
22,NISSAN,200SX,S14,COUPE,0.6451838149399789,1.0,403,0.4438482884783621,0.5089285714285714,0.813023855577047,1.0,-0.007057189370242258,2025,2026,rarity|conservation|sorn_ratio|recent_inflection_point
23,VOLKSWAGEN,CORRADO,53I,COUPE,0.6400816590341087,1.0,1735,0.3085101676995731,0.6919642857142857,0.7955601445534332,1.0,-0.023502105559480103,2025,2026,rarity|conservation|sorn_ratio|recent_inflection_point
24,TOYOTA,SUPRA,A80,SPORTIVE,0.6276312366230263,1.0,265,0.48271226733166633,0.5803571428571428,0.5679632867132867,1.0,-0.013043866156064045,2025,2026,rarity|conservation|sorn_ratio|recent_inflection_point
25,RENAULT,TWINGO RS,MK2,GTI,0.6230005074607563,1.0,708,0.3916064161064446,0.9553571428571428,0.2354948805460751,1.0,-0.06874735089276901,2025,2026,rarity|conservation|sorn_ratio|recent_inflection_point
26,OPEL,VX220,VX220,ROADSTER,0.6115773515276957,1.0,655,0.3988199495609005,0.5357142857142857,0.6903089887640449,1.0,-0.009808579022754671,2025,2026,rarity|conservation|sorn_ratio|recent_inflection_point
27,FORD,FOCUS RS,MK2,GTI,0.6095318878190785,1.0,1583,0.317010194481027,0.9419642857142857,0.31543624161073824,1.0,-0.05888475548657442,2025,2026,rarity|conservation|sorn_ratio|recent_inflection_point
28,PEUGEOT,309 GTI,MK1,GTI,0.6087347133618342,1.0,148,0.5367165279725875,0.9955357142857142,0.86,0.0,-0.1641586606430196,2017,2026,rarity|conservation|sorn_ratio|recent_inflection_point
29,HONDA,PRELUDE,BB,COUPE,0.6073874348588115,1.0,1001,0.35950051224535595,0.59375,0.6656237778646852,1.0,-0.014019918239780008,2025,2026,rarity|conservation|sorn_ratio|recent_inflection_point
30,BMW,Z4 M,E85_86,ROADSTER,0.6009440419305814,1.0,458,0.4319878618772148,0.5758928571428571,0.5288753799392097,1.0,-0.012814828523419017,2024,2026,rarity|conservation|sorn_ratio|recent_inflection_point
31,HONDA,CIVIC TYPE R,EP3,GTI,0.598205323839992,1.0,2,0.9357394453460071,0.9910714285714285,0.1146433041301627,0.0,-0.1512284400324096,2017,2026,rarity|conservation|sorn_ratio|recent_inflection_point
32,TOYOTA,SUPRA,A70,SPORTIVE,0.5955956292979362,1.0,370,0.45176869538242936,0.49553571428571425,0.5679632867132867,1.0,-0.005966574645276168,2025,2026,rarity|conservation|sorn_ratio|recent_inflection_point
33,OPEL,MONARO,V2,SPORTIVE,0.594450830565453,1.0,605,0.4061816235534622,0.6294642857142857,0.4746059544658494,1.0,-0.016793586315442706,2025,2025,rarity|conservation|sorn_ratio|recent_inflection_point
34,RENAULT,CLIO RS,MK2,GTI,0.5938204467281749,1.0,1647,0.3133358209746999,0.9375,0.24888954693514953,1.0,-0.058690660864571406,2021,2025,rarity|conservation|sorn_ratio|recent_inflection_point
35,MERCEDES-BENZ,SLS AMG,C197,SUPERCAR,0.587628991663327,1.0,224,0.4982950423279965,0.4508928571428571,0.5025125628140703,1.0,-0.002974520157380013,2025,2026,rarity|conservation|sorn_ratio|recent_inflection_point
36,PEUGEOT,205 GTI,MK1,GTI,0.5832697087985097,1.0,1989,0.2958439231380129,0.42410714285714285,0.8684877499295973,1.0,-0.0002933082792616268,2025,2026,rarity|conservation|sorn_ratio|recent_inflection_point
37,PEUGEOT,106 RALLYE,S2,GTI,0.5783056662926312,1.0,224,0.4982950423279965,0.90625,0.8866995073891626,0.0,-0.05284799485149587,2021,2026,rarity|conservation|sorn_ratio|recent_inflection_point
38,MERCEDES-BENZ,CL,C216,COUPE,0.5760919833633806,1.0,1375,0.33006984366635345,0.6651785714285714,0.47136447611506993,1.0,-0.02065101341535562,2025,2026,rarity|conservation|sorn_ratio|recent_inflection_point
39,ASTON MARTIN,VANQUISH,I,SUPERCAR,0.5723335966442555,1.0,110,0.5642260635006626,0.45982142857142855,0.2994955863808323,1.0,-0.003247036330022691,2025,2026,rarity|conservation|sorn_ratio|recent_inflection_point
40,ASTON MARTIN,DB9,DB9,COUPE,0.5651668286705275,1.0,3465,0.24438329494837438,0.8348214285714285,0.35463659147869675,1.0,-0.03863558016901673,2025,2026,rarity|conservation|sorn_ratio|recent_inflection_point
41,FERRARI,F430,F430,SUPERCAR,0.5576187083369275,1.0,960,0.36337771542977,0.5178571428571428,0.5048611111111111,1.0,-0.0076158846016226925,2023,2026,rarity|conservation|sorn_ratio|recent_inflection_point
42,JAGUAR,XK,X150,COUPE,0.5545630319376711,1.0,10040,0.1457541385685312,0.9017857142857142,0.3905132743362832,1.0,-0.0484011410517405,2025,2026,rarity|conservation|sorn_ratio|recent_inflection_point
43,RENAULT,CLIO RS,MK3,GTI,0.5518491636204529,1.0,2541,0.27313725699345337,0.8258928571428571,0.24888954693514953,1.0,-0.03721876468263073,2024,2025,rarity|conservation|sorn_ratio|recent_inflection_point
44,SEAT,LEON CUPRA,1P,GTI,0.5475642827191134,1.0,1211,0.34184448204379275,0.7321428571428571,0.22441499859035804,1.0,-0.028679951363660933,2024,2026,rarity|conservation|sorn_ratio|recent_inflection_point
45,TVR,CERBERA,CERBERA,COUPE,0.5457975782686566,1.0,293,0.4734003792802158,0.9732142857142857,0.6840193704600485,0.0,-0.07877515629795884,2017,2026,rarity|conservation|sorn_ratio|recent_inflection_point
46,ALFA ROMEO,4C,960,SPORTIVE,0.5356647258331484,1.0,480,0.427638270083763,0.5044642857142857,0.2993762993762994,1.0,-0.006841634874022191,2025,2026,rarity|conservation|sorn_ratio|recent_inflection_point
47,LOTUS,EVORA,122,SPORTIVE,0.5355976953625343,1.0,682,0.39507504797458765,0.5491071428571428,0.3002232142857143,1.0,-0.010352571828657453,2025,2026,rarity|conservation|sorn_ratio|recent_inflection_point
48,OPEL,ASTRA OPC,H,GTI,0.5347902776695053,1.0,2909,0.26059829281905034,0.5982142857142857,0.47013651877133106,1.0,-0.015020686818578254,2022,2026,rarity|conservation|sorn_ratio|recent_inflection_point
49,ALFA ROMEO,147 GTA,937,GTI,0.533085483824737,1.0,153,0.5336362318894249,0.9866071428571428,0.49830508474576274,0.0,-0.12540908701940828,2017,2026,rarity|conservation|sorn_ratio|recent_inflection_point
50,TVR,SAGARIS,SAGARIS,SPORTIVE,0.5290686577324561,1.0,79,0.5949155527049768,0.8883928571428571,0.49375,0.0,-0.04566086172476025,2021,2026,rarity|conservation|sorn_ratio|recent_inflection_point
51,BMW,Z8,E52,ROADSTER,0.5284539754199026,1.0,78,0.596096567192474,0.7633928571428571,0.6448598130841121,0.0,-0.03334009829429218,2017,2026,rarity|conservation|sorn_ratio|recent_inflection_point
52,FERRARI,458,458,SUPERCAR,0.5274208767139297,1.0,1144,0.3471210326854159,0.48660714285714285,0.42138364779874216,1.0,-0.0048350261599502745,2025,2026,rarity|conservation|sorn_ratio|recent_inflection_point
53,HONDA,S2000,AP1_AP2,ROADSTER,0.5219442506427947,1.0,3801,0.23580298967240537,0.5580357142857143,0.49952137843012123,1.0,-0.010708264679143056,2025,2026,rarity|conservation|sorn_ratio|recent_inflection_point
54,RENAULT,AVANTIME,MK1,COUPE,0.5162724229834834,1.0,318,0.46580953051970325,0.9151785714285714,0.6222222222222222,0.0,-0.05373629318546502,2021,2026,rarity|conservation|sorn_ratio|recent_inflection_point
55,VOLKSWAGEN,LUPO GTI,6X,GTI,0.513576978582988,1.0,357,0.4550846168895073,0.96875,0.5605493133583022,0.0,-0.0777822732368758,2017,2025,rarity|conservation|sorn_ratio|recent_inflection_point
56,RENAULT,5 GT TURBO,MK2,GTI,0.5095347149629252,1.0,585,0.4092981652001946,0.7723214285714285,0.866,0.0,-0.03396649543821514,2020,2026,rarity|conservation|sorn_ratio|recent_inflection_point
57,RENAULT,MEGANE RS,MK2,GTI,0.5090058137725584,1.0,751,0.38614018536767464,0.46428571428571425,0.28892660161221895,1.0,-0.0035871325685881005,2025,2025,rarity|conservation|sorn_ratio|recent_inflection_point
58,LANCIA,DELTA INTEGRALE,831,SPORTIVE,0.5044996243686066,1.0,524,0.41950722749706565,0.7857142857142857,0.8062176165803109,0.0,-0.03516005191359698,2020,2026,rarity|conservation|sorn_ratio|recent_inflection_point
59,VOLKSWAGEN,POLO GTI,9N,GTI,0.5029448136158807,1.0,618,0.404210643372876,0.5892857142857143,0.0707482993197279,1.0,-0.014008025364435893,2022,2025,rarity|conservation|sorn_ratio|recent_inflection_point
60,NISSAN,GT-R,R35,SUPERCAR,0.5016107314020748,1.0,2004,0.29514738805444174,0.5223214285714285,0.3386439422008151,1.0,-0.007943072998227343,2025,2026,rarity|conservation|sorn_ratio|recent_inflection_point
61,OPEL,CORSA VXR,D,GTI,0.4995244044386615,1.0,3869,0.2341590952112802,0.6607142857142857,0.2619507484307098,1.0,-0.01990167273517343,2025,2026,rarity|conservation|sorn_ratio|recent_inflection_point
62,MERCEDES-BENZ,E63 AMG,W212,SPORTIVE,0.4918147706967266,1.0,707,0.391737452712746,0.42857142857142855,0.23781902552204176,1.0,-0.0005354971275695064,2024,2026,rarity|conservation|sorn_ratio|recent_inflection_point
63,AUDI,S8,D2,PREMIUM,0.4904870707380006,1.0,141,0.541208470114188,0.9508928571428571,0.3167044595616024,0.0,-0.06508708799454314,2021,2026,rarity|conservation|sorn_ratio|recent_inflection_point
64,PORSCHE,BOXSTER,981,ROADSTER,0.4895441603614343,1.0,4863,0.21296044669553155,0.6339285714285714,0.2826293058042768,1.0,-0.017129500026463365,2024,2026,rarity|conservation|sorn_ratio|recent_inflection_point
65,MASERATI,GRANTURISMO,M145,COUPE,0.48323518780233093,1.0,2542,0.2731007791714111,0.5535714285714285,0.24628528974739972,1.0,-0.01051578192960919,2023,2026,rarity|conservation|sorn_ratio|recent_inflection_point
66,BMW,8 SERIES,E31,COUPE,0.48229647211186266,1.0,743,0.3871330557251223,0.4732142857142857,0.14248165589749207,1.0,-0.004061822314905289,2025,2026,rarity|conservation|sorn_ratio|recent_inflection_point
67,PORSCHE,928,928,COUPE,0.4819195366943997,1.0,1549,0.31902309925026806,0.9464285714285714,0.6682715454983149,0.0,-0.06336482835588993,2017,2026,rarity|conservation|sorn_ratio|recent_inflection_point
68,PORSCHE,CAYMAN,981,COUPE,0.4805241857619482,1.0,4102,0.22873764022418408,0.6785714285714285,0.15411577270313329,1.0,-0.021368068629489777,2023,2026,rarity|conservation|sorn_ratio|recent_inflection_point
69,RENAULT,MEGANE RS,MK3,GTI,0.480325539972094,1.0,1584,0.31695164797859243,0.4464285714285714,0.28892660161221895,1.0,-0.002772964730612497,2023,2026,rarity|conservation|sorn_ratio|recent_inflection_point
70,BMW,M3,E46,SPORTIVE,0.4778849365931287,1.0,4699,0.21614088300672704,0.5267857142857143,0.35269599484672803,1.0,-0.009609740946802628,2025,2026,rarity|conservation|sorn_ratio|recent_inflection_point
71,OPEL,ASTRA OPC,G,GTI,0.4766637688844267,1.0,205,0.506512349351479,0.8214285714285714,0.47013651877133106,0.0,-0.03696649610638786,2020,2026,rarity|conservation|sorn_ratio|recent_inflection_point
72,NISSAN,370Z,Z34,SPORTIVE,0.4741700888968535,1.0,2298,0.28245616695222103,0.5625,0.1734271523178808,1.0,-0.011091524168061064,2024,2026,rarity|conservation|sorn_ratio|recent_inflection_point
73,JAGUAR,S-TYPE R,X200,PREMIUM,0.4739265173114572,1.0,429,0.43805212724527354,0.8973214285714285,0.4813895781637717,0.0,-0.04814929149647569,2020,2026,rarity|conservation|sorn_ratio|recent_inflection_point
74,FIAT,COUPE,175,COUPE,0.4702134459588557,1.0,878,0.37165534020653457,0.75,0.7631703844328429,0.0,-0.03277069804191203,2021,2026,rarity|conservation|sorn_ratio|recent_inflection_point
75,SKODA,OCTAVIA VRS,1Z,GTI,0.46861321250487586,1.0,8999,0.15590233700514455,0.7946428571428571,0.0769334013368051,1.0,-0.035910853351220975,2024,2026,rarity|conservation|sorn_ratio|recent_inflection_point
76,BMW,M3,E9X,SPORTIVE,0.46827905403737485,1.0,4040,0.23014958590865486,0.46875,0.35269599484672803,1.0,-0.003618987693878001,2025,2026,rarity|conservation|sorn_ratio|recent_inflection_point
77,MERCEDES-BENZ,SL,R129,ROADSTER,0.4680690414450399,1.0,3269,0.2497815655126587,0.4419642857142857,0.3507721104351895,1.0,-0.0024507903356374428,2025,2026,rarity|conservation|sorn_ratio|recent_inflection_point
78,PORSCHE,968,968,COUPE,0.46774803737782544,1.0,452,0.43321040772771996,0.7589285714285714,0.6319612590799032,0.0,-0.03302460162309565,2017,2026,rarity|conservation|sorn_ratio|recent_inflection_point
79,MERCEDES-BENZ,C63 AMG,W204,SPORTIVE,0.46507307537121206,1.0,3476,0.2440894487957975,0.53125,0.23414634146341465,1.0,-0.009653749613954155,2025,2026,rarity|conservation|sorn_ratio|recent_inflection_point
80,FORD,FOCUS ST,MK2,GTI,0.4618972177633698,1.0,10641,0.14036431880948508,0.8035714285714285,0.05938424518596446,1.0,-0.036129526002166554,2023,2026,rarity|conservation|sorn_ratio|recent_inflection_point
81,ASTON MARTIN,V8 VANTAGE,VH,SPORTIVE,0.4616944395863586,1.0,4052,0.22987462263188757,0.5133928571428571,0.2644505368974183,1.0,-0.007259420595989788,2025,2026,rarity|conservation|sorn_ratio|recent_inflection_point
82,AUDI,RS4,B7,SPORTIVE,0.45803946597491446,1.0,1499,0.3220649857574797,0.4196428571428571,0.20203003337041156,1.0,-0.0001409885924960469,2022,2026,rarity|conservation|sorn_ratio|recent_inflection_point
83,MG,RV8,RV8,ROADSTER,0.45600958570911354,1.0,294,0.4730845071398083,0.6875,0.5927750410509032,0.0,-0.023488309795021735,2017,2026,rarity|conservation|sorn_ratio|recent_inflection_point
84,ALFA ROMEO,GTV,916,COUPE,0.4529579047204225,1.0,893,0.3700848613724674,0.7678571428571428,0.657319587628866,0.0,-0.03365543425306847,2020,2026,rarity|conservation|sorn_ratio|recent_inflection_point
85,VOLVO,S60 R,P2,SPORTIVE,0.4529045224926571,1.0,730,0.3887694987373188,0.9107142857142857,0.4457831325301205,0.0,-0.05355687115664721,2020,2026,rarity|conservation|sorn_ratio|recent_inflection_point
86,RENAULT,CLIO WILLIAMS,MK1,GTI,0.4484831632405058,1.0,142,0.5405532844648407,0.33928571428571425,0.8723404255319149,0.0,0.005825674616390511,,2026,rarity|conservation|sorn_ratio|recent_inflection_point
87,MERCEDES-BENZ,190E 2.5-16,W201,SPORTIVE,0.44512778266052966,1.0,89,0.5838657779346945,0.25,0.8913738019169329,0.0,0.01723822215589843,,2026,rarity|conservation|sorn_ratio|recent_inflection_point
88,PEUGEOT,208 GTI,MK1,GTI,0.4447485820665662,1.0,4953,0.21126036757262043,0.625,0.07278726708074534,1.0,-0.016627988861577972,2025,2025,rarity|conservation|sorn_ratio|recent_inflection_point
89,MASERATI,3200 GT,338,COUPE,0.44427238829187354,1.0,326,0.46350609815370414,0.5669642857142857,0.7015209125475285,0.0,-0.012712644335319392,2019,2026,rarity|conservation|sorn_ratio|recent_inflection_point
90,PORSCHE,911,991,SPORTIVE,0.4412467023976364,1.0,15449,0.10579986962139737,0.6026785714285714,0.26773552586502225,1.0,-0.015693025067788913,2023,2026,rarity|conservation|sorn_ratio|recent_inflection_point
91,FERRARI,612,612,COUPE,0.44071188834799857,1.0,214,0.502529037618287,0.6830357142857143,0.4703389830508475,0.0,-0.022576116566460414,2021,2026,rarity|conservation|sorn_ratio|recent_inflection_point
92,PEUGEOT,106 RALLYE,S1,GTI,0.4376856313331309,1.0,257,0.4855541261171791,0.36160714285714285,0.8866995073891626,0.0,0.004558245966477262,,2026,rarity|conservation|sorn_ratio|recent_inflection_point
93,ASTON MARTIN,DB7,DB7,COUPE,0.43585541650934684,1.0,1357,0.3312914945086267,0.8616071428571428,0.522508038585209,0.0,-0.0402320525966012,2017,2026,rarity|conservation|sorn_ratio|recent_inflection_point
94,SUZUKI,CAPPUCCINO,EA11R,ROADSTER,0.4336101403992192,1.0,181,0.5180557434765655,0.375,0.7927031509121062,0.0,0.002552323287001869,,2026,rarity|conservation|sorn_ratio|recent_inflection_point
95,PORSCHE,CARRERA GT,980,SUPERCAR,0.43190932651924885,1.0,48,0.641107211981907,0.28125,0.686046511627907,0.0,0.012053778920868716,,2026,rarity|conservation|sorn_ratio|recent_inflection_point
96,MASERATI,4200,M138,COUPE,0.42999556620235174,1.0,779,0.38274655845178823,0.7276785714285714,0.5705731394354149,0.0,-0.028214952781783126,2019,2026,rarity|conservation|sorn_ratio|recent_inflection_point
97,BMW,Z4,E89,ROADSTER,0.42912039053138745,1.0,15036,0.10831198411254964,0.6205357142857143,0.18038633760283246,1.0,-0.01614671369318469,2022,2026,rarity|conservation|sorn_ratio|recent_inflection_point
98,BMW,1M,E82,SPORTIVE,0.42886439663364684,1.0,221,0.49954506194225534,0.7142857142857142,0.3772609819121447,0.0,-0.027058418690936094,2021,2026,rarity|conservation|sorn_ratio|recent_inflection_point
99,RENAULT,SPIDER,SPIDER,ROADSTER,0.42850113257531897,1.0,16,0.7429577813840282,0.008928571428571428,0.8311688311688312,0.0,0.11823851345693191,,2026,rarity|conservation|sorn_ratio|recent_inflection_point
100,CITROEN,XSARA VTS,N0,GTI,0.4265142325218608,1.0,61,0.6188875291810635,0.17410714285714285,0.8318840579710145,0.0,0.032959969947175594,,2025,rarity|conservation|sorn_ratio|recent_inflection_point
101,MITSUBISHI,ECLIPSE,1G_2G,COUPE,0.42476887535971364,1.0,231,0.4954422515946467,0.37053571428571425,0.7936507936507936,0.0,0.00422309029205703,,2026,rarity|conservation|sorn_ratio|recent_inflection_point
102,BMW,Z3 M,E36_7,ROADSTER,0.42415778793543313,1.0,683,0.39493921149091044,0.6517857142857143,0.6149131767109295,0.0,-0.01901228802019099,2020,2026,rarity|conservation|sorn_ratio|recent_inflection_point
103,TVR,GRIFFITH,GRIFFITH,ROADSTER,0.423311264658416,1.0,508,0.42238213641816774,0.6428571428571428,0.5738161559888579,0.0,-0.018029489667627782,2017,2026,rarity|conservation|sorn_ratio|recent_inflection_point
104,ALFA ROMEO,8C,8C,SUPERCAR,0.4224706898700623,1.0,40,0.6580099487938701,0.2232142857142857,0.6818181818181818,0.0,0.02366160789887746,,2026,rarity|conservation|sorn_ratio|recent_inflection_point
105,NISSAN,300ZX,Z32,SPORTIVE,0.41888025846151905,1.0,515,0.421113380184839,0.41294642857142855,0.8412698412698413,0.0,0.0,,2026,rarity|conservation|sorn_ratio|recent_inflection_point
106,LEXUS,IS-F,XE20,SPORTIVE,0.4163602814578526,1.0,239,0.49228591667183424,0.8080357142857142,0.21025641025641026,0.0,-0.03620157871279651,2021,2026,rarity|conservation|sorn_ratio|recent_inflection_point
107,VOLVO,850 R,854,SPORTIVE,0.4162234724279308,1.0,778,0.3828656443814883,0.6071428571428571,0.6521739130434783,0.0,-0.015887362783974478,2017,2026,rarity|conservation|sorn_ratio|recent_inflection_point
108,TVR,TUSCAN,TUSCAN,SPORTIVE,0.4104876069427804,1.0,601,0.4067966067938115,0.6696428571428571,0.5034904013961605,0.0,-0.02085626068161236,2017,2026,rarity|conservation|sorn_ratio|recent_inflection_point
109,FIAT,PUNTO GT,176,GTI,0.4020934452619795,1.0,89,0.5838657779346945,0.08928571428571427,0.8770949720670391,0.0,0.04886250905178269,,2026,rarity|conservation|sorn_ratio|recent_inflection_point
110,MITSUBISHI,LANCER EVOLUTION,V_VI,SPORTIVE,0.4019196743336848,1.0,38,0.6627652672021652,0.17857142857142855,0.6265448683503493,0.0,0.0314665980521102,,2026,rarity|conservation|sorn_ratio|recent_inflection_point
111,NISSAN,SKYLINE GT-R,R34,SPORTIVE,0.3964401218313369,1.0,24,0.7053677666359,0.0,0.7478070175438597,0.0,0.1315014622022228,,2026,rarity|conservation|sorn_ratio|recent_inflection_point
112,MAZDA,RX-7,FD,SPORTIVE,0.3873278820283145,1.0,115,0.560105012447924,0.13839285714285712,0.7834645669291339,0.0,0.03633286452582778,,2026,rarity|conservation|sorn_ratio|recent_inflection_point
113,OPEL,CALIBRA,A,COUPE,0.3872077619197116,1.0,966,0.36280009123392215,0.3526785714285714,0.8602904356534802,0.0,0.0053935948112461,,2026,rarity|conservation|sorn_ratio|recent_inflection_point
114,FERRARI,599,599,SUPERCAR,0.38353742991393636,1.0,354,0.45586697076043753,0.4821428571428571,0.5172413793103449,0.0,-0.004619654533894714,2021,2026,rarity|conservation|sorn_ratio|recent_inflection_point
115,FORD,SIERRA COSWORTH,MK2,SPORTIVE,0.38231707442688356,1.0,823,0.3776526819672133,0.33035714285714285,0.8377467501203659,0.0,0.005966574645276168,,2026,rarity|conservation|sorn_ratio|recent_inflection_point
116,CITROEN,SAXO VTS,S0,GTI,0.38156636134403876,1.0,510,0.42201785939340203,0.21875,0.8958630527817404,0.0,0.02388950576683424,,2025,rarity|conservation|sorn_ratio|recent_inflection_point
117,LOTUS,ELISE,S1,SPORTIVE,0.3806453866588714,1.0,1402,0.3282670311101808,0.6473214285714285,0.5196078431372549,0.0,-0.018303101080029936,2017,2026,rarity|conservation|sorn_ratio|recent_inflection_point
118,VOLKSWAGEN,GOLF GTI,MK6,GTI,0.3791377831808718,1.0,5039,0.2096644672792311,0.9776785714285714,0.3066778838799904,0.0,-0.08757739208241722,2017,2026,rarity|conservation|sorn_ratio|recent_inflection_point
119,PEUGEOT,306 S16,MK1,GTI,0.3778782384360384,1.0,120,0.5561593793917489,0.017857142857142856,0.8937908496732027,0.0,0.11014435814424067,,2026,rarity|conservation|sorn_ratio|recent_inflection_point
120,TVR,CHIMAERA,CHIMAERA,ROADSTER,0.3759570851761037,1.0,1682,0.3113863388550982,0.6116071428571428,0.5703504043126685,0.0,-0.015960205596575815,2017,2026,rarity|conservation|sorn_ratio|recent_inflection_point
121,LOTUS,ELISE,S2,SPORTIVE,0.3740207961292267,1.0,1842,0.302962078576502,0.65625,0.5196078431372549,0.0,-0.019179918605572194,2021,2026,rarity|conservation|sorn_ratio|recent_inflection_point
122,HONDA,CIVIC TYPE R,FN2,GTI,0.366609339739419,1.0,1978,0.29635806220151234,0.9598214285714285,0.1146433041301627,0.0,-0.06902719116248762,2019,2026,rarity|conservation|sorn_ratio|recent_inflection_point
123,FORD,FIESTA ST,MK7,GTI,0.3630097953699934,1.0,36784,0.025373614037799565,0.5714285714285714,0.056359437998103494,1.0,-0.012730531663667957,2025,2026,rarity|conservation|sorn_ratio|recent_inflection_point
124,BMW,135I,E82,SPORTIVE,0.36050213703628864,1.0,965,0.36289611235439,0.7410714285714285,0.2411032028469751,0.0,-0.030144003911283253,2020,2026,rarity|conservation|sorn_ratio|recent_inflection_point
125,JAGUAR,XK,X100,COUPE,0.35652775875650405,1.0,7428,0.17368907233662528,0.8705357142857142,0.3905132743362832,0.0,-0.04200648778527741,2017,2026,rarity|conservation|sorn_ratio|recent_inflection_point
126,LEXUS,SC430,Z40,ROADSTER,0.3553347980250421,1.0,1680,0.3114966403357171,0.7455357142857142,0.2996352266805628,0.0,-0.030223304131465525,2020,2026,rarity|conservation|sorn_ratio|recent_inflection_point
127,MERCEDES-BENZ,SLR MCLAREN,C199,SUPERCAR,0.35489347657461984,1.0,48,0.641107211981907,0.026785714285714284,0.6190476190476191,0.0,0.09804279167028071,,2026,rarity|conservation|sorn_ratio|recent_inflection_point
128,HONDA,CRX,ED9_EE8,COUPE,0.3535257688614183,1.0,685,0.39466813415296853,0.19642857142857142,0.8314238952536824,0.0,0.02941879988342619,,2026,rarity|conservation|sorn_ratio|recent_inflection_point
129,MITSUBISHI,LANCER EVOLUTION,VII_IX,SPORTIVE,0.3533629640390339,1.0,528,0.41880221738071366,0.32589285714285715,0.6265448683503493,0.0,0.005981748810323165,,2026,rarity|conservation|sorn_ratio|recent_inflection_point
130,VOLKSWAGEN,GOLF R,MK6,SPORTIVE,0.3528753561180421,1.0,999,0.3596859290742097,0.8482142857142857,0.07465854756748644,0.0,-0.03920371780905764,2017,2026,rarity|conservation|sorn_ratio|recent_inflection_point
131,PEUGEOT,406 COUPE,MK1,COUPE,0.3511485310596524,1.0,305,0.4696791419369124,0.13392857142857142,0.7663934426229508,0.0,0.036785896445985206,,2026,rarity|conservation|sorn_ratio|recent_inflection_point
132,AUDI,S3,8L,GTI,0.3451179936175729,1.0,1061,0.3541037385136442,0.8169642857142857,0.08470306854612997,0.0,-0.03667958325079229,2021,2026,rarity|conservation|sorn_ratio|recent_inflection_point
133,LOTUS,EXIGE,S1,SPORTIVE,0.3373821432532145,1.0,41,0.6557207365956301,0.08482142857142856,0.43337264150943394,0.0,0.05167480532425521,,2026,rarity|conservation|sorn_ratio|recent_inflection_point
134,MERCEDES-BENZ,CL,C140,COUPE,0.3371276171127223,1.0,97,0.5758859400930442,0.16517857142857142,0.47136447611506993,0.0,0.03314651292092134,,2026,rarity|conservation|sorn_ratio|recent_inflection_point
135,MITSUBISHI,LANCER EVOLUTION,X,SPORTIVE,0.33435612657496216,1.0,586,0.4091398246262229,0.26339285714285715,0.6265448683503493,0.0,0.016053859471123033,,2026,rarity|conservation|sorn_ratio|recent_inflection_point
136,PORSCHE,CAYMAN,987,COUPE,0.3325636635272151,1.0,5286,0.20522798485964047,0.9196428571428571,0.15411577270313329,0.0,-0.05527017801690626,2019,2026,rarity|conservation|sorn_ratio|recent_inflection_point
137,MERCEDES-BENZ,E55 AMG,W211,SPORTIVE,0.3320165882789668,1.0,458,0.4319878618772148,0.2857142857142857,0.5469613259668509,0.0,0.012015870964075706,,2026,rarity|conservation|sorn_ratio|recent_inflection_point
138,SAAB,900 TURBO,CLASSIC,COUPE,0.3306695467170777,1.0,1056,0.3545416627267207,0.24553571428571427,0.7259801809564843,0.0,0.018212579881223462,,2026,rarity|conservation|sorn_ratio|recent_inflection_point
139,MAZDA,MX-3,EC,COUPE,0.3301852517164459,1.0,336,0.4607050275798682,0.04464285714285714,0.7888888888888889,0.0,0.07771331674443009,,2026,rarity|conservation|sorn_ratio|recent_inflection_point
140,VOLKSWAGEN,SCIROCCO,MK3,COUPE,0.3285772605462023,1.0,48364,0.0,0.43303571428571425,0.10159165987386846,1.0,-0.00211419841772139,2022,2026,rarity|conservation|sorn_ratio|recent_inflection_point
141,PEUGEOT,206 GTI,MK1,GTI,0.3261126537642296,1.0,650,0.399530362106293,0.125,0.7751351351351351,0.0,0.04315365508279595,,2026,rarity|conservation|sorn_ratio|recent_inflection_point
142,PORSCHE,911,993,SPORTIVE,0.3237141823563665,1.0,3414,0.24575797562593246,0.7366071428571428,0.26773552586502225,0.0,-0.028932932631000018,2017,2026,rarity|conservation|sorn_ratio|recent_inflection_point
143,VOLKSWAGEN,GOLF GTI,MK5,GTI,0.32146445891902853,1.0,10261,0.1437355816331483,0.8392857142857142,0.3066778838799904,0.0,-0.03892011104061602,2021,2026,rarity|conservation|sorn_ratio|recent_inflection_point
144,PORSCHE,911,996,SPORTIVE,0.32094667413229216,1.0,10081,0.1453763194755159,0.8660714285714285,0.26773552586502225,0.0,-0.04155883819815006,2017,2026,rarity|conservation|sorn_ratio|recent_inflection_point
145,PORSCHE,BOXSTER,987,ROADSTER,0.3193087659552961,1.0,9786,0.14812972798411655,0.84375,0.2826293058042768,0.0,-0.0389417791059774,2021,2026,rarity|conservation|sorn_ratio|recent_inflection_point
146,PORSCHE,911,964,SPORTIVE,0.3177871540112278,1.0,3334,0.2479562619867608,0.7098214285714285,0.26773552586502225,0.0,-0.026487121247228632,2017,2026,rarity|conservation|sorn_ratio|recent_inflection_point
147,TOYOTA,CELICA,T200,COUPE,0.31690864304602606,1.0,1217,0.3413862848169151,0.3169642857142857,0.5909118596576719,0.0,0.007720398101453821,,2026,rarity|conservation|sorn_ratio|recent_inflection_point
148,VOLVO,480,480,COUPE,0.3167534671049934,1.0,876,0.3718667619253557,0.07589285714285714,0.8381344307270233,0.0,0.05470418227315281,,2026,rarity|conservation|sorn_ratio|recent_inflection_point
149,SUBARU,IMPREZA WRX,GC8,SPORTIVE,0.3113231661590796,1.0,1158,0.34599337554242704,0.30357142857142855,0.571663137881865,0.0,0.009004540135415962,,2026,rarity|conservation|sorn_ratio|recent_inflection_point
150,MASERATI,QUATTROPORTE,M139,PREMIUM,0.31042264501888495,1.0,1048,0.3552466728430727,0.4776785714285714,0.3333333333333333,0.0,-0.0042344500494406745,2021,2026,rarity|conservation|sorn_ratio|recent_inflection_point
151,CITROEN,DS3 RACING,A55,GTI,0.3080159742330057,1.0,171,0.5233246830519157,0.2901785714285714,0.26153846153846155,0.0,0.01160911300609676,,2026,rarity|conservation|sorn_ratio|recent_inflection_point
152,TOYOTA,MR2,SW20,SPORTIVE,0.30493574416073177,1.0,2062,0.292502306402521,0.27678571428571425,0.6668175417421042,0.0,0.01278354000088288,,2026,rarity|conservation|sorn_ratio|recent_inflection_point
153,FERRARI,360,360,SUPERCAR,0.30297084073749825,1.0,707,0.391737452712746,0.22767857142857142,0.5447154471544715,0.0,0.023548828578792896,,2026,rarity|conservation|sorn_ratio|recent_inflection_point
154,SEAT,IBIZA CUPRA,6L,GTI,0.3027451441750239,1.0,152,0.5342441578941792,0.09821428571428571,0.45603058741744873,0.0,0.04630382636425656,,2025,rarity|conservation|sorn_ratio|recent_inflection_point
155,TOYOTA,GT86,ZN6,COUPE,0.30100193270056064,1.0,8180,0.16474869235681516,0.9241071428571428,0.06156552330694811,0.0,-0.055985002351200144,2021,2026,rarity|conservation|sorn_ratio|recent_inflection_point
156,FIAT,BARCHETTA,183,ROADSTER,0.2957776787376649,1.0,1543,0.3193828993792036,0.15625,0.7246558197747184,0.0,0.0341703982644872,,2026,rarity|conservation|sorn_ratio|recent_inflection_point
157,PORSCHE,911,997,SPORTIVE,0.2930203639096128,1.0,15777,0.10385216781888092,0.8125,0.26773552586502225,0.0,-0.03628665251478092,2017,2026,rarity|conservation|sorn_ratio|recent_inflection_point
158,MERCEDES-BENZ,E55 AMG,W210,SPORTIVE,0.2925529705169923,1.0,177,0.5201275254144305,0.004464285714285714,0.5469613259668509,0.0,0.11842789115112926,,2026,rarity|conservation|sorn_ratio|recent_inflection_point
159,MERCEDES-BENZ,C55 AMG,W203,SPORTIVE,0.291916131801871,1.0,152,0.5342441578941792,0.12053571428571427,0.37398373983739835,0.0,0.04318641035354576,,2026,rarity|conservation|sorn_ratio|recent_inflection_point
160,SUBARU,IMPREZA WRX,GR,SPORTIVE,0.2902516174500993,1.0,1005,0.3591307873943202,0.20089285714285712,0.571663137881865,0.0,0.028526105720723414,,2026,rarity|conservation|sorn_ratio|recent_inflection_point
161,LEXUS,LS400,XF10_XF20,PREMIUM,0.2884884496052007,1.0,829,0.37697925249139863,0.10267857142857142,0.6543803418803419,0.0,0.045529313702357285,,2026,rarity|conservation|sorn_ratio|recent_inflection_point
162,MERCEDES-BENZ,CL,C215,COUPE,0.2884284065843403,1.0,1221,0.3410820732772588,0.29910714285714285,0.47136447611506993,0.0,0.011397199216975032,,2026,rarity|conservation|sorn_ratio|recent_inflection_point
163,AUDI,RS6,C6,SPORTIVE,0.28787948924079687,1.0,352,0.45639223212884195,0.39285714285714285,0.14963961140708243,0.0,0.00130825438077245,,2026,rarity|conservation|sorn_ratio|recent_inflection_point
164,ALFA ROMEO,156,932,PREMIUM,0.28734864224748036,1.0,2323,0.2814530368068599,0.11607142857142856,0.7991111111111111,0.0,0.043249532992534284,,2026,rarity|conservation|sorn_ratio|recent_inflection_point
165,ALFA ROMEO,SPIDER,916,ROADSTER,0.28101297500207767,1.0,1350,0.33177096265134126,0.20535714285714285,0.5677692617991126,0.0,0.027113378523567835,,2026,rarity|conservation|sorn_ratio|recent_inflection_point
166,TOYOTA,MR2,ZZW30,ROADSTER,0.2797312941857991,1.0,5145,0.20773449014761142,0.29464285714285715,0.6668175417421042,0.0,0.011500734649792108,,2026,rarity|conservation|sorn_ratio|recent_inflection_point
167,BMW,M5,E60,SPORTIVE,0.2744789852708742,1.0,825,0.3774276615083833,0.3571428571428571,0.2654679472861291,0.0,0.00497999176667506,,2026,rarity|conservation|sorn_ratio|recent_inflection_point
168,BMW,M5,E34,SPORTIVE,0.26798083043447424,1.0,152,0.5342441578941792,0.11160714285714285,0.2654679472861291,0.0,0.04491474968324397,,2026,rarity|conservation|sorn_ratio|recent_inflection_point
169,AUDI,RS4,B5,SPORTIVE,0.2671955086736778,1.0,134,0.5459291893865995,0.14285714285714285,0.20203003337041156,0.0,0.03599301742757073,,2026,rarity|conservation|sorn_ratio|recent_inflection_point
170,AUDI,TT,8J,COUPE,0.2666275639391028,1.0,46045,0.004555370691556631,0.9285714285714285,0.1644516352710043,0.0,-0.05675412602400461,2017,2026,rarity|conservation|sorn_ratio|recent_inflection_point
171,JAGUAR,F-TYPE,X152,SPORTIVE,0.26622268769228763,1.0,16055,0.10223281710918317,0.8526785714285714,0.08635779423465328,0.0,-0.03961125824913703,2021,2026,rarity|conservation|sorn_ratio|recent_inflection_point
172,MINI,COOPER S,R56,GTI,0.26570093613955725,1.0,32660,0.0363977422587717,0.9330357142857142,0.09851398888779302,0.0,-0.05758857164314331,2017,2026,rarity|conservation|sorn_ratio|recent_inflection_point
173,MAZDA,MX-5,NC,ROADSTER,0.2648041399575008,1.0,41005,0.015302605690096387,0.7901785714285714,0.309517925544121,0.0,-0.03569120424978323,2020,2026,rarity|conservation|sorn_ratio|recent_inflection_point
174,AUDI,RS6,C5,SPORTIVE,0.2631408387697297,1.0,288,0.47499608792579284,0.26785714285714285,0.14963961140708243,0.0,0.014384435839642773,,2026,rarity|conservation|sorn_ratio|recent_inflection_point
175,MAZDA,RX-8,SE3P,COUPE,0.26266933608804666,1.0,2433,0.27716382688978825,0.05803571428571428,0.7557653405259609,0.0,0.06338267770118833,,2026,rarity|conservation|sorn_ratio|recent_inflection_point
176,VOLKSWAGEN,POLO GTI,6R,GTI,0.2616795214377166,1.0,1108,0.35008531878220306,0.5,0.0707482993197279,0.0,-0.00635258315889671,2019,2026,rarity|conservation|sorn_ratio|recent_inflection_point
177,SUBARU,IMPREZA WRX,GD,SPORTIVE,0.2611591087574344,1.0,5821,0.196289946231604,0.3125,0.571663137881865,0.0,0.00811691305486291,,2026,rarity|conservation|sorn_ratio|recent_inflection_point
178,JAGUAR,XJ,X300_X308,PREMIUM,0.2605525401933883,1.0,3608,0.24063407803245798,0.3883928571428571,0.39616199298156873,0.0,0.0016189264414143978,,2026,rarity|conservation|sorn_ratio|recent_inflection_point
179,FERRARI,CALIFORNIA,F149,ROADSTER,0.25780563754615393,1.0,1403,0.32820092887313856,0.3794642857142857,0.2403462050599201,0.0,0.002482000579002726,,2026,rarity|conservation|sorn_ratio|recent_inflection_point
180,SMART,ROADSTER,452,ROADSTER,0.25732808118037853,1.0,3011,0.257403295850998,0.23214285714285712,0.5460060667340748,0.0,0.020778177670731725,,2026,rarity|conservation|sorn_ratio|recent_inflection_point
181,ABARTH,500,312,GTI,0.25722139361331736,1.0,23561,0.06667243297249809,0.8928571428571428,0.05335878179328658,0.0,-0.04723290506085649,2017,2026,rarity|conservation|sorn_ratio|recent_inflection_point
182,VOLKSWAGEN,PHAETON,3D,PREMIUM,0.2555171947408344,1.0,959,0.3634743369950808,0.1607142857142857,0.44061302681992337,0.0,0.033577484730791696,,2026,rarity|conservation|sorn_ratio|recent_inflection_point
183,MASERATI,GHIBLI,II,COUPE,0.2527262765735195,1.0,54,0.6301877371396435,0.040178571428571425,0.11057962858750703,0.0,0.08507696934916072,,2026,rarity|conservation|sorn_ratio|recent_inflection_point
184,VOLKSWAGEN,GOLF R,MK4,SPORTIVE,0.24843766957810723,1.0,698,0.3929251920213346,0.3839285714285714,0.07465854756748644,0.0,0.002368885472856963,,2026,rarity|conservation|sorn_ratio|recent_inflection_point
185,VOLKSWAGEN,GOLF GTI,MK2,GTI,0.24760931479744586,1.0,3554,0.24203210863270797,0.40625,0.3066778838799904,0.0,0.00029330827926161984,,2026,rarity|conservation|sorn_ratio|recent_inflection_point
186,ALFA ROMEO,BRERA,939,COUPE,0.2445572430124442,1.0,1849,0.30261043432686036,0.24107142857142855,0.39187866927592957,0.0,0.018533435860695377,,2026,rarity|conservation|sorn_ratio|recent_inflection_point
187,BMW,M3,E36,SPORTIVE,0.24370141546901253,1.0,860,0.37357572061129324,0.16964285714285712,0.35269599484672803,0.0,0.03309135653380816,,2026,rarity|conservation|sorn_ratio|recent_inflection_point
188,AUDI,R8,42,SUPERCAR,0.2435168149916062,1.0,1881,0.3010196884507224,0.3482142857142857,0.25553176302640973,0.0,0.0055112249212485595,,2026,rarity|conservation|sorn_ratio|recent_inflection_point
189,BMW,M5,E39,SPORTIVE,0.24344680753721637,1.0,690,0.3939938883918099,0.20982142857142855,0.2654679472861291,0.0,0.024909009519208755,,2026,rarity|conservation|sorn_ratio|recent_inflection_point
190,SUBARU,BRZ,ZC6,COUPE,0.24134557847609575,1.0,954,0.363958961117582,0.40178571428571425,0.06756756756756757,0.0,0.0005126112595463077,,2026,rarity|conservation|sorn_ratio|recent_inflection_point
191,MG,MGF,MGF,ROADSTER,0.239827475303231,1.0,4539,0.21935257922624055,0.049107142857142856,0.7538864342988054,0.0,0.07508172762273223,,2026,rarity|conservation|sorn_ratio|recent_inflection_point
192,VOLKSWAGEN,POLO GTI,6N,GTI,0.2384315548565056,1.0,251,0.4877441897746613,0.21428571428571427,0.0707482993197279,0.0,0.02449169174770946,,2025,rarity|conservation|sorn_ratio|recent_inflection_point
193,TOYOTA,CELICA,T230,COUPE,0.23220104099513683,1.0,6321,0.18865027895723147,0.1919642857142857,0.5909118596576719,0.0,0.02984385692693763,,2026,rarity|conservation|sorn_ratio|recent_inflection_point
194,VOLKSWAGEN,GOLF R,MK5,SPORTIVE,0.23025261944073197,1.0,2791,0.26443729366965013,0.49107142857142855,0.07465854756748644,0.0,-0.0058126262676909055,2017,2026,rarity|conservation|sorn_ratio|recent_inflection_point
195,NISSAN,350Z,Z33,SPORTIVE,0.2291778697030113,1.0,4072,0.22941815502570234,0.23660714285714285,0.4486486486486487,0.0,0.02019693036100205,,2026,rarity|conservation|sorn_ratio|recent_inflection_point
196,AUDI,S4,B5,SPORTIVE,0.2291268287262363,1.0,289,0.4746747413873345,0.10714285714285714,0.18102477477477477,0.0,0.04526995034271335,,2026,rarity|conservation|sorn_ratio|recent_inflection_point
197,MINI,COOPER S,R53,GTI,0.22883632488340103,1.0,16433,0.10007538356771306,0.6964285714285714,0.09851398888779302,0.0,-0.023927464189193032,2019,2026,rarity|conservation|sorn_ratio|recent_inflection_point
198,MERCEDES-BENZ,SL,R230,ROADSTER,0.21948540888827445,1.0,8142,0.1651803704525125,0.36607142857142855,0.3507721104351895,0.0,0.004267661558953265,,2026,rarity|conservation|sorn_ratio|recent_inflection_point
199,MERCEDES-BENZ,SLK,R171,ROADSTER,0.21900337405421347,1.0,21863,0.07360675050209507,0.6160714285714285,0.19611577117811532,0.0,-0.01600018396001642,2017,2026,rarity|conservation|sorn_ratio|recent_inflection_point
200,MG,TF,TF,ROADSTER,0.21789386013660372,1.0,6863,0.181023416079391,0.15178571428571427,0.5829461796869416,0.0,0.034727787460264864,,2026,rarity|conservation|sorn_ratio|recent_inflection_point
201,PORSCHE,BOXSTER,986,ROADSTER,0.21665407886131094,1.0,10121,0.1450091934298731,0.4375,0.2826293058042768,0.0,-0.0023501195617782605,2017,2026,rarity|conservation|sorn_ratio|recent_inflection_point
202,VOLKSWAGEN,GOLF GTI,MK7,GTI,0.21626930368616656,1.0,27118,0.05363717892701209,0.5446428571428571,0.3066778838799904,0.0,-0.010326039015863781,2021,2026,rarity|conservation|sorn_ratio|recent_inflection_point
203,BMW,Z3,E36_7,ROADSTER,0.21546959674161217,1.0,9129,0.15457264851624153,0.1875,0.5724708488046382,0.0,0.03040543456925185,,2026,rarity|conservation|sorn_ratio|recent_inflection_point
204,MERCEDES-BENZ,S-CLASS,W221,PREMIUM,0.21515291133747624,1.0,8165,0.16491885156675762,0.41294642857142855,0.2709735307312696,0.0,0.0,,2026,rarity|conservation|sorn_ratio|recent_inflection_point
205,VOLKSWAGEN,GOLF GTI,MK3,GTI,0.21383313516559901,1.0,1193,0.3432328198886557,0.1294642857142857,0.3066778838799904,0.0,0.0406710295344858,,2026,rarity|conservation|sorn_ratio|recent_inflection_point
206,SKODA,OCTAVIA VRS,1U,GTI,0.2135021502748819,1.0,793,0.3810952204296516,0.2589285714285714,0.0769334013368051,0.0,0.016345647343874503,,2025,rarity|conservation|sorn_ratio|recent_inflection_point
207,MERCEDES-BENZ,S-CLASS,W140,PREMIUM,0.20836675370541097,1.0,700,0.3926599318016732,0.06696428571428571,0.2709735307312696,0.0,0.05801901564802048,,2026,rarity|conservation|sorn_ratio|recent_inflection_point
208,SEAT,LEON CUPRA,1M,GTI,0.20496188654587705,1.0,1427,0.3266284521610768,0.18303571428571427,0.22441499859035804,0.0,0.030595320150676283,,2026,rarity|conservation|sorn_ratio|recent_inflection_point
209,MAZDA,MX-5,NA,ROADSTER,0.20490419771534363,1.0,6328,0.18854766867168818,0.30803571428571425,0.309517925544121,0.0,0.008192630387739548,,2026,rarity|conservation|sorn_ratio|recent_inflection_point
210,CITROEN,C2 VTS,A6,GTI,0.20192813860992342,1.0,1786,0.30582430671847444,0.03125,0.43538565629228687,0.0,0.09482863389583462,,2025,rarity|conservation|sorn_ratio|recent_inflection_point
211,SUZUKI,SWIFT SPORT,ZC31,GTI,0.20159402660886372,1.0,2175,0.2875561028641222,0.34375,0.07505945303210464,0.0,0.005515199518713654,,2026,rarity|conservation|sorn_ratio|recent_inflection_point
212,ALFA ROMEO,GT,937,COUPE,0.19599703448388905,1.0,3167,0.25272036195421094,0.013392857142857142,0.5209834675710047,0.0,0.11651030638507513,,2026,rarity|conservation|sorn_ratio|recent_inflection_point
213,BMW,6 SERIES,E63,COUPE,0.1875804724246808,1.0,7024,0.1788736762445557,0.33482142857142855,0.2063466429811458,0.0,0.005834828612772583,,2026,rarity|conservation|sorn_ratio|recent_inflection_point
214,BMW,Z4,E85,ROADSTER,0.18099405301431296,1.0,11868,0.13024693814539806,0.39732142857142855,0.18038633760283246,0.0,0.0005207526738111312,,2026,rarity|conservation|sorn_ratio|recent_inflection_point
215,VOLVO,C70,I,COUPE,0.17727232992711672,1.0,3193,0.25196236465876415,0.07142857142857142,0.35614179719703215,0.0,0.0564493748563158,,2026,rarity|conservation|sorn_ratio|recent_inflection_point
216,FORD,FIESTA ST,MK6,GTI,0.16674414870424462,1.0,4777,0.2146146235642316,0.3214285714285714,0.056359437998103494,0.0,0.0075911996086373,,2026,rarity|conservation|sorn_ratio|recent_inflection_point
217,MERCEDES-BENZ,S-CLASS,W220,PREMIUM,0.15977106721772294,1.0,3024,0.25700388877562574,0.0625,0.2709735307312696,0.0,0.06293975078068867,,2026,rarity|conservation|sorn_ratio|recent_inflection_point
218,VOLKSWAGEN,GOLF GTI,MK4,GTI,0.15754327662429288,1.0,5135,0.20791485670941373,0.09375,0.3066778838799904,0.0,0.047268765240072064,,2026,rarity|conservation|sorn_ratio|recent_inflection_point
219,MERCEDES-BENZ,CLK,C208,COUPE,0.15455735683173924,1.0,5046,0.20953576945297697,0.02232142857142857,0.3781974019017008,0.0,0.10119269952342527,,2026,rarity|conservation|sorn_ratio|recent_inflection_point
220,MERCEDES-BENZ,CLK,C209,COUPE,0.1423909921158058,1.0,19233,0.08548901312173854,0.14732142857142858,0.3781974019017008,0.0,0.03514535208211515,,2026,rarity|conservation|sorn_ratio|recent_inflection_point
221,PEUGEOT,RCZ,MK1,COUPE,0.13967436892457719,1.0,10957,0.1376512953930271,0.27232142857142855,0.11708029197080291,0.0,0.013474602941192515,,2026,rarity|conservation|sorn_ratio|recent_inflection_point
222,FORD,PUMA,MK1,COUPE,0.13139938236115944,1.0,1492,0.3224989274957015,0.05357142857142857,0.025659502974033938,0.0,0.07463600195051329,,2026,rarity|conservation|sorn_ratio|recent_inflection_point
223,AUDI,TT,8N,COUPE,0.12304072380078743,1.0,21349,0.07581235805147185,0.2544642857142857,0.1644516352710043,0.0,0.016509214407525327,,2026,rarity|conservation|sorn_ratio|recent_inflection_point
224,MAZDA,MX-5,NB,ROADSTER,0.11710625220553218,1.0,16389,0.10032394680692076,0.08035714285714285,0.309517925544121,0.0,0.052815252802648274,,2026,rarity|conservation|sorn_ratio|recent_inflection_point
225,MERCEDES-BENZ,SLK,R170,ROADSTER,0.09654062182008025,1.0,10886,0.13825398901681643,0.03571428571428571,0.19611577117811532,0.0,0.09054942567659861,,2026,rarity|conservation|sorn_ratio|recent_inflection_point
