country,make_raw,make,count
GB,LAND ROVER,LAND ROVER,70876537
GB,HYUNDAI,HYUNDAI,65714365
GB,KIA,KIA,62301648
GB,ROVER,ROVER,44856168
GB,AUSTIN,AUSTIN,10691910
GB,DACIA,DACIA,9896387
GB,OTHER BRITISH,OTHER BRITISH,9496513
GB,JEEP,JEEP,8217402
GB,CHEVROLET,CHEVROLET,7882637
GB,CHRYSLER,CHRYSLER,5829943
GB,DAEWOO,DAEWOO,5044962
GB,TESLA,TESLA,4891142
GB,TRIUMPH,TRIUMPH,4371332
GB,DAIHATSU,DAIHATSU,4351027
GB,MORRIS,MORRIS,3775317
GB,BENTLEY,BENTLEY,2385981
GB,PROTON,PROTON,2261216
GB,DS,DS,2059320
GB,ISUZU,ISUZU,1543116
GB,SSANGYONG,SSANGYONG,1451277
GB,ROLLS ROYCE,ROLLS ROYCE,1341511
GB,CUPRA,CUPRA,1275978
GB,MCC,MCC,961434
GB,DODGE,DODGE,883047
GB,AUSTIN-MORRIS,AUSTIN-MORRIS,689433
GB,MORGAN,MORGAN,667203
GB,LADA,LADA,665499
GB,CHEVROLET GMC,CHEVROLET GMC,595148
GB,POLESTAR,POLESTAR,590628
GB,DATSUN,DATSUN,577776
NL,KIA,KIA,509180
GB,INFINITI,INFINITI,505083
GB,RILEY,RILEY,500439
GB,PERODUA,PERODUA,494023
GB,RELIANT,RELIANT,451868
GB,HILLMAN,HILLMAN,439109
GB,TALBOT,TALBOT,407718
GB,AUSTIN HEALEY,AUSTIN HEALEY,401009
GB,SUNBEAM,SUNBEAM,395705
GB,WOLSELEY,WOLSELEY,374389
NL,HYUNDAI,HYUNDAI,365616
GB,BYD,BYD,322557
GB,LEYLAND CARS,LEYLAND CARS,320026
GB,LAMBORGHINI,LAMBORGHINI,262678
GB,CADILLAC,CADILLAC,254985
GB,WESTFIELD,WESTFIELD,229393
GB,PONTIAC,PONTIAC,223497
GB,HUMBER,HUMBER,208612
GB,SINGER,SINGER,180083
GB,JENSEN,JENSEN,175970
GB,MCLAREN,MCLAREN,169613
GB,MICROCAR,MICROCAR,150031
GB,ZASTAVA,ZASTAVA,146134
GB,JAECOO,JAECOO,134359
NL,TESLA,TESLA,133915
GB,COLT,COLT,129067
GB,OMODA,OMODA,121766
GB,OTHER ITALIAN,OTHER ITALIAN,111098
GB,LINCOLN,LINCOLN,110015
GB,AIXAM,AIXAM,109032
GB,VANDEN PLAS,VANDEN PLAS,105102
GB,OTHER US/AUST/CAN,OTHER US/AUST/CAN,97843
GB,OTHER COUNTRIES,OTHER COUNTRIES,93810
NL,DACIA,DACIA,88139
GB,BUICK,BUICK,85794
GB,AUSTIN MORRIS,AUSTIN MORRIS,76491
GB,GENESIS,GENESIS,56577
GB,BRISTOL (BLMC),BRISTOL (BLMC),56337
NL,LAND ROVER,LAND ROVER,55721
NL,CHEVROLET,CHEVROLET,55608
GB,PANTHER,PANTHER,54184
GB,FSO CARS,FSO CARS,45529
GB,REVA,REVA,40761
GB,OLDSMOBILE,OLDSMOBILE,39866
NL,DAIHATSU,DAIHATSU,39787
GB,GINETTA,GINETTA,38803
NL,LYNK&CO,LYNK&CO,37329
GB,MARCOS,MARCOS,37298
NL,JEEP,JEEP,35145
GB,BOND,BOND,34688
GB,PLYMOUTH,PLYMOUTH,34599
NL,CUPRA,CUPRA,33410
GB,OTHER AGRIC/CONSTRUCTIONAL,OTHER AGRIC/CONSTRUCTIONAL,32640
GB,MERCURY,MERCURY,28446
GB,OTHER GERMAN,OTHER GERMAN,27191
GB,TATA,TATA,26252
GB,CHERY,CHERY,25673
GB,KYMCO,KYMCO,25432
GB,AC (ELECTRIC),AC (ELECTRIC),24421
GB,ORA,ORA,24266
GB,COLEMAN MILNE,COLEMAN MILNE,23316
GB,SECMA,SECMA,23232
GB,OTHER FRENCH,OTHER FRENCH,22627
GB,KGM,KGM,21664
GB,AC,AC,21171
GB,ALPINA,ALPINA,20681
GB,BRISTOL,BRISTOL,20621
GB,NSU,NSU,20153
GB,LEAPMOTOR,LEAPMOTOR,18010
GB,HUMMER,HUMMER,17477
GB,BSA,BSA,17298
NL,POLESTAR,POLESTAR,17133
GB,SIMCA,SIMCA,17092
GB,INEOS,INEOS,16920
NL,BYD,BYD,16787
GB,DAF,DAF,16116
GB,BUGATTI,BUGATTI,15829
GB,IVECO,IVECO,15293
GB,ARIEL,ARIEL,13088
NL,HYMER,HYMER,13012
GB,LDV,LDV,12634
GB,BEDFORD,BEDFORD,11735
GB,CORVETTE,CORVETTE,11555
GB,LIGIER,LIGIER,10196
GB,HOLDEN,HOLDEN,10039
NL,DS,DS,9562
GB,SMC,SMC,9267
NL,CHRYSLER,CHRYSLER,8438
GB,OTHER JAPANESE/ASIAN,OTHER JAPANESE/ASIAN,8418
NL,ADRIA,ADRIA,8319
GB,SAO,SAO,8272
GB,LONDON TAXIS INT,LONDON TAXIS INT,7654
NL,BUERSTNER,BUERSTNER,7518
GB,RENAULT TRUCKS,RENAULT TRUCKS,7266
GB,WARTBURG,WARTBURG,6985
NL,KNAUS,KNAUS,6962
NL,CAPRON,CAPRON,6772
NL,DETHLEFFS,DETHLEFFS,6737
GB,MAYBACH,MAYBACH,6718
GB,OTHER WEST EUROPEAN,OTHER WEST EUROPEAN,6566
NL,TRIUMPH,TRIUMPH,6228
NL,AUTO UNION,AUTO UNION,5920
NL,ROVER,ROVER,5782
NL,TESLA MOTORS,TESLA MOTORS,5260
NL,POESSL,POESSL,5052
GB,CARBODIES,CARBODIES,4955
NL,DODGE,DODGE,4796
GB,ACURA,ACURA,4602
GB,YAMAHA,YAMAHA,4473
NL,LEAPMOTOR,LEAPMOTOR,4215
NL,CHAUSSON,CHAUSSON,4205
GB,DE TOMASO,DE TOMASO,4126
NL,CADILLAC,CADILLAC,4062
NL,XPENG,XPENG,4035
NL,CARTHAGO,CARTHAGO,4022
NL,DAF,DAF,3990
NL,FORD-CNG-TECHNIK,FORD-CNG-TECHNIK,3943
NL,ZEEKR,ZEEKR,3931
GB,XPENG,XPENG,3836
NL,DAEWOO,DAEWOO,3773
NL,MERCEDES-AMG,MERCEDES-AMG,3750
GB,SHINERAY,SHINERAY,3551
GB,STUART TAYLOR,STUART TAYLOR,3424
GB,MGXPOWER,MGXPOWER,3411
NL,ADRIA MOBIL,ADRIA MOBIL,3311
GB,FISKER,FISKER,3292
GB,LEYLAND,LEYLAND,3252
NL,BENTLEY,BENTLEY,3188
GB,FORDSON,FORDSON,2962
GB,STEYR,STEYR,2924
NL,WEINSBERG,WEINSBERG,2921
GB,KAWASAKI,KAWASAKI,2849
GB,ALL WHEEL DRIVE,ALL WHEEL DRIVE,2824
NL,PONTIAC,PONTIAC,2743
NL,JAECOO,JAECOO,2689
NL,AUSTIN,AUSTIN,2677
GB,MAHINDRA,MAHINDRA,2662
NL,JAGUAR CARS,JAGUAR CARS,2626
GB,UMM,UMM,2519
GB,MOKE AUTOMIBILI,MOKE AUTOMIBILI,2335
GB,KTM,KTM,2326
GB,LAMBRETTA,LAMBRETTA,2258
GB,ISUZU TRUCKS,ISUZU TRUCKS,2206
GB,OTHER ELECTRIC,OTHER ELECTRIC,2163
NL,NEKAF,NEKAF,2112
GB,ZENOS,ZENOS,2066
GB,AJS,AJS,1971
GB,THINK,THINK,1965
NL,RAPIDO,RAPIDO,1955
NL,BUICK,BUICK,1950
NL,LMC,LMC,1939
NL,MC LOUIS,MC LOUIS,1930
GB,COMMER,COMMER,1911
GB,OTHER/COMMERCIAL/THORNEYCROFT,OTHER/COMMERCIAL/THORNEYCROFT,1907
GB,GWM,GWM,1906
NL,CHALLENGER,CHALLENGER,1905
NL,MICRO COMPACT CAR SMART,MICRO COMPACT CAR SMART,1837
GB,CHANGAN,CHANGAN,1829
GB,MASSEY FERGUSON,MASSEY FERGUSON,1823
GB,OTHER EAST EUROPEAN,OTHER EAST EUROPEAN,1823
GB,GENERAL MOTORS,GENERAL MOTORS,1821
GB,JIALING,JIALING,1784
GB,MAN,MAN,1670
NL,WESTFALIA,WESTFALIA,1597
GB,LEYLAND DAF,LEYLAND DAF,1580
GB,MOSKVICH,MOSKVICH,1559
GB,FREIGHT ROVER,FREIGHT ROVER,1526
GB,SANTANA,SANTANA,1505
NL,HOBBY,HOBBY,1491
NL,ROLLS ROYCE,ROLLS ROYCE,1468
GB,MOTO ROMA,MOTO ROMA,1456
GB,METROCAB,METROCAB,1445
GB,VOLGA,VOLGA,1444
GB,AEON,AEON,1434
NL,LINCOLN,LINCOLN,1389
GB,REGENT,REGENT,1383
NL,WILLYS,WILLYS,1373
GB,SANYANG,SANYANG,1350
NL,BURSTNER GMBH,BURSTNER GMBH,1348
NL,JAGUAR LAND ROVER,JAGUAR LAND ROVER,1344
GB,PGO,PGO,1313
NL,MORRIS,MORRIS,1279
GB,POLSKI-FIAT,POLSKI-FIAT,1249
NL,DATSUN,DATSUN,1231
NL,QUATTRO,QUATTRO,1209
NL,BENIMAR,BENIMAR,1203
GB,MAXUS,MAXUS,1196
NL,IVECO,IVECO,1194
GB,POLARIS,POLARIS,1192
NL,OLDSMOBILE,OLDSMOBILE,1183
GB,ROYAL ENFIELD,ROYAL ENFIELD,1164
GB,GREAT WALL,GREAT WALL,1155
GB,DENNIS,DENNIS,1123
NL,OMODA,OMODA,1122
GB,PIAGGIO,PIAGGIO,1092
GB,BASHAN,BASHAN,1079
NL,ROLLER TEAM,ROLLER TEAM,1076
GB,DFSK,DFSK,1029
NL,LADA,LADA,999
NL,EURA MOBIL,EURA MOBIL,988
GB,IVECO-FORD,IVECO-FORD,956
NL,TRABANT,TRABANT,951
GB,CLASSIC REPLICAS,CLASSIC REPLICAS,944
GB,DOUGLAS,DOUGLAS,924
GB,NORTON,NORTON,914
NL,PILOTE,PILOTE,910
GB,DAVID BROWN,DAVID BROWN,906
NL,INFINITI,INFINITI,900
NL,NIO,NIO,900
NL,TRIGANO,TRIGANO,870
GB,MAGIRUS DEUTZ,MAGIRUS DEUTZ,867
NL,ALPINA,ALPINA,847
NL,SUN LIVING,SUN LIVING,819
NL,AIWAYS,AIWAYS,817
NL,LAMBORGHINI,LAMBORGHINI,815
NL,DAIMLERCHRYSLER AG,DAIMLERCHRYSLER AG,811
NL,KARMANN MOBIL,KARMANN MOBIL,805
NL,DONGFENG,DONGFENG,778
GB,CASE,CASE,775
NL,LAIKA CARAVANS S.P.A.,LAIKA CARAVANS S.P.A.,765
NL,G.M.C.,G.M.C.,758
NL,MORGAN,MORGAN,743
GB,RALEIGH,RALEIGH,737
GB,JCB,JCB,733
NL,MERCURY,MERCURY,724
GB,INT. HARVESTER,INT. HARVESTER,723
NL,ELNAGH,ELNAGH,718
GB,MOTO GUZZI,MOTO GUZZI,685
NL,RIMOR,RIMOR,683
NL,DAIMLER BENZ,DAIMLER BENZ,683
GB,ASIA,ASIA,680
NL,SSANGYONG,SSANGYONG,674
NL,SIMCA,SIMCA,646
GB,KOENIGSEGG,KOENIGSEGG,646
NL,PLYMOUTH,PLYMOUTH,644
GB,VESPA (DOUGLAS),VESPA (DOUGLAS),634
GB,KUBOTA,KUBOTA,622
GB,MIA,MIA,609
GB,ALBION,ALBION,606
GB,CZ,CZ,601
NL,N.S.U.,N.S.U.,594
NL,AUTO BIANCHI,AUTO BIANCHI,584
GB,VENTURI,VENTURI,575
GB,LONSDALE,LONSDALE,547
GB,PINZGAUER,PINZGAUER,543
GB,VOLKSWAGEN  COMM,VOLKSWAGEN  COMM,534
GB,SAVIEM,SAVIEM,521
NL,NIESMANN-BISCHOFF,NIESMANN-BISCHOFF,503
GB,BAROSSA,BAROSSA,475
GB,JOHN DEERE,JOHN DEERE,464
NL,MATRA,MATRA,461
NL,POSSL,POSSL,448
GB,DEMM,DEMM,444
GB,GSMOON,GSMOON,437
NL,MOBILVETTA,MOBILVETTA,435
NL,LAIKA,LAIKA,432
NL,TEC,TEC,428
NL,MC LOUIS SPA,MC LOUIS SPA,428
NL,GEELY,GEELY,422
GB,AM GENERAL,AM GENERAL,416
GB,CCM,CCM,415
NL,ALPINE-RENAULT,ALPINE-RENAULT,412
NL,ALKO,ALKO,399
GB,LEYLAND AEC,LEYLAND AEC,386
GB,IBC,IBC,382
NL,BEDFORD,BEDFORD,377
GB,NUFFIELD,NUFFIELD,375
GB,GOKA,GOKA,374
NL,TOTH ES FIAI,TOTH ES FIAI,372
GB,EBRO,EBRO,370
NL,DONKERVOORT,DONKERVOORT,366
NL,VINFAST,VINFAST,364
GB,SUPERBYKE,SUPERBYKE,360
GB,MANITOU,MANITOU,359
NL,DS AUTOMOBILES,DS AUTOMOBILES,349
GB,ISEKI,ISEKI,348
GB,KINROAD,KINROAD,343
GB,NOBLE,NOBLE,341
NL,AUTOMOBILI LAMBORGHINI S.,AUTOMOBILI LAMBORGHINI S.,336
GB,XINTIAN,XINTIAN,326
GB,ACCESS,ACCESS,326
GB,SAN,SAN,325
NL,TALBOT,TALBOT,322
NL,ETRUSCO,ETRUSCO,318
NL,AUSTIN-HEALEY,AUSTIN-HEALEY,314
GB,AVELING BARFORD,AVELING BARFORD,313
NL,FRANKIA,FRANKIA,309
NL,VW-PORSCHE,VW-PORSCHE,308
GB,DAX,DAX,308
GB,SCANIA,SCANIA,304
GB,BOMBARDIER,BOMBARDIER,304
GB,BMC,BMC,297
GB,GAS GAS,GAS GAS,297
GB,GORDON MURRAY,GORDON MURRAY,293
GB,PUCH,PUCH,293
GB,JAMES,JAMES,291
GB,LONCIN,LONCIN,286
GB,VELOCETTE,VELOCETTE,279
GB,XINLING,XINLING,278
NL,RIMOR S.P.A.,RIMOR S.P.A.,277
GB,STRATHCARRON,STRATHCARRON,275
NL,WESTFIELD,WESTFIELD,267
NL,GIOTTILINE,GIOTTILINE,264
GB,R-VISION,R-VISION,262
GB,CAPRI,CAPRI,261
GB,CAGIVA,CAGIVA,260
GB,LEYLAND AM,LEYLAND AM,259
NL,JOINT,JOINT,254
NL,SUNBEAM,SUNBEAM,252
NL,MC LAREN,MC LAREN,252
GB,HYSTER,HYSTER,249
GB,ELECTRICARS,ELECTRICARS,248
NL,CONCORDE,CONCORDE,245
GB,UAZ,UAZ,245
GB,YALE,YALE,243
NL,MICRO COMPACT CAR,MICRO COMPACT CAR,241
GB,QUADZILLA,QUADZILLA,239
NL,KNAUS TABBERT,KNAUS TABBERT,238
GB,DUKAR,DUKAR,234
NL,HUMMER,HUMMER,233
NL,AUTOSTAR,AUTOSTAR,230
GB,IRIS.BUS,IRIS.BUS,226
GB,LEVC,LEVC,226
NL,RELIANT,RELIANT,225
GB,AVANTI,AVANTI,220
NL,BAVARIA,BAVARIA,219
GB,SAXON,SAXON,217
GB,SPYKER,SPYKER,210
NL,JENSEN,JENSEN,210
NL,D.K.W.,D.K.W.,207
GB,SKYWELL,SKYWELL,206
GB,GIBBS TECHNOLOGIES,GIBBS TECHNOLOGIES,206
NL,LUCID MOTORS,LUCID MOTORS,204
NL,WOLSELEY,WOLSELEY,204
NL,ITINEO,ITINEO,201
NL,NIESMANN+BISCHOFF,NIESMANN+BISCHOFF,200
NL,SERES,SERES,197
NL,MONCAYO,MONCAYO,197
NL,RILEY,RILEY,192
NL,HANOMAG-HENSCHEL,HANOMAG-HENSCHEL,192
GB,DINLI,DINLI,192
GB,PEGASO,PEGASO,191
GB,MK SPORTSCARS,MK SPORTSCARS,190
NL,STUDEBAKER,STUDEBAKER,190
NL,LA STRADA,LA STRADA,190
NL,FISKER,FISKER,185
GB,NOBLE AUTOMOTIVE,NOBLE AUTOMOTIVE,185
GB,LONDON TAXIS INT.,LONDON TAXIS INT.,183
GB,MATCHLESS,MATCHLESS,183
NL,SEA,SEA,183
GB,CAN-AM,CAN-AM,182
NL,KG MOBILITY,KG MOBILITY,181
NL,M.A.N.,M.A.N.,181
GB,LEYLAND NATIONAL,LEYLAND NATIONAL,175
GB,ZHENHUA,ZHENHUA,174
GB,LEYLAND REDLINE,LEYLAND REDLINE,174
NL,DFSK,DFSK,173
GB,BRA,BRA,170
NL,LADA-VAZ,LADA-VAZ,169
NL,AMERICAN MOTORS,AMERICAN MOTORS,167
NL,CI,CI,166
NL,FAW,FAW,164
NL,GMC,GMC,163
NL,PANHARD,PANHARD,163
GB,CLASSIC CUSTOM,CLASSIC CUSTOM,161
GB,TIGER,TIGER,159
GB,COUNTY COMM CARS,COUNTY COMM CARS,158
NL,PACKARD,PACKARD,157
NL,PUCH,PUCH,157
GB,PILGRIM,PILGRIM,157
NL,ZASTAVA,ZASTAVA,154
GB,WIESMANN,WIESMANN,153
NL,BORGWARD,BORGWARD,151
GB,MOBYLETTE,MOBYLETTE,151
NL,WARTBURG,WARTBURG,151
GB,FARBOUD,FARBOUD,150
NL,FORSTER,FORSTER,150
GB,MGB,MGB,149
NL,DERCKS,DERCKS,149
NL,DREAMER,DREAMER,148
GB,ROBIN HOOD,ROBIN HOOD,147
GB,KARRIER,KARRIER,147
GB,URBAN,URBAN,145
GB,MITSUBISHI FUSO,MITSUBISHI FUSO,145
NL,MAN,MAN,141
GB,CATERPILLAR,CATERPILLAR,140
NL,WILLYS OVERLAND,WILLYS OVERLAND,139
GB,EAGLE,EAGLE,135
GB,OPTARE,OPTARE,135
NL,UAZ,UAZ,135
NL,SINGER,SINGER,133
NL,ALVIS,ALVIS,133
NL,SANTANA,SANTANA,131
GB,BEAUFORD,BEAUFORD,130
NL,GENESIS,GENESIS,130
GB,JONWAY,JONWAY,129
NL,VOYAH,VOYAH,127
GB,BETA,BETA,127
NL,INNOCENTI,INNOCENTI,124
NL,KAISER,KAISER,123
NL,TOURNE MOBIL,TOURNE MOBIL,122
GB,CLARK,CLARK,121
GB,CFMOTO,CFMOTO,121
GB,BRONTO,BRONTO,119
GB,XINGYUE,XINGYUE,118
NL,DAIMLERCHRYSLER (USA),DAIMLERCHRYSLER (USA),117
NL,PILGRIM,PILGRIM,117
NL,BUGATTI,BUGATTI,116
NL,DE LOREAN,DE LOREAN,115
NL,BINZ,BINZ,113
NL,FLEURETTE,FLEURETTE,113
GB,MARSHALL,MARSHALL,110
GB,SMITHS,SMITHS,110
GB,PULSE,PULSE,108
GB,SITCAR,SITCAR,107
GB,YUAN,YUAN,106
NL,BERTONE,BERTONE,106
GB,BENELLI,BENELLI,105
NL,DEEPAL,DEEPAL,104
NL,HOTCHKISS,HOTCHKISS,104
NL,CHERY,CHERY,104
GB,EASY RIDER,EASY RIDER,103
GB,RANSOME,RANSOME,102
NL,MORELO,MORELO,101
GB,URSUS,URSUS,101
GB,MOBILVETTA,MOBILVETTA,100
NL,PLA,PLA,100
GB,TAIWAN GOLDEN BEE,TAIWAN GOLDEN BEE,100
NL,ROLLS-ROYCE,ROLLS-ROYCE,99
NL,P.L.A.,P.L.A.,99
GB,ASQUITH,ASQUITH,98
GB,HINO,HINO,97
GB,HARLEY-DAVIDSON,HARLEY-DAVIDSON,96
NL,VM,VM,96
GB,RUF,RUF,95
NL,DUTTON,DUTTON,95
GB,LANSING LINDE,LANSING LINDE,94
NL,DAX,DAX,93
NL,RANGEROVER,RANGEROVER,93
NL,GMC-MIDAS,GMC-MIDAS,93
GB,CPI,CPI,92
GB,ROADLESS,ROADLESS,92
NL,DAX COBRA,DAX COBRA,92
NL,IAV,IAV,91
GB,GAZ,GAZ,89
GB,JAGUAR LAND ROVER,JAGUAR LAND ROVER,88
GB,JORDAN,JORDAN,86
GB,KASEA,KASEA,85
NL,DE SOTO,DE SOTO,83
GB,DAIMLER CHRYSLER,DAIMLER CHRYSLER,82
GB,GRINNALL,GRINNALL,82
GB,KAISAR,KAISAR,81
NL,KABE,KABE,81
GB,BULTACO,BULTACO,80
GB,AIE,AIE,80
NL,CARAVANS INTERNAT. SPA,CARAVANS INTERNAT. SPA,80
NL,INTERNATIONAL,INTERNATIONAL,80
NL,MCLOUIS,MCLOUIS,79
GB,KINGTON,KINGTON,79
NL,FONT VENDOME,FONT VENDOME,79
GB,THWAITES,THWAITES,78
GB,MIG,MIG,78
NL,DE TOMASO,DE TOMASO,78
GB,FACTORY,FACTORY,78
NL,ARMSTRONG SIDDELEY,ARMSTRONG SIDDELEY,77
NL,HILLMAN,HILLMAN,77
GB,WINGET,WINGET,76
NL,XGO,XGO,76
NL,MOOVEO,MOOVEO,76
GB,SUKIDA,SUKIDA,76
GB,TIANJIN,TIANJIN,75
NL,ISUZU,ISUZU,75
NL,HOME CAR,HOME CAR,74
NL,IMPERIAL,IMPERIAL,73
NL,WIESMANN,WIESMANN,73
GB,MAN/VW,MAN/VW,73
NL,WESTFALEN MOBIL,WESTFALEN MOBIL,73
GB,YAMOTO,YAMOTO,72
NL,STEYR-PUCH,STEYR-PUCH,72
NL,GOGGOMOBIL,GOGGOMOBIL,72
NL,MOBIL PARTNER,MOBIL PARTNER,71
GB,PRAGA,PRAGA,70
NL,EIGENBOUW,EIGENBOUW,69
NL,ALLIED VEHICLES LTD,ALLIED VEHICLES LTD,68
NL,SPARTAN,SPARTAN,68
GB,DUCATI,DUCATI,67
NL,MOBILVETTA DESIGN,MOBILVETTA DESIGN,67
GB,WEIDEMANN,WEIDEMANN,67
NL,THINK,THINK,67
GB,TRANSBUS INT,TRANSBUS INT,66
GB,SCAMMELL,SCAMMELL,66
GB,LUEGO,LUEGO,65
NL,FIAT/NIESMANN+BISCHOFF,FIAT/NIESMANN+BISCHOFF,65
NL,NASH,NASH,65
NL,BRAVIA,BRAVIA,64
GB,CLAAS,CLAAS,64
GB,NILSSON,NILSSON,64
NL,POLSKI FIAT,POLSKI FIAT,64
NL,LEYLAND,LEYLAND,64
NL,FIAT/PILOTE,FIAT/PILOTE,64
NL,HUMBER,HUMBER,63
GB,ERF,ERF,62
NL,A.M.C.,A.M.C.,62
GB,TOMOS,TOMOS,61
NL,FENDT,FENDT,61
NL,CHATEAU,CHATEAU,61
GB,FODEN,FODEN,61
NL,HUDSON,HUDSON,60
NL,GENERAL MOTORS-GMC,GENERAL MOTORS-GMC,60
NL,MEGA,MEGA,60
GB,VDL,VDL,60
NL,ROBIN HOOD,ROBIN HOOD,60
NL,EXCALIBUR,EXCALIBUR,59
GB,NEW HOLLAND,NEW HOLLAND,59
GB,LEXMOTO,LEXMOTO,59
NL,AMC JEEP,AMC JEEP,58
NL,CHRYSLER-SIMCA,CHRYSLER-SIMCA,57
NL,TATRA,TATRA,57
NL,GAZ,GAZ,57
GB,AGRIFAC,AGRIFAC,57
NL,VAZ,VAZ,57
GB,MATBRO,MATBRO,56
GB,VINTAGE,VINTAGE,56
NL,FIAT-FLEURETTE,FIAT-FLEURETTE,56
GB,BENFORD,BENFORD,55
NL,MATRA SPORTS,MATRA SPORTS,55
NL,MARCOS,MARCOS,54
NL,AMPHICAR,AMPHICAR,54
GB,DAF TRUCKS,DAF TRUCKS,54
NL,LAGONDA,LAGONDA,53
GB,MCW,MCW,52
NL,PANTHER,PANTHER,51
NL,PININFARINA,PININFARINA,51
GB,JIANGLING,JIANGLING,50
NL,SYLVA,SYLVA,49
GB,EUCLID,EUCLID,48
NL,CRISTALL,CRISTALL,48
NL,EURAMOBIL,EURAMOBIL,47
GB,POCLAIN,POCLAIN,46
NL,MAGIRUS-DEUTZ,MAGIRUS-DEUTZ,46
NL,MINERVA,MINERVA,46
GB,KOMATSU,KOMATSU,44
NL,ACURA,ACURA,43
NL,FIAT/BAVARIA,FIAT/BAVARIA,43
NL,ARCA,ARCA,43
GB,CHARGE,CHARGE,43
NL,GLOBECAR,GLOBECAR,42
NL,GLAS,GLAS,42
GB,MZ,MZ,41
NL,WESTFALIA MOBIL,WESTFALIA MOBIL,41
NL,SACHSENRING,SACHSENRING,41
NL,AHORN,AHORN,41
NL,FRANKIA-RMB,FRANKIA-RMB,41
NL,ILUSION,ILUSION,40
NL,BURSTNER S.A.,BURSTNER S.A.,40
GB,VOXAN,VOXAN,40
NL,STEYR D PUCH,STEYR D PUCH,40
GB,SKYWING,SKYWING,40
NL,WINNEBAGO,WINNEBAGO,39
GB,GARELLI,GARELLI,39
GB,THINK GLOBAL,THINK GLOBAL,38
NL,PRINCESS,PRINCESS,38
NL,FSO,FSO,38
GB,BAJAJ,BAJAJ,38
NL,HANOMAG,HANOMAG,37
NL,CHALLANGER,CHALLANGER,37
NL,COMMER,COMMER,36
NL,AMC,AMC,36
NL,IIC,IIC,36
NL,MAXUS,MAXUS,36
NL,ERIBA,ERIBA,36
GB,POR,POR,36
GB,IRISBUS,IRISBUS,36
GB,SCORPA,SCORPA,35
GB,FORD NEW HOLLAND,FORD NEW HOLLAND,35
NL,VANDEN PLAS PRINCESS,VANDEN PLAS PRINCESS,35
NL,STANDARD,STANDARD,34
NL,LE VOYAGEUR,LE VOYAGEUR,34
NL,RAMBLER,RAMBLER,34
GB,SCUTUM,SCUTUM,34
NL,MK INDY,MK INDY,34
GB,GEM,GEM,34
NL,UNIMOG,UNIMOG,34
NL,VOLGA,VOLGA,33
NL,A.C.,A.C.,33
NL,FIAT DUCATO AFFINITY,FIAT DUCATO AFFINITY,33
GB,CASE IH,CASE IH,33
GB,REWACO,REWACO,33
NL,BMW/ALPINA,BMW/ALPINA,33
NL,HAMMOND & THIEDE,HAMMOND & THIEDE,32
NL,MAESSS,MAESSS,31
NL,BRISTOL,BRISTOL,31
NL,NECKAR,NECKAR,31
GB,HOUSEHAM,HOUSEHAM,31
NL,AUDI/PORSCHE,AUDI/PORSCHE,31
GB,EOS,EOS,31
NL,ESTEREL,ESTEREL,31
NL,BITTER,BITTER,30
NL,ROSENGART,ROSENGART,30
NL,EDSEL,EDSEL,30
NL,RANGER,RANGER,30
GB,SUNLIGHT,SUNLIGHT,30
NL,API CZ,API CZ,30
NL,QUANTUM,QUANTUM,30
GB,AVTOVAZ,AVTOVAZ,29
NL,MAYBACH,MAYBACH,29
NL,BOSMAL,BOSMAL,29
NL,LDV,LDV,28
NL,BOMBARDIER,BOMBARDIER,28
GB,MAEVING,MAEVING,28
NL,SHELBY,SHELBY,28
NL,JAC,JAC,28
NL,BARKAS,BARKAS,28
GB,TRIGANO,TRIGANO,28
NL,SIATA,SIATA,28
NL,ESSEX,ESSEX,28
GB,MAGYAR SUZUKI,MAGYAR SUZUKI,27
NL,ISO RIVOLTA,ISO RIVOLTA,27
GB,BREMACH,BREMACH,27
NL,I.V.R.,I.V.R.,27
NL,AMILCAR,AMILCAR,27
NL,J.B.A.,J.B.A.,26
GB,DONKERVOORT,DONKERVOORT,26
NL,DELAHAYE,DELAHAYE,26
NL,FACEL VEGA,FACEL VEGA,26
GB,MODENA DESIGN,MODENA DESIGN,26
NL,REMETZ,REMETZ,26
NL,KIA MOTORS,KIA MOTORS,26
NL,RENAULT SPORT,RENAULT SPORT,26
NL,ELIOS,ELIOS,25
NL,TIGER,TIGER,25
NL,NILSSON,NILSSON,25
GB,LEYLAND SCOTSTOUN,LEYLAND SCOTSTOUN,25
NL,FSM,FSM,25
NL,CLENET,CLENET,25
NL,MATHIS,MATHIS,25
NL,LANDWIND,LANDWIND,24
GB,VELOSOLEX,VELOSOLEX,24
NL,RAM,RAM,24
GB,COVENTRY CLIMAX,COVENTRY CLIMAX,23
NL,ZELFBOUW,ZELFBOUW,23
NL,CORVETTE,CORVETTE,23
GB,SEDDON/ATKINSON,SEDDON/ATKINSON,23
GB,SIMSON,SIMSON,23
NL,MOHR,MOHR,22
NL,PHOENIX,PHOENIX,22
NL,CHECKER,CHECKER,22
NL,ALFA LANCIA,ALFA LANCIA,21
NL,SPYKER,SPYKER,21
NL,WESTFALIA VAN CONVERSION,WESTFALIA VAN CONVERSION,21
NL,CARBODIES,CARBODIES,21
NL,SIMCA-FIAT,SIMCA-FIAT,21
GB,JAWA,JAWA,21
GB,SFMM,SFMM,21
NL,SCANIA,SCANIA,20
NL,CHEVROLET-ITASCA,CHEVROLET-ITASCA,20
NL,KIAMASTER,KIAMASTER,20
NL,DODGE BROTHERS,DODGE BROTHERS,20
GB,LAVERDA,LAVERDA,20
GB,INDCAR,INDCAR,20
NL,MERCEDES-HYMER,MERCEDES-HYMER,20
GB,HONCHING,HONCHING,20
NL,STUTZ,STUTZ,20
GB,HOHENESTER,HOHENESTER,20
NL,ZIE BIJZONDERHEDEN,ZIE BIJZONDERHEDEN,20
NL,AUBURN,AUBURN,20
NL,YUCON,YUCON,20
NL,DELAGE,DELAGE,20
NL,CHENARD & WALCKER,CHENARD & WALCKER,19
NL,BOOM,BOOM,19
NL,TROJAN,TROJAN,19
GB,PILOTE,PILOTE,19
NL,PUMA,PUMA,19
NL,LA LICORNE,LA LICORNE,19
NL,CONCORDE REISEMOBILE GMBH,CONCORDE REISEMOBILE GMBH,19
GB,HARBILT ELECTRIC,HARBILT ELECTRIC,19
NL,HEALEY,HEALEY,19
NL,LLOYD,LLOYD,19
GB,SAKURA,SAKURA,19
NL,ROBETA,ROBETA,19
NL,BOS S,BOS S,19
NL,AUTO-SLEEPERS,AUTO-SLEEPERS,18
NL,DREAM,DREAM,18
NL,ONBEKEND,ONBEKEND,18
NL,DE DION BOUTON,DE DION BOUTON,18
NL,MOKE,MOKE,18
NL,MESSERSCHMITT,MESSERSCHMITT,18
NL,WHITE,WHITE,18
GB,ARO,ARO,18
GB,APRILIA,APRILIA,18
NL,GEO,GEO,17
GB,ZETOR,ZETOR,17
NL,FIAT/ABARTH,FIAT/ABARTH,17
NL,INDUSAUTO,INDUSAUTO,17
NL,E.B.S.,E.B.S.,17
NL,STERKENS,STERKENS,17
NL,GTM,GTM,17
GB,BRABUS,BRABUS,17
NL,EAGLE,EAGLE,17
NL,BEDFORD-HYMERMOBIL,BEDFORD-HYMERMOBIL,17
NL,CHEVROLET-ROCKWOOD,CHEVROLET-ROCKWOOD,17
NL,CBT,CBT,17
GB,SAIC,SAIC,17
GB,NEOPLAN,NEOPLAN,17
NL,PANHARD-LEVASSOR,PANHARD-LEVASSOR,17
GB,W+E,W+E,17
NL,MAX,MAX,17
GB,SATURN,SATURN,17
NL,FIAT/CHAUSSON,FIAT/CHAUSSON,16
NL,AERO,AERO,16
NL,GMC-EDSON,GMC-EDSON,16
GB,UNIVERSAL,UNIVERSAL,16
NL,MOSKVITCH,MOSKVITCH,16
NL,VESPA,VESPA,16
NL,CS,CS,16
NL,SUNROLLER,SUNROLLER,16
NL,FISHER FURY,FISHER FURY,16
NL,JAGO,JAGO,16
GB,LINHAI,LINHAI,15
NL,IVECO/CONCORDE,IVECO/CONCORDE,15
NL,SALMSON,SALMSON,15
NL,KARMA,KARMA,15
GB,CI MOTORHOME,CI MOTORHOME,15
NL,MIDAS,MIDAS,15
NL,PEUGEOT BOXER/GLOBE-TRAVE,PEUGEOT BOXER/GLOBE-TRAVE,15
NL,RAMBLER RENAULT,RAMBLER RENAULT,15
NL,CAMPEREVE,CAMPEREVE,15
NL,GELAENDEF.GES.GFG(A),GELAENDEF.GES.GFG(A),15
NL,THOR,THOR,15
GB,RENEGADE,RENEGADE,15
NL,KAISER-JEEP,KAISER-JEEP,15
NL,MEGA MOBIL,MEGA MOBIL,14
NL,RODRIGUEZ LOPEZ AUTO,RODRIGUEZ LOPEZ AUTO,14
GB,BOMAG,BOMAG,14
NL,CHEVROLET-EDSON,CHEVROLET-EDSON,14
NL,ADLER,ADLER,14
NL,DODGE-MIDAS,DODGE-MIDAS,14
NL,ARIEL,ARIEL,14
NL,CITROEN-DS,CITROEN-DS,14
GB,ARTEGA,ARTEGA,14
NL,GREAT WALL MOTOR COMPANY,GREAT WALL MOTOR COMPANY,14
NL,MOWAG,MOWAG,14
NL,LEVC,LEVC,14
NL,AIRSTREAM,AIRSTREAM,14
NL,DONNET ZEDEL,DONNET ZEDEL,14
GB,HYMER,HYMER,14
GB,KINETIC,KINETIC,14
NL,ROLLERTEAM,ROLLERTEAM,13
NL,NOTIN,NOTIN,13
NL,EUNOS,EUNOS,13
NL,VANDEN PLAS,VANDEN PLAS,13
GB,WACKER NEUSON,WACKER NEUSON,13
NL,EUROMOBIL,EUROMOBIL,13
NL,HUISKAMP,HUISKAMP,13
NL,ARBGEM. DB/HHF,ARBGEM. DB/HHF,13
NL,MAHINDRA,MAHINDRA,13
NL,SPIJKER,SPIJKER,13
NL,TEILHOL,TEILHOL,13
NL,SATURN,SATURN,13
NL,GARDNER DOUGLAS,GARDNER DOUGLAS,13
GB,ATALA,ATALA,13
NL,GINETTA,GINETTA,13
NL,DOMINO,DOMINO,13
NL,INTERNATIONAL HARVESTER,INTERNATIONAL HARVESTER,13
GB,EVT,EVT,13
GB,SAME,SAME,13
NL,CITROEN FLEURETTE,CITROEN FLEURETTE,13
NL,VAN HOOL,VAN HOOL,13
NL,AM GENERAL,AM GENERAL,13
GB,UM,UM,13
NL,RENAULT TECH,RENAULT TECH,13
GB,PIONEER,PIONEER,13
NL,FIAT/CHALLENGER,FIAT/CHALLENGER,13
NL,RUITER,RUITER,12
NL,VALIANT,VALIANT,12
NL,REWACO,REWACO,12
NL,STANLEY,STANLEY,12
GB,LIFAN,LIFAN,12
NL,VIGNALE,VIGNALE,12
NL,YUEDA-HUMAN HORIZONS,YUEDA-HUMAN HORIZONS,12
NL,LEYLAND INNOCENTI,LEYLAND INNOCENTI,12
NL,BARTAN,BARTAN,12
NL,ARMBRUSTER/STAGEWAY,ARMBRUSTER/STAGEWAY,12
NL,HUPMOBILE,HUPMOBILE,12
NL,GRUAU,GRUAU,12
NL,C.I.,C.I.,12
NL,MARLIN,MARLIN,12
NL,AUSTIN-MORRIS,AUSTIN-MORRIS,12
NL,REO,REO,12
GB,MODEC,MODEC,12
NL,EXECUTIVE COACH BUILDERS,EXECUTIVE COACH BUILDERS,12
NL,MATRA BONNET,MATRA BONNET,12
NL,DODGE-LINDY,DODGE-LINDY,11
NL,DESOTO,DESOTO,11
NL,MIA,MIA,11
NL,IVECO FIAT,IVECO FIAT,11
NL,T.E.C. CARAVAN GMBH CO.,T.E.C. CARAVAN GMBH CO.,11
NL,CISITALIA,CISITALIA,11
NL,SUPERIOR,SUPERIOR,11
NL,KONINGS,KONINGS,11
NL,WILLYS KNIGHT,WILLYS KNIGHT,11
NL,BOND,BOND,11
GB,MUTT,MUTT,11
GB,ADLY,ADLY,11
NL,GM DAEWOO,GM DAEWOO,11
NL,VIELHAUSER MENSCH VM,VIELHAUSER MENSCH VM,11
NL,SUPERFORMANCE,SUPERFORMANCE,11
NL,MEV,MEV,11
GB,VOLTA TRUCKS,VOLTA TRUCKS,10
NL,LMC CARAVAN GMBH CO. KG,LMC CARAVAN GMBH CO. KG,10
NL,BOONACKER,BOONACKER,10
NL,EAGLE COACH COMPANY,EAGLE COACH COMPANY,10
NL,BAVARIA CAMP,BAVARIA CAMP,10
NL,SCION,SCION,10
NL,SUNBEAM-TALBOT,SUNBEAM-TALBOT,10
GB,GILERA,GILERA,10
NL,JEEP-VIASA,JEEP-VIASA,10
NL,GRAHAM-PAIGE,GRAHAM-PAIGE,10
NL,TALBOT-LAGO,TALBOT-LAGO,10
NL,BREMACH,BREMACH,10
NL,SWIFT GROUP LIMITED,SWIFT GROUP LIMITED,10
GB,SETRA,SETRA,10
NL,HESS EN EISENHARDT,HESS EN EISENHARDT,10
GB,BENYE,BENYE,10
NL,SAM,SAM,10
NL,MK,MK,10
NL,AMERICAN LA FRANCE,AMERICAN LA FRANCE,10
NL,PILGRIM-SUMO,PILGRIM-SUMO,10
NL,BRABUS,BRABUS,10
GB,LINER,LINER,10
GB,MALAGUTI,MALAGUTI,10
NL,CALLEY,CALLEY,10
NL,SAVIEM-RENAULT,SAVIEM-RENAULT,10
NL,MILAN,MILAN,10
NL,I.F.A.,I.F.A.,10
NL,RANDGER,RANDGER,10
NL,AION,AION,10
NL,TRANSEUROP ENGINEERING,TRANSEUROP ENGINEERING,10
NL,TOFAS-FIAT,TOFAS-FIAT,10
NL,NSU-FIAT,NSU-FIAT,10
NL,MERLIN,MERLIN,10
NL,FLEETWOOD,FLEETWOOD,9
NL,KTM,KTM,9
NL,CHEVROLET-COBRA,CHEVROLET-COBRA,9
NL,SUPER SEVEN,SUPER SEVEN,9
NL,HEINKEL,HEINKEL,9
NL,CHEVROLET-CRUISE MASTER,CHEVROLET-CRUISE MASTER,9
NL,CMC,CMC,9
NL,CHEVROLET-WAYNE,CHEVROLET-WAYNE,9
NL,RENAULT ALPINE,RENAULT ALPINE,9
NL,CARAVANS INTERNAT.(C.I.),CARAVANS INTERNAT.(C.I.),9
NL,LOCOST,LOCOST,9
NL,CONTINENTAL,CONTINENTAL,9
NL,WINGAMM,WINGAMM,9
NL,ASIA,ASIA,9
NL,PIERCE-ARROW,PIERCE-ARROW,9
NL,RENAULT/CARPOL,RENAULT/CARPOL,9
NL,YUGO,YUGO,9
NL,SWIFT,SWIFT,9
NL,PEUGEOT BOXER AFFINITY,PEUGEOT BOXER AFFINITY,9
NL,BENZ,BENZ,8
NL,CHEVROLET-LINDY,CHEVROLET-LINDY,8
NL,CATERHAM CARS LTD,CATERHAM CARS LTD,8
GB,INVACAR,INVACAR,8
NL,RENAULT RODEO,RENAULT RODEO,8
NL,SAVIEM,SAVIEM,8
NL,IVR,IVR,8
NL,STX,STX,8
NL,PRAGA,PRAGA,8
NL,AIXAM,AIXAM,8
NL,BIANCHINA,BIANCHINA,8
NL,CROSSCAMP,CROSSCAMP,8
NL,SS JAGUAR,SS JAGUAR,8
NL,SYLVA STRIKER,SYLVA STRIKER,8
GB,WELLS,WELLS,8
NL,CARADO,CARADO,8
NL,MGA,MGA,8
NL,CHAMONIX,CHAMONIX,8
NL,FRANKLIN,FRANKLIN,8
NL,MARMON,MARMON,8
NL,A.M. GENERAL,A.M. GENERAL,8
NL,GAS,GAS,8
NL,RICKMAN,RICKMAN,8
GB,NEVAL,NEVAL,8
NL,ULTIMA,ULTIMA,8
NL,FREIGHTLINER,FREIGHTLINER,8
NL,CHEVROLET-STARCRAFT,CHEVROLET-STARCRAFT,8
GB,WANGYE,WANGYE,8
NL,VARIOMOBIL,VARIOMOBIL,8
NL,AUDI-NSU,AUDI-NSU,8
NL,LEA FRANCIS,LEA FRANCIS,7
NL,LANCHESTER,LANCHESTER,7
NL,INEOS,INEOS,7
NL,COBRA REPLICA,COBRA REPLICA,7
NL,LOCUST,LOCUST,7
NL,CHEVROLET-SOUTHWIND,CHEVROLET-SOUTHWIND,7
NL,SETRA,SETRA,7
NL,SOVAB,SOVAB,7
NL,ACROSS,ACROSS,7
NL,GLOBE-TRAVELLER,GLOBE-TRAVELLER,7
GB,BIMOTA,BIMOTA,7
GB,SYM,SYM,7
NL,CHEVROLET DAEWOO,CHEVROLET DAEWOO,7
NL,RAW,RAW,7
NL,VAN HOOL-FIAT,VAN HOOL-FIAT,7
NL,E.GO,E.GO,7
NL,ZAZ,ZAZ,7
NL,TRIGANO VDL,TRIGANO VDL,7
NL,NG CARS LTD,NG CARS LTD,7
NL,BERLIET,BERLIET,7
NL,HISPANO SUIZA,HISPANO SUIZA,7
NL,JIANGLING,JIANGLING,7
GB,COSSACK,COSSACK,7
NL,LA SALLE,LA SALLE,7
NL,TOYOTA-CHINOOK,TOYOTA-CHINOOK,7
NL,LOMAX,LOMAX,7
NL,GMC-JIMMY,GMC-JIMMY,7
NL,WHIPPET,WHIPPET,7
NL,BOVA,BOVA,7
NL,EVM,EVM,7
NL,CHEVROLET-COUNTRY SQUIRE,CHEVROLET-COUNTRY SQUIRE,7
NL,IVECO MAGIRUS,IVECO MAGIRUS,7
NL,RAVON,RAVON,7
NL,VOLKSWAGEN-TABBERT,VOLKSWAGEN-TABBERT,7
NL,ISO,ISO,7
NL,FORMULA,FORMULA,7
GB,CHAMP,CHAMP,7
GB,BOB CAT,BOB CAT,7
NL,OVERLAND,OVERLAND,6
NL,ZIMMER,ZIMMER,6
GB,HY-MAC LTD,HY-MAC LTD,6
GB,TIPPEN DELTA,TIPPEN DELTA,6
NL,SUZUKI SANTANA,SUZUKI SANTANA,6
GB,CAETANO,CAETANO,6
NL,FUJI HEAVY IND.,FUJI HEAVY IND.,6
NL,MAXWELL,MAXWELL,6
NL,HORCH,HORCH,6
NL,CLAN,CLAN,6
NL,ZUENDAPP,ZUENDAPP,6
NL,STUART TAYLOR,STUART TAYLOR,6
NL,SCHULZ,SCHULZ,6
NL,MARUTI,MARUTI,6
NL,LUAZ,LUAZ,6
NL,ARCADIA,ARCADIA,6
NL,VDL BERKHOF,VDL BERKHOF,6
NL,GRAHAM,GRAHAM,6
NL,GALLOPER,GALLOPER,6
GB,CASAL,CASAL,6
NL,FMR,FMR,6
NL,I.V.R. SRL,I.V.R. SRL,6
NL,OAKLAND,OAKLAND,6
NL,CORD,CORD,6
NL,AK SPORTSCARS,AK SPORTSCARS,6
NL,ACCUBUILT,ACCUBUILT,6
GB,TYM,TYM,6
GB,APPLIED SWEEPER,APPLIED SWEEPER,6
NL,BMW-GLAS,BMW-GLAS,6
NL,ALLARD,ALLARD,6
NL,COACHMEN,COACHMEN,6
NL,DODGE-EDSON,DODGE-EDSON,6
NL,GULFSTREAM,GULFSTREAM,6
NL,A.C.L.,A.C.L.,6
NL,GOLIATH,GOLIATH,6
NL,OSCA,OSCA,6
NL,HOLDEN,HOLDEN,6
NL,RENAULT SAMSUNG,RENAULT SAMSUNG,6
NL,VISSER,VISSER,6
NL,NOBEL ART,NOBEL ART,6
NL,POLARIS,POLARIS,6
GB,MORINI,MORINI,6
NL,TRIPLE E,TRIPLE E,6
NL,FIAT-ABARTH,FIAT-ABARTH,6
NL,MERCEDES BALCAMP,MERCEDES BALCAMP,5
NL,FORMULA 27,FORMULA 27,5
NL,BIERMAN,BIERMAN,5
NL,DAF BUS,DAF BUS,5
NL,EUREKA,EUREKA,5
NL,MILLER,MILLER,5
NL,CLASSIC ROADSTERS,CLASSIC ROADSTERS,5
NL,CHEVROLET-WINNEBAGO,CHEVROLET-WINNEBAGO,5
NL,VIXEN,VIXEN,5
NL,FACTORY FIVE,FACTORY FIVE,5
NL,CHEVROLET ITALIA,CHEVROLET ITALIA,5
NL,GMC-COACHMAN,GMC-COACHMAN,5
NL,CAMI,CAMI,5
NL,DANGEL,DANGEL,5
NL,OVRIGA,OVRIGA,5
NL,BEARDMORE,BEARDMORE,5
NL,3A3,3A3,5
NL,AGM,AGM,5
NL,SWALLOW,SWALLOW,5
NL,DIAMOND T,DIAMOND T,5
NL,AUTOMOBILES CITROEN,AUTOMOBILES CITROEN,5
NL,RAILTON,RAILTON,5
NL,TEAL,TEAL,5
NL,FORD-CASUAL,FORD-CASUAL,5
NL,MOLONEY,MOLONEY,5
NL,AUTOTRAIL,AUTOTRAIL,5
NL,INFINITY,INFINITY,5
NL,SS SWALLOW,SS SWALLOW,5
NL,WOLGA-AUTOWERKEN (SU),WOLGA-AUTOWERKEN (SU),5
NL,DURANT,DURANT,5
NL,E.M.W.,E.M.W.,5
NL,FERVES,FERVES,5
NL,EBRO,EBRO,5
NL,KLEINSCHNITTGER,KLEINSCHNITTGER,5
NL,HOECKMAYR,HOECKMAYR,5
NL,FAW-VOLKSWAGEN,FAW-VOLKSWAGEN,5
NL,BLUCAMP,BLUCAMP,5
NL,OSHKOSH,OSHKOSH,5
NL,DAX COBRA REPLICA,DAX COBRA REPLICA,5
NL,THE LONDON TAXI COMPANY,THE LONDON TAXI COMPANY,5
NL,CHEVROLET-HOP CAP,CHEVROLET-HOP CAP,5
NL,U.V.A. FUGITIVE,U.V.A. FUGITIVE,5
NL,SCIMITAR,SCIMITAR,5
NL,LI AUTO,LI AUTO,5
NL,RIVIAN,RIVIAN,5
NL,GILBERN,GILBERN,5
NL,MICRO-VETT,MICRO-VETT,5
GB,IVECO FORD,IVECO FORD,5
NL,TURRI & BOARI,TURRI & BOARI,5
NL,SCALDIA,SCALDIA,5
NL,U.A.S.,U.A.S.,5
NL,MONACO,MONACO,5
NL,ROYALE SABRE,ROYALE SABRE,5
NL,FLAIR,FLAIR,5
NL,BRICKLIN,BRICKLIN,5
NL,SUNLIGHT,SUNLIGHT,5
GB,DIAMOND,DIAMOND,5
NL,E GO,E GO,4
NL,AL-KO,AL-KO,4
NL,MIRAGE,MIRAGE,4
NL,UMM,UMM,4
NL,BENJAMIN,BENJAMIN,4
NL,AMERICAN CUSTOM COACHWORK,AMERICAN CUSTOM COACHWORK,4
NL,INTERMECCANICA,INTERMECCANICA,4
NL,BEAUFORD,BEAUFORD,4
NL,GES GFG,GES GFG,4
NL,BANHAM,BANHAM,4
NL,EAGLE COACH,EAGLE COACH,4
NL,MNR,MNR,4
NL,TRIPOD,TRIPOD,4
NL,KAESSBOHRER,KAESSBOHRER,4
NL,COBRA,COBRA,4
NL,KALMAR,KALMAR,4
GB,MUIR-HILL,MUIR-HILL,4
NL,STEYR,STEYR,4
NL,DEN OUDSTEN,DEN OUDSTEN,4
NL,GULLWING CARS,GULLWING CARS,4
NL,FEDERAL,FEDERAL,4
NL,BIZZARRINI,BIZZARRINI,4
GB,SFM,SFM,4
NL,YAMAHA,YAMAHA,4
NL,CHEVROLET-MARQUE,CHEVROLET-MARQUE,4
NL,FLEUR DE LYS,FLEUR DE LYS,4
NL,BAIC,BAIC,4
NL,CHANGAN,CHANGAN,4
NL,DODGE-COBRA,DODGE-COBRA,4
NL,MGM,MGM,4
NL,VINTAGE,VINTAGE,4
NL,T.E.C.,T.E.C.,4
NL,VANSTER,VANSTER,4
GB,FENDT,FENDT,4
NL,HAVAL,HAVAL,4
NL,DODGE-KMC,DODGE-KMC,4
GB,LIEBHERR,LIEBHERR,4
GB,STOTHERT AND PITT,STOTHERT AND PITT,4
NL,BLUEBIRD,BLUEBIRD,4
NL,BRUSH,BRUSH,4
NL,SOVAM,SOVAM,4
NL,SIEGEL,SIEGEL,4
NL,FUSO,FUSO,4
NL,BECK,BECK,4
NL,S&S COACH,S&S COACH,4
NL,FS-LUBLIN,FS-LUBLIN,4
NL,AUBURN REPLICA,AUBURN REPLICA,4
NL,DARRACQ,DARRACQ,4
NL,KNAUS TABBERT AG,KNAUS TABBERT AG,4
NL,CITY-VAN,CITY-VAN,4
NL,RUSH,RUSH,4
NL,ARNOLT BRISTOL,ARNOLT BRISTOL,4
NL,LOMBARDI,LOMBARDI,4
NL,TOGG,TOGG,4
NL,FIERO,FIERO,4
GB,GUMPERT,GUMPERT,4
NL,RENE BONNET,RENE BONNET,4
NL,ROTRAX SAFARI,ROTRAX SAFARI,4
NL,AUTOZAM,AUTOZAM,4
NL,GMC-EMPRESS,GMC-EMPRESS,4
NL,WARSZWAWA,WARSZWAWA,4
NL,CHEVROLET-SHASTA,CHEVROLET-SHASTA,4
NL,PANAMA,PANAMA,4
NL,CITY PICK-UP,CITY PICK-UP,4
NL,MERCEDES-RAPIDO,MERCEDES-RAPIDO,4
GB,BRANSON,BRANSON,4
NL,CLEVER,CLEVER,4
NL,KUTSENITS,KUTSENITS,4
NL,FORD-K,FORD-K,4
NL,CAR CRAFT,CAR CRAFT,4
NL,JCSPORTCAR,JCSPORTCAR,4
NL,MIDTEC,MIDTEC,4
NL,CHEVROLET-AIRSTREAM,CHEVROLET-AIRSTREAM,4
NL,CHEVROLET-SPORTSCOACH,CHEVROLET-SPORTSCOACH,4
NL,LONDON TAXIS INT.,LONDON TAXIS INT.,4
NL,MERKUR,MERKUR,4
NL,FORDSON,FORDSON,4
NL,NEOPLAN,NEOPLAN,4
NL,BIEBER,BIEBER,4
NL,FRAZER NASH,FRAZER NASH,4
GB,WHITLOCK BROS,WHITLOCK BROS,4
NL,SECMA,SECMA,3
GB,MOTOBECANE,MOTOBECANE,3
NL,PAGANI,PAGANI,3
NL,LE ZEBRE,LE ZEBRE,3
NL,MK SPORTSCARS,MK SPORTSCARS,3
NL,MAGENTA,MAGENTA,3
NL,BLCARS,BLCARS,3
GB,LYNK & CO,LYNK & CO,3
NL,SPARTAN USA,SPARTAN USA,3
NL,NCF,NCF,3
NL,BARCLAY MINI BUG,BARCLAY MINI BUG,3
NL,BIRKIN,BIRKIN,3
NL,MORS,MORS,3
NL,MIDDLEBRIDGE SCIMITAR,MIDDLEBRIDGE SCIMITAR,3
NL,WANDERER,WANDERER,3
NL,CHALMERS,CHALMERS,3
NL,LES DAUPHINS,LES DAUPHINS,3
NL,DENZA,DENZA,3
GB,BONSER,BONSER,3
NL,KENTUCKY CAMP,KENTUCKY CAMP,3
NL,KRISMAR,KRISMAR,3
NL,VIO EUROPE,VIO EUROPE,3
GB,ENTERPRISE BUS,ENTERPRISE BUS,3
NL,OSI,OSI,3
NL,HERITAGE,HERITAGE,3
NL,LOCOMOBILE,LOCOMOBILE,3
NL,ERSKINE,ERSKINE,3
GB,KANUNI,KANUNI,3
NL,CAP,CAP,3
NL,SPATZ,SPATZ,3
NL,LIBERTY,LIBERTY,3
NL,L.T.I.CARBODIES,L.T.I.CARBODIES,3
NL,ERA,ERA,3
NL,MILLER - METEOR,MILLER - METEOR,3
NL,ELDON,ELDON,3
NL,CHEVROLET-DELTA,CHEVROLET-DELTA,3
NL,BSA,BSA,3
NL,ROCHET SCHNEIDER,ROCHET SCHNEIDER,3
NL,DONNET,DONNET,3
NL,A.C. AUTOKRAFT,A.C. AUTOKRAFT,3
NL,QVALE AUTOMOTIVE GROUP,QVALE AUTOMOTIVE GROUP,3
NL,BRA,BRA,3
NL,PEGASO,PEGASO,3
NL,MELEX,MELEX,3
NL,VINDICATOR C.S.,VINDICATOR C.S.,3
NL,DEUTSCH BONNET,DEUTSCH BONNET,3
GB,MBK,MBK,3
NL,ROLLAND-PILAIN,ROLLAND-PILAIN,3
NL,BUESSING,BUESSING,3
NL,KOUGAR,KOUGAR,3
NL,LAND ROVER SANTANA,LAND ROVER SANTANA,3
NL,CHEETAH,CHEETAH,3
NL,DETROIT ELECTRIC,DETROIT ELECTRIC,3
NL,WILMAC,WILMAC,3
NL,KLOECKNER-DEUTZ,KLOECKNER-DEUTZ,3
NL,BLUE BIRD,BLUE BIRD,3
NL,RADICAL SPORTSCARS,RADICAL SPORTSCARS,3
NL,T AND J,T AND J,3
NL,SPIJKSTAAL,SPIJKSTAAL,3
NL,JPR WILDCAT,JPR WILDCAT,3
NL,ROVIN,ROVIN,3
NL,BERKELEY,BERKELEY,3
NL,HINDUSTAN,HINDUSTAN,3
NL,APAL,APAL,3
NL,ZIMMERMANN,ZIMMERMANN,3
NL,VOISIN,VOISIN,3
NL,PGO,PGO,3
NL,EOS COACH,EOS COACH,3
NL,INVICTA,INVICTA,3
NL,DODGE-BENDIX,DODGE-BENDIX,3
GB,NORTON VILLIERS TRIUMPH,NORTON VILLIERS TRIUMPH,3
NL,JAGUAR LAND ROVER LIMITED,JAGUAR LAND ROVER LIMITED,3
NL,SAPOROSHEZ,SAPOROSHEZ,3
NL,METROPOLITAN,METROPOLITAN,3
NL,DODGE-TRAVCO,DODGE-TRAVCO,3
NL,STANDARD MOTOR,STANDARD MOTOR,3
NL,FREUDENAU,FREUDENAU,3
NL,PIAGGIO,PIAGGIO,3
NL,RALLY RAID UK,RALLY RAID UK,3
NL,SAURER,SAURER,3
NL,E.W.B,E.W.B,3
GB,ITALJET,ITALJET,3
NL,ARO,ARO,3
NL,VANCLEE,VANCLEE,3
NL,TURRI,TURRI,3
NL,RIMAC,RIMAC,3
NL,FAIRTHORPE,FAIRTHORPE,3
NL,CHEVROLET-EL DORADO,CHEVROLET-EL DORADO,3
NL,MAPLEX,MAPLEX,3
NL,BRIGHTWHEEL,BRIGHTWHEEL,3
NL,O'GARA COACH WORKS,O'GARA COACH WORKS,3
NL,DODGE-COUNTRY SQUIRE,DODGE-COUNTRY SQUIRE,2
NL,JACKSON,JACKSON,2
NL,CLEMENT-BAYARD,CLEMENT-BAYARD,2
NL,GORDON MURRAY AUTOMOTIVE,GORDON MURRAY AUTOMOTIVE,2
NL,HAWK,HAWK,2
NL,B-STYLE & FLEX-I-TRANS,B-STYLE & FLEX-I-TRANS,2
GB,FOREST RIVER,FOREST RIVER,2
NL,BAC,BAC,2
NL,SHAMROCK,SHAMROCK,2
NL,MATFORD,MATFORD,2
NL,CROSSLEY,CROSSLEY,2
NL,STAR,STAR,2
NL,HARTGE,HARTGE,2
NL,CHEVROLET-KMC,CHEVROLET-KMC,2
NL,GTD,GTD,2
NL,JULIA CAMPER,JULIA CAMPER,2
NL,GRANDIN,GRANDIN,2
NL,SCANIA-VABIS,SCANIA-VABIS,2
GB,ADRIA,ADRIA,2
NL,CHRYSLER-SUNBEAM,CHRYSLER-SUNBEAM,2
NL,FORMOSA,FORMOSA,2
NL,LAFITTE,LAFITTE,2
NL,BURLINGTON,BURLINGTON,2
NL,BACKDRAFT,BACKDRAFT,2
NL,DODGE-BONANZA,DODGE-BONANZA,2
NL,DJ SPORTS CARS,DJ SPORTS CARS,2
NL,CITROEN/CHAUSSON,CITROEN/CHAUSSON,2
NL,AMBASSADOR,AMBASSADOR,2
NL,GORDON KEEBLE,GORDON KEEBLE,2
NL,ROMAHOME,ROMAHOME,2
GB,DERBI,DERBI,2
NL,HAN,HAN,2
NL,CHEVROLET-TIOGA,CHEVROLET-TIOGA,2
NL,JINGDEZHEN CHANGHE,JINGDEZHEN CHANGHE,2
NL,ROCHDALE,ROCHDALE,2
NL,EVANTE,EVANTE,2
NL,ARTO,ARTO,2
NL,MACK,MACK,2
GB,BELARUS,BELARUS,2
NL,M&R RACE KABRIO M,M&R RACE KABRIO M,2
NL,MARQUETTE,MARQUETTE,2
NL,PURSANG,PURSANG,2
NL,JOWETT-JAVELIN,JOWETT-JAVELIN,2
NL,CHEVROLET-XPLORER,CHEVROLET-XPLORER,2
NL,MITSUOKA,MITSUOKA,2
NL,DERBY,DERBY,2
NL,GURGEL,GURGEL,2
NL,SPCNS,SPCNS,2
NL,GREGOIRE,GREGOIRE,2
NL,NOBLE,NOBLE,2
NL,CHEVROLET-BARTH,CHEVROLET-BARTH,2
NL,LEYLAND-DEN OUDSTEN,LEYLAND-DEN OUDSTEN,2
NL,SEA / MC LOUIS,SEA / MC LOUIS,2
NL,MCCOY,MCCOY,2
NL,NATIONAL COACH ENG.,NATIONAL COACH ENG.,2
NL,MEIER,MEIER,2
NL,HMC SPORTCARS (GB,HMC SPORTCARS (GB,2
NL,VEB,VEB,2
NL,GMC-PACE ARROW,GMC-PACE ARROW,2
NL,REGAL,REGAL,2
NL,CHANDLER,CHANDLER,2
NL,BUCKLER,BUCKLER,2
NL,SIMPLEX,SIMPLEX,2
NL,B.M.C.,B.M.C.,2
NL,BA3,BA3,2
NL,MG TF KIT,MG TF KIT,2
NL,KOENIGSEGG,KOENIGSEGG,2
NL,BMC,BMC,2
NL,SAKER,SAKER,2
NL,SS,SS,2
NL,MOSS MONACO,MOSS MONACO,2
NL,MODEL A,MODEL A,2
NL,SOUTHERN ROADCRAFT,SOUTHERN ROADCRAFT,2
NL,LATERAL DESIGN LIMITED,LATERAL DESIGN LIMITED,2
NL,FOUR WINDS,FOUR WINDS,2
NL,VANGUARD,VANGUARD,2
NL,SEITZ,SEITZ,2
NL,HANROAD,HANROAD,2
NL,AHA COACH,AHA COACH,2
NL,ITALA,ITALA,2
NL,VELOREX,VELOREX,2
NL,BIOTA,BIOTA,2
NL,FALCON,FALCON,2
NL,IVM-AUTOMOTIVE,IVM-AUTOMOTIVE,2
NL,RUSKA,RUSKA,2
NL,AUTHI,AUTHI,2
NL,VERITAS,VERITAS,2
NL,BUNKERVAN,BUNKERVAN,2
NL,SKYWELL,SKYWELL,2
NL,BLAUGAM,BLAUGAM,2
NL,SHAY,SHAY,2
NL,FORD-LEISURE TIME,FORD-LEISURE TIME,2
NL,TIFFANY COACHWORKS,TIFFANY COACHWORKS,2
NL,WD DENZEL,WD DENZEL,2
NL,SONST HERSTELLER,SONST HERSTELLER,2
NL,THOROUGHBRED,THOROUGHBRED,2
NL,KEWET,KEWET,2
NL,G.M.E.,G.M.E.,2
NL,MERCEDES BENZ AMG,MERCEDES BENZ AMG,2
NL,CHEVROLET-JAMBOREE,CHEVROLET-JAMBOREE,2
NL,INDIGO,INDIGO,2
NL,FUNBUGGIES,FUNBUGGIES,2
NL,ROAD RUNNER,ROAD RUNNER,2
NL,COACHMAN,COACHMAN,2
GB,BTM,BTM,2
NL,BERGADANA,BERGADANA,2
NL,ARIES,ARIES,2
NL,TICKFORD,TICKFORD,2
NL,CHEVROLET-MITCHELL,CHEVROLET-MITCHELL,2
NL,GM,GM,2
NL,FIAT DUCATO/GLOBE-TRAVELL,FIAT DUCATO/GLOBE-TRAVELL,2
NL,DILLINGER,DILLINGER,2
NL,AMERICAN,AMERICAN,2
NL,DELLOW,DELLOW,2
NL,MGXPOWER,MGXPOWER,2
NL,SILVA STRIKER MK2,SILVA STRIKER MK2,2
NL,AVANTI,AVANTI,2
NL,CHEVROLET-MALLARD,CHEVROLET-MALLARD,2
NL,AUTOVILLA,AUTOVILLA,2
NL,DODGE-CASUAL,DODGE-CASUAL,2
NL,ROEDER WUPPERTAL,ROEDER WUPPERTAL,2
NL,ACHLEITNER,ACHLEITNER,2
NL,AUSTIN-VANDEN PLAS,AUSTIN-VANDEN PLAS,2
NL,GRAVETTI,GRAVETTI,2
NL,LUCAS,LUCAS,2
NL,BUSCONCEPT,BUSCONCEPT,2
NL,STANGUELLINI,STANGUELLINI,2
NL,GEORGES ROY,GEORGES ROY,2
NL,GIBBONS,GIBBONS,2
NL,ROYALE WINDSOR,ROYALE WINDSOR,2
NL,BAKER ELECTRIC,BAKER ELECTRIC,2
NL,DB,DB,2
NL,LISTER,LISTER,2
NL,STELLA,STELLA,2
NL,TOYOTA-MINICRUISER,TOYOTA-MINICRUISER,2
NL,BD,BD,2
NL,IFA-FRAMO,IFA-FRAMO,2
NL,LTI VEHICLES,LTI VEHICLES,2
NL,GAZELLE,GAZELLE,2
NL,ROBUR,ROBUR,2
NL,UNIC,UNIC,2
NL,BRASIER,BRASIER,2
NL,CMD,CMD,2
NL,PANCAR,PANCAR,2
NL,VICTORIA,VICTORIA,2
NL,FAIRWAY DRIVER TAXI,FAIRWAY DRIVER TAXI,2
NL,ARISTOCAT,ARISTOCAT,2
NL,CAPE ADVANCED VEHICLES,CAPE ADVANCED VEHICLES,2
NL,ZENOS,ZENOS,2
NL,MONTEVERDI,MONTEVERDI,2
NL,ROLLER,ROLLER,2
NL,LADA AUTOMOBILE GMBH,LADA AUTOMOBILE GMBH,2
NL,BEDELIA,BEDELIA,2
NL,MPM MOTORS,MPM MOTORS,1
NL,ABT,ABT,1
NL,MAGIRUS-FAUN,MAGIRUS-FAUN,1
NL,JMC LANDWIND,JMC LANDWIND,1
NL,VOLKSWAGEN/ZIMNY,VOLKSWAGEN/ZIMNY,1
NL,HENDRIKUS,HENDRIKUS,1
NL,FREIGHT-ROVER,FREIGHT-ROVER,1
NL,VORTEX,VORTEX,1
NL,SCOIATTOLO,SCOIATTOLO,1
NL,CBP,CBP,1
NL,ATD,ATD,1
NL,FARBIO,FARBIO,1
NL,MILLOT,MILLOT,1
NL,MONICA,MONICA,1
NL,MERCEDES BENZ / CIBRO,MERCEDES BENZ / CIBRO,1
NL,NARDI,NARDI,1
NL,FLANDERS,FLANDERS,1
NL,CACCIAMALI,CACCIAMALI,1
NL,AVIONS VOISINS,AVIONS VOISINS,1
NL,LA BUIRE,LA BUIRE,1
NL,PARIS CARS MERLIN,PARIS CARS MERLIN,1
NL,REVCON,REVCON,1
NL,BALZER/APAL,BALZER/APAL,1
NL,EVOLUTE,EVOLUTE,1
NL,GEORGES/RICHARD,GEORGES/RICHARD,1
NL,EDGE SPORTSCAR,EDGE SPORTSCAR,1
NL,TOYOTA-SUNRADER,TOYOTA-SUNRADER,1
NL,CHEVROLET-LEISURE TIME,CHEVROLET-LEISURE TIME,1
NL,OGLE,OGLE,1
NL,BLUECAR,BLUECAR,1
NL,WAVERLEY,WAVERLEY,1
NL,OM,OM,1
NL,A.K.S.,A.K.S.,1
NL,FIBRA REAL SP,FIBRA REAL SP,1
NL,ANTIQUE & COLLECTIBLE,ANTIQUE & COLLECTIBLE,1
NL,NAVISTAR,NAVISTAR,1
NL,AUDIBERT-LAVIROTTE,AUDIBERT-LAVIROTTE,1
NL,GMC-SOUTHWIND,GMC-SOUTHWIND,1
NL,ASCARI FBT,ASCARI FBT,1
NL,BIGFOOT IND. (CDN.),BIGFOOT IND. (CDN.),1
NL,GERMAN E-CARS,GERMAN E-CARS,1
NL,DODGE-TIOGA,DODGE-TIOGA,1
NL,STRATTON,STRATTON,1
NL,ROLLIN,ROLLIN,1
GB,SD,SD,1
NL,STRAKIT,STRAKIT,1
NL,STOEWER,STOEWER,1
NL,HODGEP,HODGEP,1
NL,ESSER - HUERTH,ESSER - HUERTH,1
NL,STRAKER-SQUIRE,STRAKER-SQUIRE,1
NL,BEIJING JEEP CORPORATION,BEIJING JEEP CORPORATION,1
NL,PEMBLETON,PEMBLETON,1
NL,VIKING,VIKING,1
NL,XPLORER,XPLORER,1
NL,PUR SANG BUGATTI,PUR SANG BUGATTI,1
NL,METZ,METZ,1
NL,GRIFFON,GRIFFON,1
NL,STERLING,STERLING,1
NL,S.C.A.T.,S.C.A.T.,1
NL,ZAZ-PINGUIN,ZAZ-PINGUIN,1
NL,DODGE-TEC,DODGE-TEC,1
NL,VANTOURER,VANTOURER,1
GB,VALMET,VALMET,1
NL,LEISURE TRAVEL VANS,LEISURE TRAVEL VANS,1
NL,PILATO,PILATO,1
NL,ULTRAVAN,ULTRAVAN,1
NL,GEMA,GEMA,1
NL,DECAUVILLE,DECAUVILLE,1
NL,LR-ROADSTER,LR-ROADSTER,1
NL,HMC,HMC,1
NL,DEVIN,DEVIN,1
NL,SIZAIRE FRERES,SIZAIRE FRERES,1
NL,SCHOLLEN,SCHOLLEN,1
NL,BROICH-HUERTH,BROICH-HUERTH,1
NL,AUTO ROLLER,AUTO ROLLER,1
GB,JOHN ALLEN,JOHN ALLEN,1
NL,AVALLONE,AVALLONE,1
NL,AGA,AGA,1
NL,SEIGERS,SEIGERS,1
NL,MAN-VW,MAN-VW,1
NL,RMB,RMB,1
NL,MOT.- SPORT KROLL BOTTROP,MOT.- SPORT KROLL BOTTROP,1
NL,PEUGEOT BOXER/NEO-TRAVELL,PEUGEOT BOXER/NEO-TRAVELL,1
NL,RC MOTORHOMES,RC MOTORHOMES,1
NL,VELIE,VELIE,1
NL,KAROSA,KAROSA,1
NL,CLEVELAND,CLEVELAND,1
NL,IFAKRAFTFARZEUGWERK AUDI,IFAKRAFTFARZEUGWERK AUDI,1
NL,NAMCO,NAMCO,1
NL,LEADER,LEADER,1
NL,"KARMANN, RHEINE","KARMANN, RHEINE",1
NL,OBERAIGNER AUTOMOTIVE,OBERAIGNER AUTOMOTIVE,1
NL,LENCIA,LENCIA,1
NL,GMC-JAYCO,GMC-JAYCO,1
NL,AVIONS VOISIN,AVIONS VOISIN,1
NL,GRINNALL,GRINNALL,1
NL,G.D.,G.D.,1
NL,EMF,EMF,1
NL,STIMULA,STIMULA,1
NL,GBS,GBS,1
NL,ASA,ASA,1
NL,ZAGO AUTOMOTIVE,ZAGO AUTOMOTIVE,1
NL,BLACKBURN,BLACKBURN,1
NL,EL KG BUGATTIBAU,EL KG BUGATTIBAU,1
NL,ORA,ORA,1
NL,ARDEN,ARDEN,1
NL,LUC COURT,LUC COURT,1
NL,MATTIG BAMBERG,MATTIG BAMBERG,1
NL,COMMANCHEE ARROWHEAD,COMMANCHEE ARROWHEAD,1
NL,PERIGORD VDL,PERIGORD VDL,1
NL,VERNON DERBY,VERNON DERBY,1
NL,COXX,COXX,1
NL,ALLEGRO,ALLEGRO,1
NL,HIRONDELLE,HIRONDELLE,1
NL,LORRAINE,LORRAINE,1
NL,B.N.C.,B.N.C.,1
NL,BRIGGS & STRATTON,BRIGGS & STRATTON,1
NL,DOBLE,DOBLE,1
NL,RHEINAU.MASCH-B.-RMA,RHEINAU.MASCH-B.-RMA,1
NL,SHENYANG BRILLIANCE JINBE,SHENYANG BRILLIANCE JINBE,1
NL,HANSA,HANSA,1
NL,ROUSSON,ROUSSON,1
NL,JEFFERY,JEFFERY,1
NL,HENSEN,HENSEN,1
NL,SYRENA,SYRENA,1
NL,OEAF,OEAF,1
NL,T & J,T & J,1
NL,MP-LAFER,MP-LAFER,1
NL,SIMA,SIMA,1
NL,SCHAUDEL,SCHAUDEL,1
NL,STEWART & STEVENSON,STEWART & STEVENSON,1
NL,ROCKNE,ROCKNE,1
NL,AGOSY,AGOSY,1
NL,WINTON,WINTON,1
NL,ISDERA,ISDERA,1
NL,HALL,HALL,1
NL,PEMBLETON BROOKLAND,PEMBLETON BROOKLAND,1
NL,BOLER,BOLER,1
NL,GRIFFITH,GRIFFITH,1
NL,"KUEHN,R","KUEHN,R",1
NL,JORDAN,JORDAN,1
NL,LORRAINE DIETRICH,LORRAINE DIETRICH,1
NL,ZUEST,ZUEST,1
NL,SCAM,SCAM,1
NL,MINI AUTO,MINI AUTO,1
NL,WEST-COAST CORP,WEST-COAST CORP,1
NL,VERSAILLES,VERSAILLES,1
NL,MIDSTATES,MIDSTATES,1
NL,WALTER,WALTER,1
NL,PEERLESS,PEERLESS,1
NL,INTER HARV-IHC,INTER HARV-IHC,1
NL,GOTTLOB AUWAERTER,GOTTLOB AUWAERTER,1
NL,TRI-STATE,TRI-STATE,1
NL,RKSP,RKSP,1
NL,BROOKE,BROOKE,1
NL,ARROL JOHNSTON,ARROL JOHNSTON,1
NL,VAN MUYLDER,VAN MUYLDER,1
NL,WM MOTOR MANUFACTURING WM,WM MOTOR MANUFACTURING WM,1
NL,SDR,SDR,1
NL,HANS GLAS GMBH,HANS GLAS GMBH,1
NL,CONTEMPORARY,CONTEMPORARY,1
NL,VOLKNER REISE-MOBIL,VOLKNER REISE-MOBIL,1
NL,MINIJEM,MINIJEM,1
NL,MW MOTORS SRO,MW MOTORS SRO,1
NL,NAPIER,NAPIER,1
NL,ZANELLA,ZANELLA,1
NL,WHITGIFT,WHITGIFT,1
NL,ENZMANN,ENZMANN,1
NL,SPCC,SPCC,1
NL,LEADING IDEAL,LEADING IDEAL,1
NL,FACTORY,FACTORY,1
NL,FOREST RIVER,FOREST RIVER,1
NL,BLUE ASH TECHN. CORP.,BLUE ASH TECHN. CORP.,1
NL,KIMMAN,KIMMAN,1
NL,BAYLISS THOMAS,BAYLISS THOMAS,1
NL,LINER,LINER,1
NL,SEA / ELNAGH,SEA / ELNAGH,1
NL,FORETRAVEL,FORETRAVEL,1
NL,PROTON,PROTON,1
NL,GEIGER,GEIGER,1
NL,GEORGIE BOY MFTG,GEORGIE BOY MFTG,1
NL,WILLYS MOTORS,WILLYS MOTORS,1
NL,STEARNS-KNIGHT,STEARNS-KNIGHT,1
NL,ZOTYE,ZOTYE,1
NL,JAVELIN,JAVELIN,1
NL,AMERICAN EAGLE,AMERICAN EAGLE,1
NL,SUELZER,SUELZER,1
NL,DE DIETRICH,DE DIETRICH,1
NL,LAWIL,LAWIL,1
NL,ISO GRIFO,ISO GRIFO,1
NL,MITCHELL,MITCHELL,1
NL,HURTU,HURTU,1
NL,VETTA VENTURA,VETTA VENTURA,1
NL,NAGANT,NAGANT,1
NL,CG,CG,1
NL,CHR. ROEDER,CHR. ROEDER,1
NL,MORGAN MOTOR COMPANY LTD,MORGAN MOTOR COMPANY LTD,1
NL,SIZAIRE ET NAUDIN,SIZAIRE ET NAUDIN,1
NL,STYLEVAN,STYLEVAN,1
NL,ASIA MOTORS,ASIA MOTORS,1
NL,TRAIL-LITE,TRAIL-LITE,1
NL,MAURI,MAURI,1
NL,MADISON,MADISON,1
NL,EXPLORER,EXPLORER,1
NL,ROLES,ROLES,1
NL,TURTLE TOP,TURTLE TOP,1
NL,STONE LEIGH,STONE LEIGH,1
NL,LITTLE STAR,LITTLE STAR,1
NL,WESSELO,WESSELO,1
NL,KRYSTAL ENTERPRISES,KRYSTAL ENTERPRISES,1
NL,FORZA,FORZA,1
NL,PEUGEOT/MOBILCAR,PEUGEOT/MOBILCAR,1
NL,LANE,LANE,1
NL,DORETTI,DORETTI,1
NL,SUERE,SUERE,1
NL,BUSINESS,BUSINESS,1
NL,CITROEN/CHALLENGER,CITROEN/CHALLENGER,1
GB,MASAI,MASAI,1
NL,KASPAR,KASPAR,1
NL,MEADOWS,MEADOWS,1
NL,DIATTO,DIATTO,1
NL,BUICK OPEL,BUICK OPEL,1
NL,MAGDA,MAGDA,1
NL,TOMASZO COBRA,TOMASZO COBRA,1
NL,AUTOTUNE,AUTOTUNE,1
NL,DIAMOND DSM,DIAMOND DSM,1
NL,AUTO-TRAIL V.R. LIMITED,AUTO-TRAIL V.R. LIMITED,1
NL,VENTURI,VENTURI,1
NL,XENATEC,XENATEC,1
NL,FISSORE,FISSORE,1
NL,NEWMAR,NEWMAR,1
NL,DAIMLERCHRYSLER,DAIMLERCHRYSLER,1
NL,ERRA,ERRA,1
NL,MONET GOYON,MONET GOYON,1
NL,ABS,ABS,1
NL,V.M.,V.M.,1
NL,SALEEN,SALEEN,1
NL,ASCARI,ASCARI,1
NL,GATSO,GATSO,1
NL,RCH,RCH,1
NL,LAWLER SPECIAL,LAWLER SPECIAL,1
NL,LCD,LCD,1
NL,FUGITIVE,FUGITIVE,1
NL,MICROCAR,MICROCAR,1
NL,FORD-DIAMOND,FORD-DIAMOND,1
NL,ARTEGA,ARTEGA,1
NL,NEWELL COACH,NEWELL COACH,1
NL,OTOKAR,OTOKAR,1
NL,LASSALLE,LASSALLE,1
NL,GP PROJECTS,GP PROJECTS,1
GB,MOTOR JIKOV,MOTOR JIKOV,1
NL,F.N.,F.N.,1
NL,PAX,PAX,1
NL,AFRICAR,AFRICAR,1
NL,MILLS,MILLS,1
NL,CUSHMAN,CUSHMAN,1
NL,SANICAR,SANICAR,1
NL,AUTOHAUS UHLMACHER,AUTOHAUS UHLMACHER,1
NL,HANDS,HANDS,1
NL,A.F.F.,A.F.F.,1
NL,MERCEDES-SIMPLEX,MERCEDES-SIMPLEX,1
NL,GAMC BALDI,GAMC BALDI,1
NL,ENVEMO BRASILIEN,ENVEMO BRASILIEN,1
NL,MOSS,MOSS,1
NL,ANASAGASTI,ANASAGASTI,1
NL,BANTAM,BANTAM,1
NL,LAGO,LAGO,1
NL,CARTERCAR,CARTERCAR,1
NL,SOCIETE,SOCIETE,1
NL,MCW,MCW,1
NL,TAVRIA,TAVRIA,1
NL,ADAMO,ADAMO,1
NL,LUCENTI,LUCENTI,1
NL,SOUTH ROADCRAFT,SOUTH ROADCRAFT,1
NL,MAN TRUCK & BUS SE MERCUS,MAN TRUCK & BUS SE MERCUS,1
NL,MINOR,MINOR,1
NL,BCK,BCK,1
NL,THOMSON,THOMSON,1
NL,THAMES TRADER,THAMES TRADER,1
GB,SACHS,SACHS,1
NL,MINARI ALFA CLUB,MINARI ALFA CLUB,1
NL,NAYLOR,NAYLOR,1
NL,SURREY,SURREY,1
NL,WAZ,WAZ,1
NL,DEON,DEON,1
NL,MVS,MVS,1
NL,KIEFT,KIEFT,1
NL,RASANT,RASANT,1
NL,AXCO,AXCO,1
NL,VELAM,VELAM,1
NL,TIFFANY ENTERPRISES,TIFFANY ENTERPRISES,1
NL,CHEVROLET-TRAVELWORLD,CHEVROLET-TRAVELWORLD,1
NL,IWK,IWK,1
NL,BMW-BAUER STUTTGART,BMW-BAUER STUTTGART,1
NL,COVIN,COVIN,1
NL,TR-TEC,TR-TEC,1
NL,HITECH,HITECH,1
NL,ISOTTA-FRASCHINI,ISOTTA-FRASCHINI,1
NL,LASER REPLICA,LASER REPLICA,1
NL,GEMINI,GEMINI,1
NL,MILEK,MILEK,1
NL,SWINDON,SWINDON,1
NL,STEINWINTER,STEINWINTER,1
GB,GUY,GUY,1
NL,GREAT WALL,GREAT WALL,1
NL,PEUGEOT BOXER,PEUGEOT BOXER,1
NL,BS,BS,1
NL,COPY CATS,COPY CATS,1
NL,GOPO,GOPO,1
NL,LAFORZA,LAFORZA,1
NL,MAC 1,MAC 1,1
NL,EMPIRE SABRE,EMPIRE SABRE,1
NL,CHEVROLET-JAYCO,CHEVROLET-JAYCO,1
NL,ROLUX,ROLUX,1
NL,ISOTTA FRANCHINI,ISOTTA FRANCHINI,1
NL,KUHLMANN-CARS,KUHLMANN-CARS,1
NL,TRIBUTE,TRIBUTE,1
GB,VOGELE,VOGELE,1
NL,SVC,SVC,1
NL,ALLEN COACHWORKS,ALLEN COACHWORKS,1
NL,ETALMOBIL,ETALMOBIL,1
NL,ECKLOFF,ECKLOFF,1
NL,HENSCHEL,HENSCHEL,1
NL,POPE-WAVERLEY,POPE-WAVERLEY,1
NL,FIBERFAB,FIBERFAB,1
NL,HOTOMOBIL,HOTOMOBIL,1
NL,LUNAR,LUNAR,1
NL,AEC,AEC,1
NL,FIAT DUCATO/NEO-TRAVELLER,FIAT DUCATO/NEO-TRAVELLER,1
NL,FRAZER,FRAZER,1
NL,K.C.C.,K.C.C.,1
NL,TRIDENT,TRIDENT,1
NL,EYSINK,EYSINK,1
NL,PAIGE DETROIT,PAIGE DETROIT,1
NL,FORD-SHASTA,FORD-SHASTA,1
NL,STANDARD MOTOR CORP.,STANDARD MOTOR CORP.,1
NL,AMEDEE BOLLEE,AMEDEE BOLLEE,1
NL,G.M.C.-JAMBOREE,G.M.C.-JAMBOREE,1
NL,DELANEY,DELANEY,1
NL,SPIER,SPIER,1
NL,COACHMAN MIRADA,COACHMAN MIRADA,1
NL,HARLEY DAVIDSON,HARLEY DAVIDSON,1
NL,APOLLO,APOLLO,1
NL,MALLOCK,MALLOCK,1
NL,KODEWA,KODEWA,1
NL,ATLAS TECHNOLOGIES,ATLAS TECHNOLOGIES,1
NL,BANDINI,BANDINI,1
NL,DODGE-PACE ARROW,DODGE-PACE ARROW,1
NL,NG TA TOURER,NG TA TOURER,1
GB,JOHNSTON SWEEPERS,JOHNSTON SWEEPERS,1
NL,DELAUGERE CLAYETTE,DELAUGERE CLAYETTE,1
NL,DEL MONTE JEEP,DEL MONTE JEEP,1
NL,ANADOL,ANADOL,1
NL,UVA,UVA,1
NL,RCB,RCB,1
NL,GASMOBILE,GASMOBILE,1
NL,IKA-RENAULT,IKA-RENAULT,1
NL,CENO WTH BUGGY,CENO WTH BUGGY,1
NL,GORKI,GORKI,1
NL,CALVY MITCHEL KIT,CALVY MITCHEL KIT,1
NL,ELVA,ELVA,1
NL,CORTEZ CAMPER USA,CORTEZ CAMPER USA,1
NL,ABT E-LINE GMBH,ABT E-LINE GMBH,1
NL,HAINSWORTH,HAINSWORTH,1
NL,HOLSMAN,HOLSMAN,1
NL,HONKER,HONKER,1
NL,DAMONWORKHORSE,DAMONWORKHORSE,1
NL,DAMON CORPORATION,DAMON CORPORATION,1
NL,BENOVA,BENOVA,1
NL,ERA CARS,ERA CARS,1
NL,JURGEN MOHR RUSH,JURGEN MOHR RUSH,1
NL,BARRE,BARRE,1
NL,IBC,IBC,1
NL,NYSA MOTOR,NYSA MOTOR,1
NL,CROWN,CROWN,1
NL,HERBERT ENGINEERING,HERBERT ENGINEERING,1
NL,GRAF & STIFT,GRAF & STIFT,1
NL,RODLINE 1934,RODLINE 1934,1
NL,LEDL,LEDL,1
NL,SPEZIAL,SPEZIAL,1
NL,SOUTHAMPTON COACHWORKS,SOUTHAMPTON COACHWORKS,1
NL,NG TF,NG TF,1
NL,PATERSON,PATERSON,1
NL,CHARRON,CHARRON,1
NL,FORD-WINSOR,FORD-WINSOR,1
NL,RAYTON FISSORE,RAYTON FISSORE,1
NL,"J. HUSCHKE, NOHFELDE","J. HUSCHKE, NOHFELDE",1
NL,EAGLE-LINCOLN,EAGLE-LINCOLN,1
NL,MOTO GUZZI,MOTO GUZZI,1
NL,SPECIALIST SPORTS,SPECIALIST SPORTS,1
GB,GROVE,GROVE,1
NL,MOBITECTURE,MOBITECTURE,1
NL,TELCO,TELCO,1
NL,FORD-RAMBLER,FORD-RAMBLER,1
NL,HRG,HRG,1
NL,CLEMENT PANHARD,CLEMENT PANHARD,1
NL,P.T.V.,P.T.V.,1
NL,CITROEN/PILOTE,CITROEN/PILOTE,1
NL,GIAUR,GIAUR,1
NL,KRIT,KRIT,1
NL,ISETTA,ISETTA,1
NL,OPPERMAN,OPPERMAN,1
NL,SCOUTCAR,SCOUTCAR,1
NL,FULDA MOBIEL,FULDA MOBIEL,1
NL,BROUGH SUPERIOR,BROUGH SUPERIOR,1
NL,ONYX FIREFLY,ONYX FIREFLY,1
NL,PASTICHE,PASTICHE,1
NL,HOBBYCAR,HOBBYCAR,1
NL,BERNA,BERNA,1
NL,FERGUSON,FERGUSON,1
NL,C.I.D.,C.I.D.,1
NL,FOSTER,FOSTER,1
NL,EVIL TWIN,EVIL TWIN,1
NL,OWEN MAGNETIC,OWEN MAGNETIC,1
NL,MORETTI,MORETTI,1
NL,BOHSE,BOHSE,1
NL,VOLPI,VOLPI,1
NL,AUROA,AUROA,1
NL,CALCOTT,CALCOTT,1
NL,MOCHET,MOCHET,1
NL,TAMPLIN,TAMPLIN,1
NL,YUE LOONG,YUE LOONG,1
NL,SAINT LOUIS,SAINT LOUIS,1
NL,ACE,ACE,1
NL,CHEVROLET-TEC,CHEVROLET-TEC,1
NL,GESER,GESER,1
NL,DRAYTON,DRAYTON,1
NL,EVANTA,EVANTA,1
NL,TGB,TGB,1
NL,GMC-TIOGA,GMC-TIOGA,1
NL,OEVRIGA,OEVRIGA,1
NL,BEIJING,BEIJING,1
NL,KNOX,KNOX,1
GB,AION,AION,1
NL,DUESENBERG,DUESENBERG,1
NL,LEYLAND-VERHEUL,LEYLAND-VERHEUL,1
NL,DAEWOO-FSO,DAEWOO-FSO,1
NL,IMV,IMV,1
NL,LENHAM,LENHAM,1
NL,TOFAS,TOFAS,1
NL,NEW-MAP,NEW-MAP,1
NL,SPIER FAHRZEUGWERKE KG,SPIER FAHRZEUGWERKE KG,1
NL,UNIQUE AUTOCRAFT,UNIQUE AUTOCRAFT,1
NL,ULTRA COACHWORKS,ULTRA COACHWORKS,1
NL,STODDARD DAYTON,STODDARD DAYTON,1
GB,MONTESA,MONTESA,1
NL,PRINCE,PRINCE,1
NL,CANCO COBRA,CANCO COBRA,1
NL,FOERS,FOERS,1
NL,AUTO BLEU,AUTO BLEU,1
NL,SEARS-ROEBUCK,SEARS-ROEBUCK,1
NL,SABRA,SABRA,1
NL,SAMMIO,SAMMIO,1
NL,ENCORE,ENCORE,1
NL,GLASSIC,GLASSIC,1
NL,MANSORY (D),MANSORY (D),1
NL,STROSEK-PORSCHE,STROSEK-PORSCHE,1
NL,JERBA CAMPERVANS,JERBA CAMPERVANS,1
NL,MINOTTO,MINOTTO,1
NL,IRMSCHER,IRMSCHER,1
NL,POBEDA,POBEDA,1
GB,ETON,ETON,1
NL,KARRIER,KARRIER,1
NL,HALDANE,HALDANE,1
NL,GORGUS,GORGUS,1
NL,TRAKA,TRAKA,1
NL,IRIS FRANCE,IRIS FRANCE,1
NL,CRESTMOBILE,CRESTMOBILE,1
NL,MUNTZ,MUNTZ,1
NL,SAIGA,SAIGA,1
NL,BETA,BETA,1
NL,BLACKSTONE,BLACKSTONE,1
NL,FBW,FBW,1
