make,model_gen,generation,country,horizon,year,stock_now,stock_projected,low,high,k_median,lambda_median,cohorts_fitted,cohorts_total
ABARTH,500,312,GB,5,2030,3739,3129,2908,3291,1.5000000000000002,30.285544030294176,5,17
ABARTH,500,312,GB,10,2035,3739,2549,2184,2841,1.5000000000000002,30.285544030294176,5,17
ALFA ROMEO,156,932,GB,5,2030,229,62,34,95,0.8500000000000001,3.244178166779411,3,12
ALFA ROMEO,156,932,GB,10,2035,229,19,6,41,0.8500000000000001,3.244178166779411,3,12
ALFA ROMEO,BRERA,939,GB,5,2030,1267,624,477,755,2.5,19.845772921707837,5,7
ALFA ROMEO,BRERA,939,GB,10,2035,1267,246,143,385,2.5,19.845772921707837,5,7
ALFA ROMEO,GT,937,GB,5,2030,948,134,54,270,3.25,14.435982569474849,7,20
ALFA ROMEO,GT,937,GB,10,2035,948,13,2,63,3.25,14.435982569474849,7,20
ALFA ROMEO,SPIDER,916,GB,5,2030,458,274,222,317,1.35,17.683590745884885,6,11
ALFA ROMEO,SPIDER,916,GB,10,2035,458,163,109,218,1.35,17.683590745884885,6,11
ASTON MARTIN,DB7,DB7,GB,5,2030,602,434,359,493,1.25,24.06758087898286,5,13
ASTON MARTIN,DB7,DB7,GB,10,2035,602,324,241,397,1.25,24.06758087898286,5,13
ASTON MARTIN,DB9,DB9,GB,5,2030,2468,1898,1623,2084,1.55,24.473262103019117,8,15
ASTON MARTIN,DB9,DB9,GB,10,2035,2468,1417,1033,1725,1.55,24.473262103019117,8,15
ASTON MARTIN,V8 VANTAGE,VH,GB,5,2030,2802,2157,1590,2460,1.6500000000000001,23.19093942738424,8,13
ASTON MARTIN,V8 VANTAGE,VH,GB,10,2035,2802,1611,975,2133,1.6500000000000001,23.19093942738424,8,13
AUDI,CABRIOLET,B4,GB,5,2030,274,143,124,160,1.3,12.873259723613927,4,14
AUDI,CABRIOLET,B4,GB,10,2035,274,73,55,92,1.3,12.873259723613927,4,14
AUDI,R8,42,GB,5,2030,1524,1127,777,1319,1.25,24.715402173682417,7,9
AUDI,R8,42,GB,10,2035,1524,825,528,1127,1.25,24.715402173682417,7,9
AUDI,RS4,B7,GB,5,2030,1489,996,930,1055,2.0,21.29074304204995,3,3
AUDI,RS4,B7,GB,10,2035,1489,624,546,705,2.0,21.29074304204995,3,3
AUDI,S3,8L,GB,5,2030,873,428,340,508,1.05,8.524895592602286,5,7
AUDI,S3,8L,GB,10,2035,873,198,128,283,1.05,8.524895592602286,5,7
AUDI,TT,8J,GB,5,2030,33817,27248,21013,30598,2.5,35.036190876434105,6,8
AUDI,TT,8J,GB,10,2035,33817,20288,11624,26493,2.5,35.036190876434105,6,8
AUDI,TT,8N,GB,5,2030,16396,6274,5045,7522,3.05,21.390534299540143,8,10
AUDI,TT,8N,GB,10,2035,16396,1613,1000,2446,3.05,21.390534299540143,8,10
BMW,135I,E82,GB,5,2030,779,560,443,633,1.9000000000000001,24.966438106034015,6,8
BMW,135I,E82,GB,10,2035,779,373,237,493,1.9000000000000001,24.966438106034015,6,8
BMW,6 SERIES,E63,GB,5,2030,5599,3203,2673,3664,2.55,21.45438926384255,8,10
BMW,6 SERIES,E63,GB,10,2035,5599,1507,990,2075,2.55,21.45438926384255,8,10
BMW,8 SERIES,E31,GB,5,2030,265,167,124,201,1.9500000000000002,24.433832015874657,5,11
BMW,8 SERIES,E31,GB,10,2035,265,102,61,148,1.9500000000000002,24.433832015874657,5,11
BMW,M3,E46,GB,5,2030,3556,2368,1833,2761,1.05,13.970608368095814,4,10
BMW,M3,E46,GB,10,2035,3556,1582,961,2151,1.05,13.970608368095814,4,10
BMW,M3,E9X,GB,5,2030,3039,2021,1592,2300,1.6,18.777942861888473,6,8
BMW,M3,E9X,GB,10,2035,3039,1270,871,1693,1.6,18.777942861888473,6,8
BMW,M5,E39,GB,5,2030,344,204,104,272,1.4000000000000001,16.8041143594192,3,6
BMW,M5,E39,GB,10,2035,344,114,44,213,1.4000000000000001,16.8041143594192,3,6
BMW,M5,E60,GB,5,2030,517,304,247,354,1.6,14.696672191164804,4,6
BMW,M5,E60,GB,10,2035,517,180,127,240,1.6,14.696672191164804,4,6
BMW,Z3,E36_7,GB,5,2030,6241,3816,3368,4207,1.55,19.09354538367526,7,13
BMW,Z3,E36_7,GB,10,2035,6241,2218,1703,2732,1.55,19.09354538367526,7,13
BMW,Z4,E85,GB,5,2030,10979,7108,6359,7767,2.35,24.072675381743522,6,7
BMW,Z4,E85,GB,10,2035,10979,4072,3190,4967,2.35,24.072675381743522,6,7
BMW,Z4,E89,GB,5,2030,5641,5012,4648,5233,1.55,39.655964147415204,3,8
BMW,Z4,E89,GB,10,2035,5641,4378,3729,4803,1.55,39.655964147415204,3,8
BMW,Z4 M,E85_86,GB,5,2030,440,331,292,359,0.65,9.283796904978615,3,4
BMW,Z4 M,E85_86,GB,10,2035,440,254,201,298,0.65,9.283796904978615,3,4
CITROEN,C2 VTS,A6,GB,5,2030,623,101,35,201,3.15,14.943404222485691,7,9
CITROEN,C2 VTS,A6,GB,10,2035,623,6,1,37,3.15,14.943404222485691,7,9
CITROEN,C6,X6,GB,5,2030,189,80,26,127,2.1,16.35040847949815,4,8
CITROEN,C6,X6,GB,10,2035,189,30,4,84,2.1,16.35040847949815,4,8
FORD,FIESTA ST,MK6,GB,5,2030,4772,2005,1743,2264,2.4,17.81645483475604,4,4
FORD,FIESTA ST,MK6,GB,10,2035,4772,635,466,839,2.4,17.81645483475604,4,4
FORD,FOCUS RS,MK2,GB,5,2030,1582,1031,902,1139,1.3,14.28632904338501,3,3
FORD,FOCUS RS,MK2,GB,10,2035,1582,656,502,806,1.3,14.28632904338501,3,3
FORD,FOCUS ST,MK2,GB,5,2030,10619,6060,5136,6882,2.3,20.779365869359353,7,8
FORD,FOCUS ST,MK2,GB,10,2035,10619,3059,2202,4061,2.3,20.779365869359353,7,8
HONDA,CIVIC TYPE R,EP3,GB,5,2030,3384,1620,1356,1870,1.7500000000000002,15.585680825503706,4,7
HONDA,CIVIC TYPE R,EP3,GB,10,2035,3384,694,474,945,1.7500000000000002,15.585680825503706,4,7
HONDA,CIVIC TYPE R,FN2,GB,5,2030,7015,4087,3446,4629,2.55,22.96899644161824,5,5
HONDA,CIVIC TYPE R,FN2,GB,10,2035,7015,1992,1340,2668,2.55,22.96899644161824,5,5
HONDA,S2000,AP1_AP2,GB,5,2030,2753,1935,1636,2159,1.2,16.840987482023245,10,13
HONDA,S2000,AP1_AP2,GB,10,2035,2753,1353,984,1687,1.2,16.840987482023245,10,13
JAGUAR,S-TYPE R,X200,GB,5,2030,413,245,170,301,1.9500000000000002,20.27383930084363,6,7
JAGUAR,S-TYPE R,X200,GB,10,2035,413,139,80,214,1.9500000000000002,20.27383930084363,6,7
JAGUAR,XJ,X300_X308,GB,5,2030,2876,1336,1195,1472,1.25,10.191555098499133,9,12
JAGUAR,XJ,X300_X308,GB,10,2035,2876,604,483,736,1.25,10.191555098499133,9,12
JAGUAR,XJS,XJS,GB,5,2030,880,588,436,712,1.4000000000000001,25.26829561226216,6,31
JAGUAR,XJS,XJS,GB,10,2035,880,375,255,558,1.4000000000000001,25.26829561226216,6,31
JAGUAR,XK,X100,GB,5,2030,6158,3945,2929,4608,2.0,24.23020940495867,10,12
JAGUAR,XK,X100,GB,10,2035,6158,2379,1450,3368,2.0,24.23020940495867,10,12
JAGUAR,XK,X150,GB,5,2030,8670,6720,5429,7445,1.7500000000000002,27.24710632134647,8,9
JAGUAR,XK,X150,GB,10,2035,8670,4942,3308,6206,1.7500000000000002,27.24710632134647,8,9
LEXUS,LS400,XF10_XF20,GB,5,2030,539,292,239,338,0.95,8.987718108988018,6,14
LEXUS,LS400,XF10_XF20,GB,10,2035,539,160,109,214,0.95,8.987718108988018,6,14
LEXUS,SC430,Z40,GB,5,2030,1297,1043,906,1129,1.8,29.82427986074137,8,9
LEXUS,SC430,Z40,GB,10,2035,1297,823,622,972,1.8,29.82427986074137,8,9
LOTUS,ELISE,S2,GB,5,2030,853,670,564,735,0.9000000000000001,18.73723111395226,6,10
LOTUS,ELISE,S2,GB,10,2035,853,531,382,637,0.9000000000000001,18.73723111395226,6,10
LOTUS,EVORA,122,GB,5,2030,226,184,124,211,1.4500000000000002,26.480205210339886,3,14
LOTUS,EVORA,122,GB,10,2035,226,147,68,195,1.4500000000000002,26.480205210339886,3,14
MASERATI,4200,M138,GB,5,2030,366,234,188,270,1.8,21.270190847383397,4,18
MASERATI,4200,M138,GB,10,2035,366,143,93,193,1.8,21.270190847383397,4,18
MASERATI,GRANTURISMO,M145,GB,5,2030,1157,891,685,1002,1.6500000000000001,25.56128785271857,6,17
MASERATI,GRANTURISMO,M145,GB,10,2035,1157,662,388,853,1.6500000000000001,25.56128785271857,6,17
MASERATI,QUATTROPORTE,M139,GB,5,2030,141,64,19,100,2.55,19.159923793293892,3,9
MASERATI,QUATTROPORTE,M139,GB,10,2035,141,22,2,67,2.55,19.159923793293892,3,9
MAZDA,MX-5,NB,GB,5,2030,12431,5388,3953,6793,2.2,18.633467948029097,8,11
MAZDA,MX-5,NB,GB,10,2035,12431,1954,1093,3188,2.2,18.633467948029097,8,11
MAZDA,MX-5,NC,GB,5,2030,28619,22972,21499,24038,2.2,30.50604541605145,7,10
MAZDA,MX-5,NC,GB,10,2035,28619,17576,15112,19448,2.2,30.50604541605145,7,10
MAZDA,RX-8,SE3P,GB,5,2030,1204,545,358,717,1.1,9.134995268681987,4,9
MAZDA,RX-8,SE3P,GB,10,2035,1204,249,108,429,1.1,9.134995268681987,4,9
MERCEDES-BENZ,190,W201,GB,5,2030,495,301,284,316,0.95,8.773948463391207,3,37
MERCEDES-BENZ,190,W201,GB,10,2035,495,184,165,203,0.95,8.773948463391207,3,37
MERCEDES-BENZ,C63 AMG,W204,GB,5,2030,2628,2047,1682,2281,1.35,24.051800334777717,6,7
MERCEDES-BENZ,C63 AMG,W204,GB,10,2035,2628,1548,1031,1944,1.35,24.051800334777717,6,7
MERCEDES-BENZ,CL,C215,GB,5,2030,652,262,199,322,2.4499999999999997,19.836977104575638,5,9
MERCEDES-BENZ,CL,C215,GB,10,2035,652,81,44,134,2.4499999999999997,19.836977104575638,5,9
MERCEDES-BENZ,CL,C216,GB,5,2030,787,506,376,589,2.15,21.374768230469527,5,8
MERCEDES-BENZ,CL,C216,GB,10,2035,787,290,154,417,2.15,21.374768230469527,5,8
MERCEDES-BENZ,CLK,C208,GB,5,2030,2673,722,522,938,1.7500000000000002,12.362689002306483,5,9
MERCEDES-BENZ,CLK,C208,GB,10,2035,2673,151,75,268,1.7500000000000002,12.362689002306483,5,9
MERCEDES-BENZ,CLK,C209,GB,5,2030,16722,6734,5581,7828,3.45,20.017436544667103,7,9
MERCEDES-BENZ,CLK,C209,GB,10,2035,16722,1697,1002,2562,3.45,20.017436544667103,7,9
MERCEDES-BENZ,E55 AMG,W210,GB,5,2030,69,24,12,42,5.5,22.079885625029725,4,6
MERCEDES-BENZ,E55 AMG,W210,GB,10,2035,69,8,3,22,5.5,22.079885625029725,4,6
MERCEDES-BENZ,S-CLASS,W140,GB,5,2030,270,118,101,135,1.7500000000000002,16.6686198169935,5,9
MERCEDES-BENZ,S-CLASS,W140,GB,10,2035,270,49,35,64,1.7500000000000002,16.6686198169935,5,9
MERCEDES-BENZ,S-CLASS,W220,GB,5,2030,1521,331,178,514,2.65,16.393099993721542,7,9
MERCEDES-BENZ,S-CLASS,W220,GB,10,2035,1521,42,10,120,2.65,16.393099993721542,7,9
MERCEDES-BENZ,S-CLASS,W221,GB,5,2030,6048,3356,2388,3977,2.55,17.975976960349406,8,9
MERCEDES-BENZ,S-CLASS,W221,GB,10,2035,6048,1799,1017,2585,2.55,17.975976960349406,8,9
MERCEDES-BENZ,SL,R129,GB,5,2030,2060,1458,1245,1624,1.7000000000000002,26.675411093894823,7,16
MERCEDES-BENZ,SL,R129,GB,10,2035,2060,997,728,1248,1.7000000000000002,26.675411093894823,7,16
MERCEDES-BENZ,SL,R230,GB,5,2030,6286,4166,3655,4570,2.1,24.363019041742817,10,10
MERCEDES-BENZ,SL,R230,GB,10,2035,6286,2523,1888,3109,2.1,24.363019041742817,10,10
MERCEDES-BENZ,SLK,R170,GB,5,2030,6462,2246,1791,2724,3.35,23.217905669817814,8,13
MERCEDES-BENZ,SLK,R170,GB,10,2035,6462,491,296,781,3.35,23.217905669817814,8,13
MERCEDES-BENZ,SLK,R171,GB,5,2030,17921,12891,10971,14118,2.55,27.874246154265258,7,9
MERCEDES-BENZ,SLK,R171,GB,10,2035,17921,8370,5735,10440,2.55,27.874246154265258,7,9
MG,MGF,MGF,GB,5,2030,1706,939,838,1031,0.8500000000000001,5.862752062273818,4,13
MG,MGF,MGF,GB,10,2035,1706,526,426,633,0.8500000000000001,5.862752062273818,4,13
MG,TF,TF,GB,5,2030,5591,3430,3062,3737,1.25,16.499984701240624,9,19
MG,TF,TF,GB,10,2035,5591,2100,1674,2513,1.25,16.499984701240624,9,19
MINI,COOPER S,R53,GB,5,2030,13026,5247,4273,6201,2.9,20.53612171455141,5,8
MINI,COOPER S,R53,GB,10,2035,13026,1372,833,2086,2.9,20.53612171455141,5,8
MINI,COOPER S,R56,GB,5,2030,26448,17088,13771,19409,3.2,22.11032051574656,7,7
MINI,COOPER S,R56,GB,10,2035,26448,10109,6519,13209,3.2,22.11032051574656,7,7
MITSUBISHI,LANCER EVOLUTION,VII_IX,GB,5,2030,344,207,157,247,1.2,12.670176846990353,3,9
MITSUBISHI,LANCER EVOLUTION,VII_IX,GB,10,2035,344,124,73,177,1.2,12.670176846990353,3,9
NISSAN,200SX,S14,GB,5,2030,131,73,50,91,1.05,9.061162516921723,3,8
NISSAN,200SX,S14,GB,10,2035,131,40,19,63,1.05,9.061162516921723,3,8
NISSAN,350Z,Z33,GB,5,2030,2961,1635,1300,1913,2.25,20.080403729799837,7,8
NISSAN,350Z,Z33,GB,10,2035,2961,779,459,1125,2.25,20.080403729799837,7,8
NISSAN,370Z,Z34,GB,5,2030,1018,764,606,866,1.9000000000000001,23.49696463048175,4,13
NISSAN,370Z,Z34,GB,10,2035,1018,540,326,715,1.9000000000000001,23.49696463048175,4,13
NISSAN,GT-R,R35,GB,5,2030,977,727,551,833,1.3,20.691425414031052,5,14
NISSAN,GT-R,R35,GB,10,2035,977,530,301,703,1.3,20.691425414031052,5,14
OPEL,ASTRA OPC,H,GB,5,2030,2908,1569,1287,1827,2.05,17.75916992510711,6,6
OPEL,ASTRA OPC,H,GB,10,2035,2908,779,529,1063,2.05,17.75916992510711,6,6
OPEL,CORSA VXR,D,GB,5,2030,3077,1708,1168,2087,2.05,16.708489683268475,7,8
OPEL,CORSA VXR,D,GB,10,2035,3077,939,410,1439,2.05,16.708489683268475,7,8
OPEL,MONARO,V2,GB,5,2030,476,311,213,380,1.7000000000000002,20.391292174587996,5,14
OPEL,MONARO,V2,GB,10,2035,476,194,102,293,1.7000000000000002,20.391292174587996,5,14
PEUGEOT,206 GTI,MK1,GB,5,2030,355,109,56,166,1.4500000000000002,8.626055547318689,3,9
PEUGEOT,206 GTI,MK1,GB,10,2035,355,32,8,75,1.4500000000000002,8.626055547318689,3,9
PEUGEOT,208 GTI,MK1,GB,5,2030,2812,2287,855,2720,2.7,24.568780245613954,3,6
PEUGEOT,208 GTI,MK1,GB,10,2035,2812,1761,506,2581,2.7,24.568780245613954,3,6
PEUGEOT,RCZ,MK1,GB,5,2030,9368,6947,4026,8436,2.65,31.701573801524823,6,7
PEUGEOT,RCZ,MK1,GB,10,2035,9368,4699,1832,7263,2.65,31.701573801524823,6,7
PORSCHE,911,996,GB,5,2030,3845,3182,2925,3356,0.95,23.188981881342208,4,8
PORSCHE,911,996,GB,10,2035,3845,2646,2271,2940,0.95,23.188981881342208,4,8
PORSCHE,911,997,GB,5,2030,11755,10001,9632,10304,1.1,33.9133927391408,8,8
PORSCHE,911,997,GB,10,2035,11755,8471,7854,8998,1.1,33.9133927391408,8,8
PORSCHE,944,944,GB,5,2030,623,472,439,499,1.0,17.053499383149855,3,19
PORSCHE,944,944,GB,10,2035,623,359,311,402,1.0,17.053499383149855,3,19
PORSCHE,BOXSTER,986,GB,5,2030,8777,6314,5586,6875,1.85,25.96795510808177,8,12
PORSCHE,BOXSTER,986,GB,10,2035,8777,4359,3530,5217,1.85,25.96795510808177,8,12
PORSCHE,BOXSTER,987,GB,5,2030,8862,7481,6813,7909,1.4000000000000001,42.30235926246865,8,8
PORSCHE,BOXSTER,987,GB,10,2035,8862,6220,5158,6983,1.4000000000000001,42.30235926246865,8,8
PORSCHE,CAYMAN,987,GB,5,2030,4758,4007,3691,4222,1.1500000000000001,30.205676236387255,7,9
PORSCHE,CAYMAN,987,GB,10,2035,4758,3286,2781,3678,1.1500000000000001,30.205676236387255,7,9
RENAULT,CLIO 16V,MK1,GB,5,2030,98,39,12,66,2.85,15.388642249522114,3,17
RENAULT,CLIO 16V,MK1,GB,10,2035,98,9,0,35,2.85,15.388642249522114,3,17
RENAULT,CLIO RS,MK3,GB,5,2030,2541,1544,1290,1752,1.85,19.59365643666542,7,7
RENAULT,CLIO RS,MK3,GB,10,2035,2541,863,585,1139,1.85,19.59365643666542,7,7
RENAULT,MEGANE RS,MK2,GB,5,2030,702,343,232,442,1.6500000000000001,14.754212157000286,4,6
RENAULT,MEGANE RS,MK2,GB,10,2035,702,152,68,261,1.6500000000000001,14.754212157000286,4,6
RENAULT,MEGANE RS,MK3,GB,5,2030,1080,779,575,897,2.25,22.517133043639717,4,7
RENAULT,MEGANE RS,MK3,GB,10,2035,1080,509,276,710,2.25,22.517133043639717,4,7
RENAULT,TWINGO RS,MK2,GB,5,2030,612,402,242,511,1.85,20.52373048031571,5,6
RENAULT,TWINGO RS,MK2,GB,10,2035,612,241,116,401,1.85,20.52373048031571,5,6
SEAT,IBIZA CUPRA,6L,GB,5,2030,147,51,20,84,2.35,14.957958071418368,4,5
SEAT,IBIZA CUPRA,6L,GB,10,2035,147,19,3,48,2.35,14.957958071418368,4,5
SEAT,LEON CUPRA,1M,GB,5,2030,1424,483,314,653,1.6500000000000001,11.654203356699703,5,6
SEAT,LEON CUPRA,1M,GB,10,2035,1424,143,56,277,1.6500000000000001,11.654203356699703,5,6
SEAT,LEON CUPRA,1P,GB,5,2030,1204,662,499,791,2.4499999999999997,20.02160330628188,7,7
SEAT,LEON CUPRA,1P,GB,10,2035,1204,293,147,453,2.4499999999999997,20.02160330628188,7,7
SKODA,OCTAVIA VRS,1U,GB,5,2030,793,309,218,399,1.55,11.432408125024441,5,5
SKODA,OCTAVIA VRS,1U,GB,10,2035,793,108,55,184,1.55,11.432408125024441,5,5
SKODA,OCTAVIA VRS,1Z,GB,5,2030,8998,5381,3861,6449,3.0,20.134320172127342,8,11
SKODA,OCTAVIA VRS,1Z,GB,10,2035,8998,3015,1539,4504,3.0,20.134320172127342,8,11
SMART,ROADSTER,452,GB,5,2030,1881,1143,1025,1246,1.5000000000000002,17.161818093651988,5,7
SMART,ROADSTER,452,GB,10,2035,1881,667,543,799,1.5000000000000002,17.161818093651988,5,7
SUBARU,IMPREZA WRX,GD,GB,5,2030,5761,3508,3051,3903,1.4500000000000002,16.790942993142597,7,8
SUBARU,IMPREZA WRX,GD,GB,10,2035,5761,2062,1552,2578,1.4500000000000002,16.790942993142597,7,8
SUBARU,IMPREZA WRX,GR,GB,5,2030,958,589,433,711,2.0,19.450859999628115,3,5
SUBARU,IMPREZA WRX,GR,GB,10,2035,958,318,159,488,2.0,19.450859999628115,3,5
SUZUKI,SWIFT SPORT,ZC31,GB,5,2030,2148,880,577,1124,3.2,18.901276171406394,6,7
SUZUKI,SWIFT SPORT,ZC31,GB,10,2035,2148,258,76,500,3.2,18.901276171406394,6,7
TOYOTA,CELICA,T230,GB,5,2030,5070,1963,1441,2493,2.2,15.877278529965801,7,9
TOYOTA,CELICA,T230,GB,10,2035,5070,631,342,1049,2.2,15.877278529965801,7,9
TOYOTA,MR2,ZZW30,GB,5,2030,4257,2747,2328,3098,1.1,17.54693505002471,7,7
TOYOTA,MR2,ZZW30,GB,10,2035,4257,1748,1256,2229,1.1,17.54693505002471,7,7
TVR,CHIMAERA,CHIMAERA,GB,5,2030,706,562,462,618,1.7000000000000002,31.85313872556996,3,13
TVR,CHIMAERA,CHIMAERA,GB,10,2035,706,440,297,538,1.7000000000000002,31.85313872556996,3,13
VOLKSWAGEN,GOLF GTI,MK4,GB,5,2030,4348,1592,1087,2098,1.4500000000000002,10.92718549462251,4,8
VOLKSWAGEN,GOLF GTI,MK4,GB,10,2035,4348,544,249,966,1.4500000000000002,10.92718549462251,4,8
VOLKSWAGEN,GOLF GTI,MK5,GB,5,2030,10208,5960,5325,6526,2.7,22.18728744760863,5,8
VOLKSWAGEN,GOLF GTI,MK5,GB,10,2035,10208,2840,2163,3551,2.7,22.18728744760863,5,8
VOLKSWAGEN,GOLF GTI,MK6,GB,5,2030,4945,4130,3815,4364,2.05,32.83290120044576,4,4
VOLKSWAGEN,GOLF GTI,MK6,GB,10,2035,4945,3331,2826,3748,2.05,32.83290120044576,4,4
VOLKSWAGEN,GOLF GTI,MK7,GB,5,2030,7104,6634,6153,6873,1.4500000000000002,60.81254455422254,3,7
VOLKSWAGEN,GOLF GTI,MK7,GB,10,2035,7104,6141,5230,6622,1.4500000000000002,60.81254455422254,3,7
VOLKSWAGEN,GOLF R,MK5,GB,5,2030,2780,1836,1642,2002,2.4499999999999997,23.6209830546895,4,4
VOLKSWAGEN,GOLF R,MK5,GB,10,2035,2780,1078,843,1313,2.4499999999999997,23.6209830546895,4,4
VOLKSWAGEN,GOLF R,MK6,GB,5,2030,983,793,667,871,1.4500000000000002,38.26724988410146,4,4
VOLKSWAGEN,GOLF R,MK6,GB,10,2035,983,626,464,759,1.4500000000000002,38.26724988410146,4,4
VOLKSWAGEN,PHAETON,3D,GB,5,2030,549,222,119,315,2.5,16.507609144778712,10,13
VOLKSWAGEN,PHAETON,3D,GB,10,2035,549,80,28,173,2.5,16.507609144778712,10,13
VOLKSWAGEN,POLO GTI,6R,GB,5,2030,852,688,473,784,1.7500000000000002,27.50097189631746,3,5
VOLKSWAGEN,POLO GTI,6R,GB,10,2035,852,527,254,708,1.7500000000000002,27.50097189631746,3,5
VOLKSWAGEN,POLO GTI,9N,GB,5,2030,595,267,170,358,3.1,19.730598833702008,3,4
VOLKSWAGEN,POLO GTI,9N,GB,10,2035,595,80,38,168,3.1,19.730598833702008,3,4
VOLKSWAGEN,SCIROCCO,MK3,GB,5,2030,33455,26145,19740,29216,2.85,27.24971027006399,8,10
VOLKSWAGEN,SCIROCCO,MK3,GB,10,2035,33455,18923,10516,24363,2.85,27.24971027006399,8,10
VOLVO,C70,I,GB,5,2030,1114,336,209,483,2.5,16.942407266169646,5,9
VOLVO,C70,I,GB,10,2035,1114,75,30,167,2.5,16.942407266169646,5,9
VOLVO,S60 R,P2,GB,5,2030,328,227,186,258,1.1,12.652515322271055,4,10
VOLVO,S60 R,P2,GB,10,2035,328,158,110,203,1.1,12.652515322271055,4,10
