make,model_gen,country,series,year,stock,target_generations
AUDI,R8,DE,FZ2,2019,4182,1
AUDI,R8,DE,FZ2,2020,4603,1
AUDI,R8,DE,FZ2,2021,4881,1
AUDI,R8,DE,FZ2,2022,5038,1
AUDI,R8,DE,FZ2,2023,4951,1
AUDI,R8,DE,FZ2,2024,4906,1
AUDI,R8,DE,FZ2,2025,5145,1
AUDI,R8,DE,FZ2,2026,4958,1
AUDI,RS4,DE,FZ2,2019,4409,2
AUDI,RS4,DE,FZ2,2020,5249,2
AUDI,RS4,DE,FZ2,2021,5619,2
AUDI,RS4,DE,FZ2,2022,5883,2
AUDI,RS4,DE,FZ2,2023,6033,2
AUDI,RS4,DE,FZ2,2024,6882,2
AUDI,RS4,DE,FZ2,2025,7932,2
AUDI,RS4,DE,FZ2,2026,7528,2
AUDI,RS6,DE,FZ2,2019,5981,2
AUDI,RS6,DE,FZ2,2020,5757,2
AUDI,RS6,DE,FZ2,2021,6682,2
AUDI,RS6,DE,FZ2,2022,7159,2
AUDI,RS6,DE,FZ2,2023,7723,2
AUDI,RS6,DE,FZ2,2024,8644,2
AUDI,RS6,DE,FZ2,2025,10073,2
AUDI,RS6,DE,FZ2,2026,11532,2
AUDI,S3,DE,FZ2,2019,15746,1
AUDI,S3,DE,FZ2,2020,16405,1
AUDI,S3,DE,FZ2,2021,16913,1
AUDI,S3,DE,FZ2,2022,17396,1
AUDI,S3,DE,FZ2,2023,18142,1
AUDI,S3,DE,FZ2,2024,19737,1
AUDI,S3,DE,FZ2,2025,22295,1
AUDI,S3,DE,FZ2,2026,24107,1
AUDI,S4,DE,FZ2,2019,6834,1
AUDI,S4,DE,FZ2,2020,7314,1
AUDI,S4,DE,FZ2,2021,7874,1
AUDI,S4,DE,FZ2,2022,7891,1
AUDI,S4,DE,FZ2,2023,8179,1
AUDI,S4,DE,FZ2,2024,8440,1
AUDI,S4,DE,FZ2,2025,8904,1
AUDI,S4,DE,FZ2,2026,8493,1
AUDI,S8,DE,FZ2,2019,2174,1
AUDI,S8,DE,FZ2,2020,1545,1
AUDI,S8,DE,FZ2,2021,1967,1
AUDI,S8,DE,FZ2,2022,1979,1
AUDI,S8,DE,FZ2,2023,1953,1
AUDI,S8,DE,FZ2,2024,1970,1
AUDI,S8,DE,FZ2,2025,1960,1
AUDI,S8,DE,FZ2,2026,1940,1
AUDI,TT,DE,FZ2,2019,92998,2
AUDI,TT,DE,FZ2,2020,93805,2
AUDI,TT,DE,FZ2,2021,94606,2
AUDI,TT,DE,FZ2,2022,93360,2
AUDI,TT,DE,FZ2,2023,91824,2
AUDI,TT,DE,FZ2,2024,90868,2
AUDI,TT,DE,FZ2,2025,88695,2
AUDI,TT,DE,FZ2,2026,86372,2
BMW,135I,DE,FZ2,2019,1404,1
BMW,135I,DE,FZ2,2020,1393,1
BMW,135I,DE,FZ2,2021,1352,1
BMW,135I,DE,FZ2,2022,1312,1
BMW,135I,DE,FZ2,2023,1271,1
BMW,135I,DE,FZ2,2024,1236,1
BMW,135I,DE,FZ2,2025,1193,1
BMW,135I,DE,FZ2,2026,1162,1
BMW,6 SERIES,DE,FZ2,2019,22062,1
BMW,6 SERIES,DE,FZ2,2020,22769,1
BMW,6 SERIES,DE,FZ2,2021,22888,1
BMW,6 SERIES,DE,FZ2,2022,22598,1
BMW,6 SERIES,DE,FZ2,2023,22163,1
BMW,6 SERIES,DE,FZ2,2024,21818,1
BMW,6 SERIES,DE,FZ2,2025,21169,1
BMW,6 SERIES,DE,FZ2,2026,20462,1
BMW,8 SERIES,DE,FZ2,2019,1359,1
BMW,8 SERIES,DE,FZ2,2020,3008,1
BMW,8 SERIES,DE,FZ2,2021,5142,1
BMW,8 SERIES,DE,FZ2,2022,6391,1
BMW,8 SERIES,DE,FZ2,2023,7028,1
BMW,8 SERIES,DE,FZ2,2024,7730,1
BMW,8 SERIES,DE,FZ2,2025,8272,1
BMW,8 SERIES,DE,FZ2,2026,8600,1
BMW,M3,DE,FZ2,2019,10337,3
BMW,M3,DE,FZ2,2020,10263,3
BMW,M3,DE,FZ2,2021,10201,3
BMW,M3,DE,FZ2,2022,10754,3
BMW,M3,DE,FZ2,2023,11388,3
BMW,M3,DE,FZ2,2024,13350,3
BMW,M3,DE,FZ2,2025,16097,3
BMW,M3,DE,FZ2,2026,17547,3
BMW,M5,DE,FZ2,2019,3637,3
BMW,M5,DE,FZ2,2020,4586,3
BMW,M5,DE,FZ2,2021,4932,3
BMW,M5,DE,FZ2,2022,4973,3
BMW,M5,DE,FZ2,2023,5010,3
BMW,M5,DE,FZ2,2024,4936,3
BMW,M5,DE,FZ2,2025,4932,3
BMW,M5,DE,FZ2,2026,6857,3
BMW,Z3,DE,FZ2,2019,45283,1
BMW,Z3,DE,FZ2,2020,44621,1
BMW,Z3,DE,FZ2,2021,44328,1
BMW,Z3,DE,FZ2,2022,43826,1
BMW,Z3,DE,FZ2,2023,43201,1
BMW,Z3,DE,FZ2,2024,42579,1
BMW,Z3,DE,FZ2,2025,41864,1
BMW,Z3,DE,FZ2,2026,41056,1
BMW,Z3 M,DE,FZ2,2019,2177,1
BMW,Z3 M,DE,FZ2,2020,2182,1
BMW,Z3 M,DE,FZ2,2021,2167,1
BMW,Z3 M,DE,FZ2,2022,2159,1
BMW,Z3 M,DE,FZ2,2023,2139,1
BMW,Z3 M,DE,FZ2,2024,2116,1
BMW,Z3 M,DE,FZ2,2025,2088,1
BMW,Z3 M,DE,FZ2,2026,2085,1
BMW,Z4,DE,FZ2,2019,27165,2
BMW,Z4,DE,FZ2,2020,30436,2
BMW,Z4,DE,FZ2,2021,33693,2
BMW,Z4,DE,FZ2,2022,36528,2
BMW,Z4,DE,FZ2,2023,37688,2
BMW,Z4,DE,FZ2,2024,39145,2
BMW,Z4,DE,FZ2,2025,40133,2
BMW,Z4,DE,FZ2,2026,41131,2
BMW,Z8,DE,FZ2,2019,1462,1
BMW,Z8,DE,FZ2,2020,1469,1
BMW,Z8,DE,FZ2,2021,1499,1
BMW,Z8,DE,FZ2,2022,1494,1
BMW,Z8,DE,FZ2,2023,1497,1
BMW,Z8,DE,FZ2,2024,1498,1
BMW,Z8,DE,FZ2,2025,1484,1
BMW,Z8,DE,FZ2,2026,1470,1
CITROEN,DS3 RACING,DE,FZ2,2019,289,1
CITROEN,DS3 RACING,DE,FZ2,2020,261,1
CITROEN,DS3 RACING,DE,FZ2,2021,219,1
CITROEN,DS3 RACING,DE,FZ2,2022,196,1
CITROEN,DS3 RACING,DE,FZ2,2023,180,1
CITROEN,DS3 RACING,DE,FZ2,2024,157,1
CITROEN,DS3 RACING,DE,FZ2,2025,138,1
CITROEN,DS3 RACING,DE,FZ2,2026,131,1
FERRARI,360,DE,FZ2,2019,689,1
FERRARI,360,DE,FZ2,2020,680,1
FERRARI,360,DE,FZ2,2021,684,1
FERRARI,360,DE,FZ2,2022,679,1
FERRARI,360,DE,FZ2,2023,674,1
FERRARI,360,DE,FZ2,2024,645,1
FERRARI,360,DE,FZ2,2025,645,1
FERRARI,360,DE,FZ2,2026,639,1
FERRARI,456,DE,FZ2,2019,104,1
FERRARI,456,DE,FZ2,2020,102,1
FERRARI,456,DE,FZ2,2023,100,1
FERRARI,456,DE,FZ2,2026,101,1
FERRARI,458,DE,FZ2,2019,992,1
FERRARI,458,DE,FZ2,2020,981,1
FERRARI,458,DE,FZ2,2021,991,1
FERRARI,458,DE,FZ2,2022,953,1
FERRARI,458,DE,FZ2,2023,936,1
FERRARI,458,DE,FZ2,2024,904,1
FERRARI,458,DE,FZ2,2025,878,1
FERRARI,458,DE,FZ2,2026,863,1
FERRARI,550,DE,FZ2,2019,142,1
FERRARI,550,DE,FZ2,2020,135,1
FERRARI,550,DE,FZ2,2021,138,1
FERRARI,550,DE,FZ2,2022,139,1
FERRARI,550,DE,FZ2,2023,145,1
FERRARI,550,DE,FZ2,2024,142,1
FERRARI,550,DE,FZ2,2025,144,1
FERRARI,550,DE,FZ2,2026,140,1
FERRARI,599,DE,FZ2,2019,280,1
FERRARI,599,DE,FZ2,2020,275,1
FERRARI,599,DE,FZ2,2021,276,1
FERRARI,599,DE,FZ2,2022,275,1
FERRARI,599,DE,FZ2,2023,270,1
FERRARI,599,DE,FZ2,2024,250,1
FERRARI,599,DE,FZ2,2025,237,1
FERRARI,599,DE,FZ2,2026,232,1
FERRARI,612,DE,FZ2,2019,119,1
FERRARI,612,DE,FZ2,2020,121,1
FERRARI,612,DE,FZ2,2021,123,1
FERRARI,612,DE,FZ2,2022,117,1
FERRARI,612,DE,FZ2,2023,121,1
FERRARI,612,DE,FZ2,2024,118,1
FERRARI,612,DE,FZ2,2025,114,1
FERRARI,612,DE,FZ2,2026,109,1
FERRARI,CALIFORNIA,DE,FZ2,2019,812,1
FERRARI,CALIFORNIA,DE,FZ2,2020,794,1
FERRARI,CALIFORNIA,DE,FZ2,2021,793,1
FERRARI,CALIFORNIA,DE,FZ2,2022,776,1
FERRARI,CALIFORNIA,DE,FZ2,2023,754,1
FERRARI,CALIFORNIA,DE,FZ2,2024,729,1
FERRARI,CALIFORNIA,DE,FZ2,2025,688,1
FERRARI,CALIFORNIA,DE,FZ2,2026,565,1
FERRARI,F355,DE,FZ2,2019,517,1
FERRARI,F355,DE,FZ2,2020,512,1
FERRARI,F355,DE,FZ2,2021,529,1
FERRARI,F355,DE,FZ2,2022,553,1
FERRARI,F355,DE,FZ2,2023,562,1
FERRARI,F355,DE,FZ2,2024,556,1
FERRARI,F355,DE,FZ2,2025,537,1
FERRARI,F355,DE,FZ2,2026,535,1
FERRARI,F430,DE,FZ2,2019,988,1
FERRARI,F430,DE,FZ2,2020,993,1
FERRARI,F430,DE,FZ2,2021,980,1
FERRARI,F430,DE,FZ2,2022,987,1
FERRARI,F430,DE,FZ2,2023,982,1
FERRARI,F430,DE,FZ2,2024,966,1
FERRARI,F430,DE,FZ2,2025,948,1
FERRARI,F430,DE,FZ2,2026,938,1
FORD,ESCORT RS COSWORTH,DE,FZ2,2019,151,1
FORD,ESCORT RS COSWORTH,DE,FZ2,2020,156,1
FORD,ESCORT RS COSWORTH,DE,FZ2,2021,156,1
FORD,ESCORT RS COSWORTH,DE,FZ2,2022,154,1
FORD,ESCORT RS COSWORTH,DE,FZ2,2023,149,1
FORD,ESCORT RS COSWORTH,DE,FZ2,2024,147,1
FORD,ESCORT RS COSWORTH,DE,FZ2,2025,142,1
FORD,ESCORT RS COSWORTH,DE,FZ2,2026,146,1
FORD,FOCUS RS,DE,FZ2,2019,3721,2
FORD,FOCUS RS,DE,FZ2,2020,3784,2
FORD,FOCUS RS,DE,FZ2,2021,3645,2
FORD,FOCUS RS,DE,FZ2,2022,3391,2
FORD,FOCUS RS,DE,FZ2,2023,3199,2
FORD,FOCUS RS,DE,FZ2,2024,3063,2
FORD,FOCUS RS,DE,FZ2,2025,2847,2
FORD,FOCUS RS,DE,FZ2,2026,2649,2
FORD,PUMA,DE,FZ2,2019,3579,1
FORD,PUMA,DE,FZ2,2020,2774,1
FORD,PUMA,DE,FZ2,2021,2178,1
FORD,PUMA,DE,FZ2,2022,44476,1
FORD,PUMA,DE,FZ2,2023,61206,1
FORD,PUMA,DE,FZ2,2024,80795,1
FORD,PUMA,DE,FZ2,2025,97113,1
FORD,PUMA,DE,FZ2,2026,112716,1
MASERATI,3200 GT,DE,FZ2,2019,374,1
MASERATI,3200 GT,DE,FZ2,2020,358,1
MASERATI,3200 GT,DE,FZ2,2021,352,1
MASERATI,3200 GT,DE,FZ2,2022,351,1
MASERATI,3200 GT,DE,FZ2,2023,346,1
MASERATI,3200 GT,DE,FZ2,2024,338,1
MASERATI,3200 GT,DE,FZ2,2025,337,1
MASERATI,3200 GT,DE,FZ2,2026,335,1
MASERATI,4200,DE,FZ2,2019,813,1
MASERATI,4200,DE,FZ2,2020,803,1
MASERATI,4200,DE,FZ2,2021,796,1
MASERATI,4200,DE,FZ2,2022,788,1
MASERATI,4200,DE,FZ2,2023,787,1
MASERATI,4200,DE,FZ2,2024,758,1
MASERATI,4200,DE,FZ2,2025,734,1
MASERATI,4200,DE,FZ2,2026,695,1
MASERATI,GHIBLI,DE,FZ2,2019,2245,1
MASERATI,GHIBLI,DE,FZ2,2020,2320,1
MASERATI,GHIBLI,DE,FZ2,2021,2339,1
MASERATI,GHIBLI,DE,FZ2,2022,2313,1
MASERATI,GHIBLI,DE,FZ2,2023,2481,1
MASERATI,GHIBLI,DE,FZ2,2024,2488,1
MASERATI,GHIBLI,DE,FZ2,2025,2433,1
MASERATI,GHIBLI,DE,FZ2,2026,2141,1
MASERATI,GRANTURISMO,DE,FZ2,2019,1152,1
MASERATI,GRANTURISMO,DE,FZ2,2020,1213,1
MASERATI,GRANTURISMO,DE,FZ2,2021,1211,1
MASERATI,GRANTURISMO,DE,FZ2,2022,1200,1
MASERATI,GRANTURISMO,DE,FZ2,2023,1150,1
MASERATI,GRANTURISMO,DE,FZ2,2024,1084,1
MASERATI,GRANTURISMO,DE,FZ2,2025,1048,1
MASERATI,GRANTURISMO,DE,FZ2,2026,1020,1
MASERATI,QUATTROPORTE,DE,FZ2,2019,850,1
MASERATI,QUATTROPORTE,DE,FZ2,2020,854,1
MASERATI,QUATTROPORTE,DE,FZ2,2021,832,1
MASERATI,QUATTROPORTE,DE,FZ2,2022,835,1
MASERATI,QUATTROPORTE,DE,FZ2,2023,822,1
MASERATI,QUATTROPORTE,DE,FZ2,2024,804,1
MASERATI,QUATTROPORTE,DE,FZ2,2025,777,1
MASERATI,QUATTROPORTE,DE,FZ2,2026,760,1
MAZDA,MX-3,DE,FZ2,2025,505,1
MAZDA,MX-3,DE,FZ2,2026,378,1
MAZDA,MX-5,DE,FZ2,2025,71324,3
MAZDA,MX-5,DE,FZ2,2026,69538,3
MAZDA,RX-7,DE,FZ2,2025,267,1
MAZDA,RX-7,DE,FZ2,2026,264,1
MAZDA,RX-8,DE,FZ2,2025,1973,1
MAZDA,RX-8,DE,FZ2,2026,1859,1
MERCEDES-BENZ,190E 2.5-16,DE,FZ2,2019,237,1
MERCEDES-BENZ,190E 2.5-16,DE,FZ2,2020,245,1
MERCEDES-BENZ,190E 2.5-16,DE,FZ2,2021,250,1
MERCEDES-BENZ,190E 2.5-16,DE,FZ2,2022,367,1
MERCEDES-BENZ,190E 2.5-16,DE,FZ2,2023,372,1
MERCEDES-BENZ,190E 2.5-16,DE,FZ2,2024,372,1
MERCEDES-BENZ,190E 2.5-16,DE,FZ2,2025,374,1
MERCEDES-BENZ,190E 2.5-16,DE,FZ2,2026,261,1
MERCEDES-BENZ,C43 AMG,DE,FZ2,2019,478,1
MERCEDES-BENZ,C43 AMG,DE,FZ2,2020,471,1
MERCEDES-BENZ,C43 AMG,DE,FZ2,2021,473,1
MERCEDES-BENZ,C43 AMG,DE,FZ2,2022,443,1
MERCEDES-BENZ,C43 AMG,DE,FZ2,2023,455,1
MERCEDES-BENZ,C43 AMG,DE,FZ2,2024,457,1
MERCEDES-BENZ,C43 AMG,DE,FZ2,2025,451,1
MERCEDES-BENZ,C43 AMG,DE,FZ2,2026,448,1
MERCEDES-BENZ,C55 AMG,DE,FZ2,2019,254,1
MERCEDES-BENZ,C55 AMG,DE,FZ2,2020,260,1
MERCEDES-BENZ,C55 AMG,DE,FZ2,2021,259,1
MERCEDES-BENZ,C55 AMG,DE,FZ2,2022,246,1
MERCEDES-BENZ,C55 AMG,DE,FZ2,2023,235,1
MERCEDES-BENZ,C55 AMG,DE,FZ2,2024,228,1
MERCEDES-BENZ,C55 AMG,DE,FZ2,2025,226,1
MERCEDES-BENZ,C55 AMG,DE,FZ2,2026,220,1
MERCEDES-BENZ,C63 AMG,DE,FZ2,2019,3039,1
MERCEDES-BENZ,C63 AMG,DE,FZ2,2020,2937,1
MERCEDES-BENZ,C63 AMG,DE,FZ2,2021,2975,1
MERCEDES-BENZ,C63 AMG,DE,FZ2,2022,2893,1
MERCEDES-BENZ,C63 AMG,DE,FZ2,2023,2812,1
MERCEDES-BENZ,C63 AMG,DE,FZ2,2024,2649,1
MERCEDES-BENZ,C63 AMG,DE,FZ2,2025,2589,1
MERCEDES-BENZ,C63 AMG,DE,FZ2,2026,2504,1
MERCEDES-BENZ,CL,DE,FZ2,2019,6285,3
MERCEDES-BENZ,CL,DE,FZ2,2020,6171,3
MERCEDES-BENZ,CL,DE,FZ2,2021,6032,3
MERCEDES-BENZ,CL,DE,FZ2,2022,5979,3
MERCEDES-BENZ,CL,DE,FZ2,2023,5712,3
MERCEDES-BENZ,CL,DE,FZ2,2024,5656,3
MERCEDES-BENZ,CL,DE,FZ2,2025,5464,3
MERCEDES-BENZ,CL,DE,FZ2,2026,5251,3
MERCEDES-BENZ,CLK,DE,FZ2,2019,104119,2
MERCEDES-BENZ,CLK,DE,FZ2,2020,98921,2
MERCEDES-BENZ,CLK,DE,FZ2,2021,94491,2
MERCEDES-BENZ,CLK,DE,FZ2,2022,89522,2
MERCEDES-BENZ,CLK,DE,FZ2,2023,85324,2
MERCEDES-BENZ,CLK,DE,FZ2,2024,81368,2
MERCEDES-BENZ,CLK,DE,FZ2,2025,77114,2
MERCEDES-BENZ,CLK,DE,FZ2,2026,72920,2
MERCEDES-BENZ,E55 AMG,DE,FZ2,2019,1236,2
MERCEDES-BENZ,E55 AMG,DE,FZ2,2020,1187,2
MERCEDES-BENZ,E55 AMG,DE,FZ2,2021,1177,2
MERCEDES-BENZ,E55 AMG,DE,FZ2,2022,1145,2
MERCEDES-BENZ,E55 AMG,DE,FZ2,2023,1134,2
MERCEDES-BENZ,E55 AMG,DE,FZ2,2024,1103,2
MERCEDES-BENZ,E55 AMG,DE,FZ2,2025,1044,2
MERCEDES-BENZ,E55 AMG,DE,FZ2,2026,989,2
MERCEDES-BENZ,E63 AMG,DE,FZ2,2019,819,1
MERCEDES-BENZ,E63 AMG,DE,FZ2,2020,778,1
MERCEDES-BENZ,E63 AMG,DE,FZ2,2021,781,1
MERCEDES-BENZ,E63 AMG,DE,FZ2,2022,756,1
MERCEDES-BENZ,E63 AMG,DE,FZ2,2023,732,1
MERCEDES-BENZ,E63 AMG,DE,FZ2,2024,727,1
MERCEDES-BENZ,E63 AMG,DE,FZ2,2025,716,1
MERCEDES-BENZ,E63 AMG,DE,FZ2,2026,686,1
MERCEDES-BENZ,S-CLASS,DE,FZ2,2019,51787,3
MERCEDES-BENZ,S-CLASS,DE,FZ2,2020,50684,3
MERCEDES-BENZ,S-CLASS,DE,FZ2,2021,50150,3
MERCEDES-BENZ,S-CLASS,DE,FZ2,2022,51251,3
MERCEDES-BENZ,S-CLASS,DE,FZ2,2023,51272,3
MERCEDES-BENZ,S-CLASS,DE,FZ2,2024,50948,3
MERCEDES-BENZ,S-CLASS,DE,FZ2,2025,49244,3
MERCEDES-BENZ,S-CLASS,DE,FZ2,2026,47997,3
MERCEDES-BENZ,SL,DE,FZ2,2019,86419,2
MERCEDES-BENZ,SL,DE,FZ2,2020,86991,2
MERCEDES-BENZ,SL,DE,FZ2,2021,88322,2
MERCEDES-BENZ,SL,DE,FZ2,2022,88907,2
MERCEDES-BENZ,SL,DE,FZ2,2023,88708,2
MERCEDES-BENZ,SL,DE,FZ2,2024,88456,2
MERCEDES-BENZ,SL,DE,FZ2,2025,87804,2
MERCEDES-BENZ,SL,DE,FZ2,2026,87080,2
MERCEDES-BENZ,SLK,DE,FZ2,2019,167041,2
MERCEDES-BENZ,SLK,DE,FZ2,2020,166286,2
MERCEDES-BENZ,SLK,DE,FZ2,2021,165805,2
MERCEDES-BENZ,SLK,DE,FZ2,2022,162861,2
MERCEDES-BENZ,SLK,DE,FZ2,2023,159436,2
MERCEDES-BENZ,SLK,DE,FZ2,2024,156375,2
MERCEDES-BENZ,SLK,DE,FZ2,2025,152777,2
MERCEDES-BENZ,SLK,DE,FZ2,2026,148757,2
MERCEDES-BENZ,SLS AMG,DE,FZ2,2019,2338,1
MERCEDES-BENZ,SLS AMG,DE,FZ2,2020,2314,1
MERCEDES-BENZ,SLS AMG,DE,FZ2,2021,2230,1
MERCEDES-BENZ,SLS AMG,DE,FZ2,2022,2325,1
MERCEDES-BENZ,SLS AMG,DE,FZ2,2023,2299,1
MERCEDES-BENZ,SLS AMG,DE,FZ2,2024,2268,1
MERCEDES-BENZ,SLS AMG,DE,FZ2,2025,2232,1
MERCEDES-BENZ,SLS AMG,DE,FZ2,2026,2214,1
MINI,COOPER S,DE,FZ2,2019,65560,2
MINI,COOPER S,DE,FZ2,2020,72288,2
MINI,COOPER S,DE,FZ2,2021,78623,2
MINI,COOPER S,DE,FZ2,2022,82642,2
MINI,COOPER S,DE,FZ2,2023,86484,2
MINI,COOPER S,DE,FZ2,2024,92978,2
MINI,COOPER S,DE,FZ2,2025,99485,2
MINI,COOPER S,DE,FZ2,2026,103971,2
MITSUBISHI,3000GT,DE,FZ2,2019,124,1
MITSUBISHI,3000GT,DE,FZ2,2020,116,1
MITSUBISHI,3000GT,DE,FZ2,2021,116,1
MITSUBISHI,3000GT,DE,FZ2,2022,115,1
MITSUBISHI,3000GT,DE,FZ2,2023,112,1
MITSUBISHI,3000GT,DE,FZ2,2024,106,1
MITSUBISHI,3000GT,DE,FZ2,2025,102,1
MITSUBISHI,3000GT,DE,FZ2,2026,106,1
MITSUBISHI,LANCER EVOLUTION,DE,FZ2,2019,729,3
MITSUBISHI,LANCER EVOLUTION,DE,FZ2,2020,744,3
MITSUBISHI,LANCER EVOLUTION,DE,FZ2,2021,705,3
MITSUBISHI,LANCER EVOLUTION,DE,FZ2,2022,710,3
MITSUBISHI,LANCER EVOLUTION,DE,FZ2,2023,721,3
MITSUBISHI,LANCER EVOLUTION,DE,FZ2,2024,688,3
MITSUBISHI,LANCER EVOLUTION,DE,FZ2,2025,690,3
MITSUBISHI,LANCER EVOLUTION,DE,FZ2,2026,689,3
NISSAN,200SX,DE,FZ2,2019,566,2
NISSAN,200SX,DE,FZ2,2020,572,2
NISSAN,200SX,DE,FZ2,2021,563,2
NISSAN,200SX,DE,FZ2,2022,544,2
NISSAN,200SX,DE,FZ2,2023,556,2
NISSAN,200SX,DE,FZ2,2024,544,2
NISSAN,200SX,DE,FZ2,2025,540,2
NISSAN,200SX,DE,FZ2,2026,880,2
NISSAN,370Z,DE,FZ2,2019,2868,1
NISSAN,370Z,DE,FZ2,2020,2986,1
NISSAN,370Z,DE,FZ2,2021,3021,1
NISSAN,370Z,DE,FZ2,2022,2861,1
NISSAN,370Z,DE,FZ2,2023,2721,1
NISSAN,370Z,DE,FZ2,2024,2599,1
NISSAN,370Z,DE,FZ2,2025,2511,1
NISSAN,370Z,DE,FZ2,2026,2421,1
NISSAN,GT-R,DE,FZ2,2019,726,1
NISSAN,GT-R,DE,FZ2,2020,772,1
NISSAN,GT-R,DE,FZ2,2021,772,1
NISSAN,GT-R,DE,FZ2,2022,774,1
NISSAN,GT-R,DE,FZ2,2023,768,1
NISSAN,GT-R,DE,FZ2,2024,745,1
NISSAN,GT-R,DE,FZ2,2025,720,1
NISSAN,GT-R,DE,FZ2,2026,666,1
OPEL,CALIBRA,DE,FZ2,2019,5712,1
OPEL,CALIBRA,DE,FZ2,2020,5356,1
OPEL,CALIBRA,DE,FZ2,2021,5123,1
OPEL,CALIBRA,DE,FZ2,2022,5034,1
OPEL,CALIBRA,DE,FZ2,2023,4893,1
OPEL,CALIBRA,DE,FZ2,2024,4830,1
OPEL,CALIBRA,DE,FZ2,2025,4739,1
OPEL,CALIBRA,DE,FZ2,2026,4627,1
OPEL,VX220,DE,FZ2,2019,1426,1
OPEL,VX220,DE,FZ2,2020,1426,1
OPEL,VX220,DE,FZ2,2021,1433,1
OPEL,VX220,DE,FZ2,2022,1445,1
OPEL,VX220,DE,FZ2,2023,1422,1
OPEL,VX220,DE,FZ2,2024,1423,1
OPEL,VX220,DE,FZ2,2025,1401,1
OPEL,VX220,DE,FZ2,2026,1385,1
PEUGEOT,205 GTI,DE,FZ2,2019,386,1
PEUGEOT,205 GTI,DE,FZ2,2020,367,1
PEUGEOT,205 GTI,DE,FZ2,2021,360,1
PEUGEOT,205 GTI,DE,FZ2,2022,361,1
PEUGEOT,205 GTI,DE,FZ2,2023,354,1
PEUGEOT,205 GTI,DE,FZ2,2024,341,1
PEUGEOT,205 GTI,DE,FZ2,2025,346,1
PEUGEOT,205 GTI,DE,FZ2,2026,338,1
PEUGEOT,RCZ,DE,FZ2,2019,6968,1
PEUGEOT,RCZ,DE,FZ2,2020,6641,1
PEUGEOT,RCZ,DE,FZ2,2021,6424,1
PEUGEOT,RCZ,DE,FZ2,2022,6038,1
PEUGEOT,RCZ,DE,FZ2,2023,5712,1
PEUGEOT,RCZ,DE,FZ2,2024,5376,1
PEUGEOT,RCZ,DE,FZ2,2025,4973,1
PEUGEOT,RCZ,DE,FZ2,2026,4647,1
PORSCHE,911,DE,FZ2,2019,132967,5
PORSCHE,911,DE,FZ2,2020,138146,5
PORSCHE,911,DE,FZ2,2021,143720,5
PORSCHE,911,DE,FZ2,2022,148436,5
PORSCHE,911,DE,FZ2,2023,152816,5
PORSCHE,911,DE,FZ2,2024,158120,5
PORSCHE,911,DE,FZ2,2025,161841,5
PORSCHE,911,DE,FZ2,2026,166013,5
PORSCHE,928,DE,FZ2,2019,319,1
PORSCHE,928,DE,FZ2,2020,328,1
PORSCHE,928,DE,FZ2,2021,338,1
PORSCHE,928,DE,FZ2,2022,352,1
PORSCHE,928,DE,FZ2,2023,358,1
PORSCHE,928,DE,FZ2,2024,358,1
PORSCHE,928,DE,FZ2,2025,346,1
PORSCHE,928,DE,FZ2,2026,352,1
PORSCHE,944,DE,FZ2,2019,3981,1
PORSCHE,944,DE,FZ2,2020,4036,1
PORSCHE,944,DE,FZ2,2021,4106,1
PORSCHE,944,DE,FZ2,2022,4208,1
PORSCHE,944,DE,FZ2,2023,4264,1
PORSCHE,944,DE,FZ2,2024,4285,1
PORSCHE,944,DE,FZ2,2025,4295,1
PORSCHE,944,DE,FZ2,2026,4273,1
PORSCHE,968,DE,FZ2,2019,1746,1
PORSCHE,968,DE,FZ2,2020,1742,1
PORSCHE,968,DE,FZ2,2021,1758,1
PORSCHE,968,DE,FZ2,2022,1772,1
PORSCHE,968,DE,FZ2,2023,1776,1
PORSCHE,968,DE,FZ2,2024,1790,1
PORSCHE,968,DE,FZ2,2025,1763,1
PORSCHE,968,DE,FZ2,2026,1749,1
PORSCHE,BOXSTER,DE,FZ2,2019,38775,3
PORSCHE,BOXSTER,DE,FZ2,2020,39357,3
PORSCHE,BOXSTER,DE,FZ2,2021,40318,3
PORSCHE,BOXSTER,DE,FZ2,2022,40690,3
PORSCHE,BOXSTER,DE,FZ2,2023,40550,3
PORSCHE,BOXSTER,DE,FZ2,2024,40647,3
PORSCHE,BOXSTER,DE,FZ2,2025,40614,3
PORSCHE,BOXSTER,DE,FZ2,2026,39503,3
PORSCHE,CARRERA GT,DE,FZ2,2019,103,1
PORSCHE,CARRERA GT,DE,FZ2,2020,105,1
PORSCHE,CARRERA GT,DE,FZ2,2021,111,1
PORSCHE,CARRERA GT,DE,FZ2,2022,103,1
PORSCHE,CARRERA GT,DE,FZ2,2023,102,1
PORSCHE,CAYMAN,DE,FZ2,2019,10255,2
PORSCHE,CAYMAN,DE,FZ2,2020,10651,2
PORSCHE,CAYMAN,DE,FZ2,2021,11181,2
PORSCHE,CAYMAN,DE,FZ2,2022,11349,2
PORSCHE,CAYMAN,DE,FZ2,2023,11562,2
PORSCHE,CAYMAN,DE,FZ2,2024,12097,2
PORSCHE,CAYMAN,DE,FZ2,2025,12586,2
PORSCHE,CAYMAN,DE,FZ2,2026,12567,2
RENAULT,5 GT TURBO,DE,FZ2,2021,100,1
RENAULT,5 GT TURBO,DE,FZ2,2022,111,1
RENAULT,5 GT TURBO,DE,FZ2,2023,110,1
RENAULT,5 GT TURBO,DE,FZ2,2024,110,1
RENAULT,5 GT TURBO,DE,FZ2,2025,113,1
RENAULT,5 GT TURBO,DE,FZ2,2026,116,1
SKODA,OCTAVIA VRS,DE,FZ2,2021,1043,2
SKODA,OCTAVIA VRS,DE,FZ2,2022,9723,2
SKODA,OCTAVIA VRS,DE,FZ2,2023,17126,2
SKODA,OCTAVIA VRS,DE,FZ2,2024,26481,2
SKODA,OCTAVIA VRS,DE,FZ2,2025,33676,2
SKODA,OCTAVIA VRS,DE,FZ2,2026,39340,2
SMART,ROADSTER,DE,FZ2,2019,10398,1
SMART,ROADSTER,DE,FZ2,2020,10040,1
SMART,ROADSTER,DE,FZ2,2021,9803,1
SMART,ROADSTER,DE,FZ2,2022,9598,1
SMART,ROADSTER,DE,FZ2,2023,9466,1
SMART,ROADSTER,DE,FZ2,2024,9196,1
SMART,ROADSTER,DE,FZ2,2025,8930,1
SMART,ROADSTER,DE,FZ2,2026,8587,1
SUBARU,BRZ,DE,FZ2,2026,941,1
SUBARU,IMPREZA WRX,DE,FZ2,2026,612,3
TOYOTA,CELICA,DE,FZ2,2019,1359,2
TOYOTA,CELICA,DE,FZ2,2020,1210,2
TOYOTA,CELICA,DE,FZ2,2021,1118,2
TOYOTA,CELICA,DE,FZ2,2022,1085,2
TOYOTA,CELICA,DE,FZ2,2023,1076,2
TOYOTA,CELICA,DE,FZ2,2024,1017,2
TOYOTA,CELICA,DE,FZ2,2025,960,2
TOYOTA,CELICA,DE,FZ2,2026,945,2
TOYOTA,GT86,DE,FZ2,2023,285,1
TOYOTA,GT86,DE,FZ2,2024,874,1
TOYOTA,GT86,DE,FZ2,2025,1303,1
TOYOTA,GT86,DE,FZ2,2026,1259,1
TOYOTA,MR2,DE,FZ2,2019,1657,2
TOYOTA,MR2,DE,FZ2,2020,1640,2
TOYOTA,MR2,DE,FZ2,2021,1596,2
TOYOTA,MR2,DE,FZ2,2022,1612,2
TOYOTA,MR2,DE,FZ2,2023,1595,2
TOYOTA,MR2,DE,FZ2,2024,1571,2
TOYOTA,MR2,DE,FZ2,2025,1472,2
TOYOTA,MR2,DE,FZ2,2026,1467,2
TOYOTA,SUPRA,DE,FZ2,2019,1030,2
TOYOTA,SUPRA,DE,FZ2,2020,1017,2
TOYOTA,SUPRA,DE,FZ2,2021,1020,2
TOYOTA,SUPRA,DE,FZ2,2022,1017,2
TOYOTA,SUPRA,DE,FZ2,2023,1018,2
TOYOTA,SUPRA,DE,FZ2,2024,1013,2
TOYOTA,SUPRA,DE,FZ2,2025,1024,2
TOYOTA,SUPRA,DE,FZ2,2026,990,2
VOLKSWAGEN,CORRADO,DE,FZ2,2019,5111,1
VOLKSWAGEN,CORRADO,DE,FZ2,2020,5022,1
VOLKSWAGEN,CORRADO,DE,FZ2,2021,4989,1
VOLKSWAGEN,CORRADO,DE,FZ2,2022,5029,1
VOLKSWAGEN,CORRADO,DE,FZ2,2023,4968,1
VOLKSWAGEN,CORRADO,DE,FZ2,2024,4991,1
VOLKSWAGEN,CORRADO,DE,FZ2,2025,5008,1
VOLKSWAGEN,CORRADO,DE,FZ2,2026,4959,1
VOLKSWAGEN,GOLF GTI,DE,FZ2,2019,2379,6
VOLKSWAGEN,GOLF GTI,DE,FZ2,2020,2429,6
VOLKSWAGEN,GOLF GTI,DE,FZ2,2021,2546,6
VOLKSWAGEN,GOLF GTI,DE,FZ2,2022,2646,6
VOLKSWAGEN,GOLF GTI,DE,FZ2,2023,2709,6
VOLKSWAGEN,GOLF GTI,DE,FZ2,2024,2760,6
VOLKSWAGEN,GOLF GTI,DE,FZ2,2025,2807,6
VOLKSWAGEN,GOLF GTI,DE,FZ2,2026,2799,6
VOLKSWAGEN,PHAETON,DE,FZ2,2019,14999,1
VOLKSWAGEN,PHAETON,DE,FZ2,2020,13808,1
VOLKSWAGEN,PHAETON,DE,FZ2,2021,13035,1
VOLKSWAGEN,PHAETON,DE,FZ2,2022,12235,1
VOLKSWAGEN,PHAETON,DE,FZ2,2023,11315,1
VOLKSWAGEN,PHAETON,DE,FZ2,2024,10575,1
VOLKSWAGEN,PHAETON,DE,FZ2,2025,9766,1
VOLKSWAGEN,PHAETON,DE,FZ2,2026,8822,1
VOLKSWAGEN,SCIROCCO,DE,FZ2,2019,44947,1
VOLKSWAGEN,SCIROCCO,DE,FZ2,2020,42690,1
VOLKSWAGEN,SCIROCCO,DE,FZ2,2021,40883,1
VOLKSWAGEN,SCIROCCO,DE,FZ2,2022,38555,1
VOLKSWAGEN,SCIROCCO,DE,FZ2,2023,36756,1
VOLKSWAGEN,SCIROCCO,DE,FZ2,2024,35052,1
VOLKSWAGEN,SCIROCCO,DE,FZ2,2025,33060,1
VOLKSWAGEN,SCIROCCO,DE,FZ2,2026,31165,1
VOLVO,C70,DE,FZ2,2019,7286,1
VOLVO,C70,DE,FZ2,2020,7175,1
VOLVO,C70,DE,FZ2,2021,7103,1
VOLVO,C70,DE,FZ2,2022,6977,1
VOLVO,C70,DE,FZ2,2023,6836,1
VOLVO,C70,DE,FZ2,2024,6695,1
VOLVO,C70,DE,FZ2,2025,6567,1
VOLVO,C70,DE,FZ2,2026,6390,1
